label,X_proj,Y_proj,EdadMa_best,Moho_Z_best,Moho_Z_var,Bario_ppm_best,Azufre_ppm_best,Cromo_ppm_best,Plata_ppm_best,Bismuto_ppm_best,Mercurio_ppm_best,Antimonio_ppm_best
1,4711243.797111698,2128472.7102239532,74.16409706165247,44.76112214393571,8.73255575559536,477.7121561099368,198.1595238621022,211.46222689254424,0.2433435895876259,0.1263265751262852,6.428673653475369e-05,0.338982248121817
1,4716842.366201522,2147627.5286410516,24.469879894147294,46.62124534815997,8.379027710490995,156.13069241692443,2756.142411657449,626.2537420620278,0.1113057999833165,0.1479299735278017,0.0001192343874641,0.6811670233592367
1,4716062.990371129,2153647.446962193,31.422562568804526,47.03010448494979,7.071767250224156,438.038815550111,1735.0634490372236,1046.9712625853458,0.1425886836524404,0.1153261979742797,0.0042034659071176,1.0857993897767315
1,4717069.1353517575,2155479.8437215807,43.68310408669295,47.27153455533178,6.36213225205364,727.9569274490857,1927.8351582947516,253.89655800012903,0.150558456000889,0.1225273195860101,0.0167125519906826,1.5161819303497184
1,4726681.069524687,2170417.501443012,75.34929720667783,49.48881506056171,3.261512920890908,160.2526635127566,1467.574207269073,201.68487675983687,0.1059683808726348,0.1002128944635452,0.004635347456112,0.1344170875537379
1,4723147.153206548,2238660.876121764,398.9150012202239,52.4827819387451,7.703717387234072,359.4180531545541,320.2683556141243,463.1443627648625,1.5480942279840637,0.2498086553282249,0.0309184468974446,0.8543382344140052
1,4724670.093421465,2238885.1428972427,625.3473494386635,52.609475999392025,7.771634874191563,328.67651874637284,332.54703033885863,402.31874478096057,1.8273011713588576,0.2854746104539383,0.0322360788116929,0.8577165344036585
1,4722561.269402969,2241189.958651047,303.3018192694772,52.14094012728339,8.248186563074196,282.8030261901051,218.82049169228324,749.1828752299556,1.5585623183195934,0.25928428456056,0.0310894227037455,0.5728904478110765
1,4722567.296159009,2241294.341651104,315.1203594937223,52.13021680021906,8.26720567885651,283.9137100917152,218.28049570652811,761.9707169088589,1.560663138390732,0.2571066755302517,0.0310750423482168,0.5718530499018639
1,4721832.757948242,2242098.4844761956,399.56025601265264,51.96232262749258,8.416702093374546,286.00338950459,166.05085252372243,1080.602524782953,1.4351506132296448,0.2106458694369403,0.0318765717961839,0.5658592462864134
1,4720413.4897413,2242298.2261989852,393.1098438698932,51.77581150689689,8.48766773262966,289.4210461250883,161.37274341037008,1497.3792966227556,1.154668768341424,0.1828050024922781,0.0320352316059082,0.5465457485896437
1,4721166.495266366,2242590.4105115538,365.1020609902563,51.83375941877342,8.50883979974914,286.14217995857666,162.12752854425227,1341.5123734120443,1.3348403456946023,0.1908135808328905,0.031878950360454,0.549456909265592
1,4720945.600259028,2242601.082140726,372.6374357537613,51.806912685829786,8.516553115819601,285.3244933003785,161.4520497816415,1420.5995064262638,1.3046031652852603,0.1875358457195483,0.0319058734549225,0.5476758202660583
1,4720985.737900783,2243220.7308123326,387.0600266802827,51.74590513065876,8.603718165356975,270.140883825655,110.47054965917076,1560.673806541058,1.2173849974109867,0.1798602944256496,0.0329014927865554,0.4668156209233144
1,4720480.6801229585,2243390.9247428467,395.26643922609617,51.66858653114393,8.641456936521847,259.4456100631484,109.16345444468344,1936.193190141479,1.1466960199969152,0.1690068972766922,0.0329542391738072,0.4633663861678391
1,4719852.769756676,2251743.3595191496,208.1144380089552,50.75246383051653,8.979520670080241,227.9915209049742,45.6846684560155,669.0792251531158,1.6948260135240902,0.1686209741413067,0.0505437466527887,0.3273228220545385
1,4716683.948391363,2265514.958342587,113.14575200722194,49.152723550538056,6.674526334432795,372.8967477774113,254.38804248622705,244.8382804533198,1.939223168534621,0.1007308137781222,0.0590964905026129,0.2937862057577808
1,4716693.478910211,2265540.0195007287,112.69676874691696,49.15174039057423,6.665575781730937,361.8127363132917,254.45872300845235,259.7782367583554,1.938289204659192,0.1009523379845424,0.059091735565975,0.2938988392282432
1,4716695.24289603,2265560.9161632373,112.19066264905032,49.15019947846813,6.659223513631314,361.3414933613958,254.51816899299388,260.6995090812097,1.9363493218894456,0.1010979432150353,0.0580678306906759,0.2939936499642054
1,4716479.072532146,2265703.465822004,104.1242194992794,49.11301140591919,6.658123620405025,398.844848214904,254.9191582154041,230.2430475640363,1.842150973584895,0.1005436673301309,0.0619232660712248,0.2946950003096171
1,4736939.618698835,2331776.2206812357,138.1262165758804,44.77726206153418,6.550204051199126,314.9696520215241,286.27451756916616,445.7222518021164,0.1256390541184852,0.1083637442689731,0.0452477334592745,0.3670451083000987
1,4702672.182085501,2138908.6186698526,68.63509691877675,44.81189220455589,10.168893203060204,1450.3736059289668,160.77974069440586,245.50251148387903,0.9328684748543896,0.2443365403238299,0.0001578542331197,0.559345454338823
1,4782299.102091319,2175562.367450266,94.50070878370046,52.53457395926299,5.686595247706504,1104.6338424395096,169.60759735250136,148.0820955395321,0.137743293749212,0.2220084529297857,5.014107131492966e-05,1.1830881678075902
1,4731734.79789884,2104323.347364554,18.841276126239062,44.49638861063899,7.039348526947816,1041.9427780537744,4189.755717780043,211.88713694841653,0.0956295211814918,0.2185936323265876,1.0440402576314862,19.452066270939284
1,4729861.692353847,2104597.3845974957,12.72886619348274,44.37661442344599,6.0877313668979705,1034.7656419590471,3666.6780866352674,225.34247858536077,0.0972704281945579,0.2273920700062326,1.0466930596613029,19.93214431270401
1,4729714.549440246,2105124.4663131,13.1759430962013,44.38765525270474,5.797320092226781,1043.0633871251875,3649.024853615752,206.41150307598363,0.0996904117636734,0.2392607482365607,1.0443420425938776,19.88808956637273
1,4729980.484276318,2105171.045998583,14.453109091554758,44.40845241724446,5.898347552447548,1053.2624142241837,3655.662411382417,205.1050840372241,0.0996686185365866,0.2462547944175267,1.044709426814371,19.891640911945395
1,4729979.526586036,2105182.1089783655,14.476474197682329,44.40884367846789,5.893369461959471,1053.7411151619242,3655.3705037606287,204.7841652061028,0.0996697914185757,0.2466450341445127,1.0446666317901483,19.89081138637266
1,4730042.557705643,2105189.951167347,14.754616804828302,44.41365372107032,5.918967519655313,1055.945967606866,3656.975994815981,204.61802943004272,0.0961188129440928,0.2482062657160206,1.0447592021054706,19.8917788662939
1,4730013.5373216225,2105201.006487373,14.66342968529757,44.4120490166422,5.901173232729834,1055.627771939093,3655.88911910804,204.27882397439944,0.0996683500073124,0.2480530116297516,1.0446630313505787,19.890278817387685
1,4729898.562273004,2105214.25734091,14.218953035831245,44.40441840027189,5.843228643242757,1052.712374331545,3652.27795461665,203.75297075354703,0.099680819252239,0.2465616758022742,1.0443857018225626,19.88637998813884
1,4729685.615868004,2105219.573565399,13.306944942717784,44.38949822176572,5.744367190645678,1045.8166142930413,3645.8979799858616,203.1197457822354,0.0997027099406749,0.241502538955721,1.0439110560088392,19.87995913100792
1,4730022.706037632,2105220.9904817916,14.750295153638236,44.41353422249908,5.897217902985819,1056.8518637853113,3655.674373093421,203.72432469583208,0.0996694064082713,0.2490125386165357,1.0446075129009291,19.88906196147659
1,4729943.653486376,2105230.0175028876,14.4487436335854,44.40828129414296,5.857341314169611,1054.8605309087463,3653.20370381293,203.37807651686865,0.0996779313642288,0.247670131609403,1.0444183483143492,19.88640660294121
1,4729992.568777075,2105229.94861652,14.650069339318206,44.4117613452502,5.879755221893296,1056.3731412340192,3654.604750739973,203.44262538810696,0.0996731762236803,0.2487301678576953,1.0445158380599455,19.8876637605976
1,4729722.721479165,2105235.473540583,13.516707939858762,44.39278843323278,5.754518616214378,1047.7508056534432,3646.626965820493,202.77102980931795,0.0997004683819228,0.2429778283477274,1.043932357120778,19.879856767346137
1,4729823.661546458,2105236.319441062,13.958550373475363,44.40000248540711,5.800009775327706,1051.24054590427,3649.57890409848,202.9890442320108,0.0996903798727572,0.2455625283635646,1.0441473443677058,19.882703588366397
1,4729893.669994653,2105241.2604099144,14.26933559135078,44.40518956700228,5.829890081041494,1053.777593614643,3651.4976133557375,202.9852826719884,0.0996839175386093,0.2474339476857949,1.0442749557816438,19.884259886568444
1,4729931.607648016,2105242.1165291406,14.43013563202492,44.4079263072026,5.846876365019934,1055.0416549240429,3652.571528333137,203.02292146469256,0.0996802774490061,0.2478554192739498,1.0443492418541875,19.88520724811334
1,4729930.779153098,2105258.1558013638,14.468766352898696,44.40853391436199,5.839931409852159,1055.7652643089914,3652.169536269632,202.5782008721937,0.0996819054234031,0.2484429979027587,1.0442881826913732,19.88401297742357
1,4729718.80475589,2105286.4721559016,13.645701952294791,44.39460924343504,5.731535920047831,1049.731428014624,3645.3157917072094,201.3440676673185,0.0997057933381819,0.2445673617622171,1.0437289784640584,19.87587533686248
1,4729810.7896247925,2105295.3137220885,14.06689582227193,44.40152637114943,5.769807769923616,1053.4088052861634,3647.818581405879,201.33502657547075,0.0996973515937668,0.2473354534252743,1.043897948257274,19.877942965388865
1,4729884.75729362,2105321.2531179907,14.44904471761516,44.40787703447318,5.793047948144453,1057.203737618889,3649.365905909121,200.79621977344004,0.0996924737968346,0.2497465485313796,1.0439592633747024,19.87813837199649
1,4729816.8299065605,2105339.308269777,14.21755556013714,44.4037808798704,5.754504857984275,1055.6274266175133,3646.972881093589,200.1767182944546,0.0997009461842424,0.2491095998376175,1.0437464065052406,19.874854427465834
1,4729806.982484125,2105406.3648781423,14.3727425449087,44.405864215785456,5.722579123137357,1058.4049098651808,3645.1432095529767,198.43158593120916,0.0997082675563076,0.2513718889005054,1.0434751418218091,19.86960464229564
1,4729929.953829157,2105426.1521882997,14.926314849687772,44.41548568329181,5.77135263425903,1064.054935120061,3648.2507512496086,198.20834582800703,0.0996979187810241,0.2551659348687747,1.0436701443648455,19.87179600667232
1,4729863.010202207,2105440.222317784,14.700854094299103,44.41128321871746,5.734687488499065,1062.2365185383348,3646.000878487685,197.72540895166168,0.0997058405650078,0.25388198628723,1.0434740466039223,19.868814376907544
1,4729872.142421756,2105450.2529066987,14.76696377375826,44.41235621334158,5.734860345449047,1063.1009353541936,3646.037229072973,197.50178939079447,0.0997058681008781,0.2545580540123328,1.0434573273743528,19.86835784689087
1,4729867.986023656,2105466.1938139773,14.797662462877785,44.41272542906015,5.726503049293159,1063.7549439282425,3645.555733719054,197.1081946673258,0.0997077614292564,0.2551000307561897,1.0433898963155286,19.8670749834472
1,4729707.053927158,2105469.4392376193,14.153497608579045,44.40133965199534,5.650832099844947,1057.3314124601618,3640.7740374042414,196.5992921926685,0.0997242811265305,0.2506827624630722,1.043011643447685,19.861763605575643
1,4729631.092246059,2105504.5557929436,13.951129771552026,44.39735976759338,5.601494638966513,1055.6482108887242,3637.727117530931,195.5069438842118,0.0997353564925414,0.249424540981437,1.0426981677268248,19.856569345983544
1,4729846.078278979,2105511.1757441424,14.846713937864363,44.4130386492325,5.698222718527132,1065.1961931769338,3643.907947205089,195.9939649368509,0.0997140969499003,0.256327643637799,1.0431768840366529,19.863138026985474
1,4729557.197790863,2105528.7159578283,13.72246418577431,44.39306935348555,5.557591720412837,1053.3898768760748,3438.565980840072,194.6618316218731,0.0997452989459292,0.2476734993770431,1.0384265885113724,19.820116443628475
1,4729644.180211166,2105534.589506865,14.1060442523269,44.39954315004161,5.595249459225304,1057.5756301877657,3637.449204051315,194.84727565738496,0.0997367632676009,0.2508247766370535,1.0426174058662894,19.85477011546377
1,4729776.187878893,2105538.3070117906,14.65436914373868,44.40916183246386,5.654841396642016,1063.6110377571604,3641.265954684536,195.1811708668481,0.0997236036243435,0.2554959605090116,1.0429179194906384,19.85893648990921
1,4729663.190717954,2105576.5456993515,14.325379771285256,44.40265115157051,5.586970795601372,1060.3834662434735,3637.0868701143545,193.95364860472367,0.0997386313837221,0.2530563961658797,1.0425074275594506,19.8523035636974
1,4729728.192604618,2105577.412749433,14.589750233150776,44.40735225345163,5.616776843315234,1063.422295958014,3638.990038129656,194.1502654767766,0.0997320437790025,0.2554204417694695,1.0426611605063358,19.854473482157
1,4729802.237709942,2105594.28287961,14.935995561341793,44.41337619434904,5.644464972303041,1067.664362317477,3640.78560113221,193.9980796017664,0.099726075966762,0.2587285771495792,1.042773876715397,19.85570602425242
1,4729819.22314666,2105598.312485757,15.01460128851314,44.41476586909379,5.6507796926753375,1068.6494922230593,3641.1907152564686,193.9572222444729,0.0997247347251567,0.2594954164580873,1.042798657585398,19.85596866082242
1,4730720.712304187,2105642.782853119,17.99613777658932,44.48162923374451,6.061452244096623,1104.8753202097994,3664.763728510024,192.1110471414108,0.0960890957203381,0.2811269986993321,1.0444157126673497,19.876448393726847
1,4729725.377108854,2105656.3878311855,14.843064947337796,44.41045547666344,5.583719814316604,1067.2915438543962,3637.17654216099,192.4225399510578,0.0997394574803201,0.2585496420067728,1.042364963277037,19.84858916721191
1,4729723.3286136715,2105672.431616443,14.88980337428361,44.410981028836645,5.576342588377045,1068.023167553077,3636.76794319264,189.74764527859253,0.0997411010195114,0.2591443082965368,1.042301497046407,19.847346903882865
1,4730912.695184433,2105668.5120669906,18.472622872013652,44.49662992132754,6.144662138744013,1108.0584426351322,3982.763345851275,191.4394069720852,0.0972613992042988,0.2826526696571148,1.0715114267182368,19.9783792575708
1,4729689.409364711,2105678.41782491,14.779111335836957,44.408790893002994,5.558091571166679,1066.632255562224,3438.6670696119977,189.4928654209253,0.0997451080815934,0.2580612548900859,1.0382173016804312,19.8142216176228
1,4730082.620936323,2106162.7049512467,17.702763692179726,44.458033230062206,5.560218133499351,1124.1446722806843,3438.193291318925,183.629799757797,0.0997472377357532,0.3040396072512384,1.037467855016562,19.79437962400386
1,4722629.177862668,2106397.8423282676,50.6486637559739,43.96344127207797,3.023901620158192,638.7997394956458,2968.283366582626,175.70847495753995,0.7680991679550825,0.1520258161161056,0.9504599828253664,18.30355554858169
1,4721777.305367407,2113905.676585101,57.11085365385632,44.28207915701948,1.9546745532719485,785.6454202742044,2632.169839001374,104.84223809396974,1.237122051086485,0.0994120971458529,0.9426086954961,18.08335590681345
1,4733760.26581037,2115202.018785852,55.98156166562138,45.270985228870735,6.676607983422363,1038.92961893652,824.9903951917952,180.0548447299649,1.3631298024620304,0.1252064028833374,1.0264707223497878,2.1971634463560603
1,4733000.446312902,2116333.3106507133,47.11486714607192,45.29400838406231,6.485128749416575,969.8665713825576,800.5915618006708,206.32850726731587,1.2899933540409,0.1283856255782753,1.0184188142983497,1.0595319804223642
1,4733215.402622611,2116431.7167863883,47.561068797127774,45.31791317125016,6.5959065390355445,979.317448788723,470.6417425767075,201.9879811415607,1.2931307161564622,0.1264538882737022,1.019000610441068,0.921816103668977
1,4733027.9175237045,2116713.9798988113,46.26148438214904,45.324331830887004,6.561075510439979,946.5878485908988,469.3259321376812,208.3213339889945,1.30024570349933,0.1267979394749128,1.0180605710995103,0.9196354338925096
1,4710245.0494621545,2116845.8881870224,100.52250203080104,43.95857476438998,6.874895070780744,622.05189266682,481.3830635159165,126.56031841205194,2.060162617152369,0.1017138433801534,0.0671167714024807,1.24029086812241
1,4704810.9786324445,2120056.523350907,95.51760984444547,43.86918778247813,8.523335095964365,716.5842139714134,195.59749917998937,122.70301456429551,1.1694280993475936,0.0965353898228965,4.539490535558659e-05,0.4666109784637205
1,4713714.3245375585,2120419.358532847,113.18030033810224,44.35387535767895,6.621499841560105,478.26287370962353,425.7047410294219,221.9798388286658,1.8610434256665835,0.0751610224853188,0.0563747635900816,1.095113850422854
1,4699740.070577554,2130617.054380856,58.16416090149967,44.128385026337696,10.01330706499281,720.537424358262,178.9229905100345,173.17781368111946,0.051146506968749,0.1612867910638976,6.655320544988647e-05,0.4289139549389582
1,4760388.966181505,2130721.745842668,205.4903432629495,48.26900944887503,14.081789925370376,633.4243850739844,268.3409663278967,103.69335587532872,0.0815250834049926,0.1517530088239635,0.0025131753120576,0.3233371207961671
1,4706983.616941844,2131416.6539194337,52.56211696223811,44.671204510907344,9.546497637246937,928.3548224499758,173.03456929808752,111.34374668560484,0.0469027155140734,0.100978721357611,7.198795923652977e-05,0.3319167869022426
1,4756261.499320925,2131319.561485274,150.32557044992993,48.09541051505269,13.361658740387288,623.3744852732771,142.284956693878,120.4472422809735,0.2486882470465138,0.0978499052907296,0.0062137195857641,0.3752815558557638
1,4700976.116974898,2131533.9020865527,58.78112392996511,44.26265263056391,10.011080513077308,1120.2454755214394,174.65798294692306,236.1034548786756,0.0496425983940546,0.1346935848259216,7.38262972241699e-05,0.3481333928887676
1,4705968.115019186,2131758.272062836,52.21198862115335,44.622446374595945,9.666940801344452,970.9138701696156,175.54833475197267,114.27128288615008,0.0471014751439996,0.092991510533591,7.262114614819945e-05,0.3301257916340508
1,4707386.272402215,2131998.9015249163,51.41861793153787,44.73637902461458,9.560521821692546,910.8923211692278,172.63569081792812,95.59309670831232,0.0414036613475875,0.1024456284553987,7.13737821566345e-05,0.3271111449914428
1,4705971.464631757,2132557.224888423,46.64136534887892,44.67250565785601,9.728101567774669,986.5819213354492,171.84170783597688,119.2409079761569,0.0399042513470558,0.1060800869993763,7.254667480282119e-05,0.3234214910130185
1,4707882.739083962,2132979.9584036623,44.69630470815077,44.83504472980804,9.595707116918636,869.173938220674,192.50387665985184,157.53823341724606,0.0390268171469305,0.1083385188958335,0.00010186880436,0.4280871708058514
1,4706990.508527129,2133198.3865743624,44.90827281162355,44.78555069125285,9.688450885961885,935.840494187479,168.3091995694701,140.46697915470577,0.0391061401578837,0.108261447151829,0.0001015114182944,0.5457056335769761
1,4700461.071250702,2133502.5678864256,55.765649821567926,44.33369303861471,10.145704070419752,1571.6749602834768,162.34974597903573,194.2479175733912,0.0448550250337744,0.1062856037878172,9.831081281545296e-05,0.2964807072262186
1,4700688.469661116,2136359.871196664,58.095852866309535,44.508663009288014,10.2367974969246,2414.086339804644,162.79833163731638,160.17743090440644,0.0373086323299884,0.1636740027055099,0.0001159175997054,0.4378044755380302
1,4698230.276197831,2137722.0477097235,55.788535663425705,44.39086757190549,10.340821605770492,569.8681658769476,163.034075003581,301.08198408402194,0.0341127814554477,0.1361605297832013,9.725889987353593e-05,0.351710289842407
1,4700852.846215678,2138479.392304676,62.8041820833495,44.64108143885943,10.25770248724569,1458.6937648831936,161.0771745332627,121.23368224531995,0.034696437882245,0.2306206935839256,0.0001146688849285,0.4985788517084188
1,4701468.253439073,2138599.41660036,65.8399585298973,44.6971992978733,10.230214377605932,1577.1128918666966,163.0385763701506,132.44800063904282,0.0349449848758372,0.2535402533523163,0.0001495814772078,0.7605434061718106
1,4703348.558581367,2138898.088052244,67.79672541548689,44.86552999720516,10.130516591786275,1279.9488931986757,160.6987525529415,236.02610476550927,1.094945959176418,0.2182801782491368,0.0001606395342692,0.5667462087466117
1,4693466.395657791,2140783.9867263297,54.302316917574935,44.15186681163704,10.35033844085846,489.7408685341416,190.33110936799304,630.5554980655759,0.0381248231532632,0.1239555098755374,5.227616013884633e-05,0.4243684362258767
1,4718308.271174325,2140779.889494815,63.42922364576685,46.19923134499308,9.091058962973982,908.732340413543,1273.3707106440631,169.90705931844653,0.5940285154225668,0.1190358762739526,0.0002020713837225,0.7374136957471125
1,4717889.791727515,2141610.5823435187,56.57706218852224,46.231569571565146,9.063182670531194,889.2995102670658,1358.3084594039904,193.04050755743663,0.5584473368124695,0.1182426262341882,0.0001961878491569,0.7194276027974622
1,4716988.573683436,2142491.0461103916,42.27023034693255,46.227619291045215,9.044366571182998,825.2303268959507,1418.1379806137563,849.7869011712179,0.5410370861633845,0.1168153580002335,0.0001867893008553,0.6732456414773955
1,4701672.5958000105,2143674.359487633,71.53534680648393,45.01240182452084,10.108587392995116,890.9945973687383,174.25616512302125,189.1947200819897,5.719820703429775,0.402870522921442,0.0001731363815092,1.040295989365022
1,4741935.168313459,2145839.964360331,134.73861186051448,48.47697754892543,10.197976346396944,732.1350242957998,134.7508227767349,81.77871862228078,0.0679792559376765,0.1089433798840231,0.0425827789756347,0.8164042357270672
1,4782702.091861658,2146086.543238108,75.820654383811,50.3933237529255,11.684435962142013,634.3442009367635,147.65165873373297,112.03151971895046,0.2824115709588672,0.2294742480404946,0.0048938072561345,0.7868291718076194
1,4722735.331774984,2146431.1890767906,60.02076701681377,47.02644951249098,8.358491117356468,891.9007373198356,2129.7840245539346,150.80171950457472,0.1387732458949802,0.1407574799243332,0.0003752444215239,1.4531724100903134
1,4722746.518382123,2146483.347668009,59.95906506782556,47.03177700873628,8.349033775170982,884.594344361569,2127.957144105852,149.03876559252473,0.1387736763377574,0.1405186033323954,0.0003867560497834,1.454787997479694
1,4722717.8381804,2146491.4272215003,59.825116539154784,47.03005635239679,8.347550762975404,885.129511717206,2129.136196653723,147.95368115363132,0.1387248601072827,0.1404996725273812,0.0003896483125533,1.4518622775009282
1,4707734.837880752,2148712.4196844427,12.288159665462,45.8849418817016,9.203518727218714,282.0678058965816,822.2653754067071,113.30749458713072,0.9456459318265248,0.1027434440816415,1.580799638129574e-05,0.6838540682202894
1,4711191.236145782,2150694.0979078836,8.090863322206388,46.3481346358893,8.472055128553883,139.95513101456444,1726.0226590618272,196.0993652773224,0.1642944587984489,0.1052022696947237,9.443237715159902e-05,0.6418315321316199
1,4694647.425062999,2153935.6230662083,37.10110689980292,44.90315959648518,9.62410980139999,239.6649969471205,445.2417709857368,67.61627227105893,0.1103661561619122,0.1064410011625081,0.0001094926513971,0.4102837533548258
1,4684016.047222293,2154902.8812015955,63.34746723205008,43.793301100124665,8.551260795885934,190.53037547707208,878.0416790332107,260.26416010249056,0.0997030284387458,0.1174303593044435,0.0011988563838533,0.2948121597909487
1,4734649.69775977,2156650.603803604,86.70207081528524,48.91781772964306,7.309118337529853,722.7800719970966,1261.0315605779865,112.54653070108924,1.356925505684707,0.1636054092327402,0.0375751545969659,2.67808879655957
1,4723103.236024552,2157249.0652458505,64.2128530541561,47.978258495262985,5.025036478192549,386.3021017435064,2167.607160820835,65.01770036361252,0.3436684848843042,0.1006364362331473,0.0089180216658432,5.566980341842042
1,4700927.710486038,2159445.683661335,18.634005759810503,45.902432315331865,8.932985129187264,236.22724024468903,837.751465809371,41.652321789385766,0.2302140163786602,0.1167469167084639,0.0003648116519282,2.014418404963228
1,4700952.908271644,2160989.48584154,17.83861357170742,46.00283322676856,8.833868764404542,204.4848165488082,1109.6609196439963,51.64463768477383,0.2386442288598671,0.1369947030857916,0.0179900070828514,2.3096951001289376
1,4711902.41783804,2163491.4649279583,42.33847135634778,47.39322453310757,6.027178759121556,202.94920394478967,1997.2703846835127,86.52202619251771,6.13333333248932,0.94095891134973,0.0004638927795568,5.527112875962411
1,4710907.747086416,2164159.4513875535,20.0059009228456,47.338637012997474,6.329851097995134,187.05052868558104,2866.5462967012827,66.34752963409206,3.300550749531514,0.5526966225736305,0.0085885559579635,3.9847996989751744
1,4739758.319654709,2164553.2624121294,86.94483056646479,50.04363767884304,7.671343534752831,705.4804944713106,251.05298363996584,70.75441901237774,0.5492256735090109,0.2389077175787169,0.0284591689390808,1.829566006574224
1,4740903.701127345,2165565.643720804,92.41100221366692,50.22108466852726,7.920464990237361,659.0587188056644,253.30585698974272,74.17103897911574,0.3185301293227028,0.2986854599443127,0.0289822077884198,0.7386578797948969
1,4720527.900939849,2166662.270019382,66.59737620121503,48.543631739702704,1.659346632754703,1528.5505717791098,2423.111545460112,101.05448938938844,1.206267509194946,0.1597202848319504,0.1388000532796151,2.510231032087517
1,4677821.705572092,2168846.182774158,20.427379891387897,43.45956103132311,5.570279027921793,759.8309649801581,403.1648265970086,164.7217549485277,68.09091415374893,0.256521627236433,0.115376579418308,4.4584024648368
1,4715839.5822954895,2171660.1499948264,18.76572470356612,48.498931320105726,4.996637849873189,211.62330222763268,2404.3658316204246,46.19765757572338,2.041930052293845,1.1928542824038253,0.0054777999931661,3.7460902169884434
1,4677830.280453953,2171998.1529984307,15.72971008806286,43.5671027473839,6.013273737759444,891.8064508584871,301.1640873279937,146.24444711378925,164.9226688486767,0.2715288552928718,0.0511483789681709,8.893639727213536
1,4679211.84982239,2172015.6087277816,15.903202296570752,43.75737141943297,6.468153851573854,991.685572042458,677.1218568685548,127.98442095303228,87.28064302075366,0.4390433425771302,0.0347177327535742,21.761784510100227
1,4679001.134767627,2172065.0997853344,15.859322751127836,43.730164365332335,6.40869842749157,978.2887652034472,602.2510135007634,127.14823785537304,96.82749177211136,0.4144305247647584,0.0405193868830121,17.585642917123465
1,4724302.068364879,2172042.548389479,74.05261659375037,49.41333386555494,3.476940657403793,658.2091780083942,1386.9387085996268,184.6692297520694,0.2908645244836524,0.101929564359381,0.2576152904287642,0.9585734292644048
1,4714764.719343051,2172201.9312474215,6.206943411210074,48.42655789060151,5.503401784966055,157.7559722239319,1629.8724665760235,38.65955323276485,1.493131215446157,1.4713693911217718,0.0003709690521747,3.024846377005739
1,4677764.039147223,2172684.7769070636,15.401512639835977,43.5821513517691,6.12127689845635,990.8326426246426,489.33445782149295,119.97535329190818,127.06219627200018,0.3703209828955647,0.0526917874631685,8.817134112739279
1,4674689.766245473,2172797.0088728764,14.634866883710332,43.167836038400765,5.146011210507875,768.6579411261636,1227.2481424720736,162.83319008017182,2570.6692268313063,2.598891376554449,1.6308272790510356,11.213159592714067
1,4674502.473000283,2173187.4019183344,14.38966620932072,43.15583934136196,5.201261928098752,788.542690140981,1224.6822783285152,172.77246590115735,2709.1341192689783,2.6336374148983364,1.6325108247060425,13.692249007405085
1,4679191.355250451,2175429.6823125132,13.202946864942676,43.879872528109175,7.071302344513519,1130.1915141955071,343.0366796252205,128.73787211264474,162.77921094994676,0.2939475808256713,0.0278348179013369,7.152166861318455
1,4720359.654001686,2175351.27783514,74.75579508236477,49.32273571524723,5.175654553665456,755.8566202254481,1817.391707161834,116.93608092098516,0.5792747117732466,0.1769111171670989,0.5266915318531179,1.518403269490246
1,4671524.794191232,2175587.2434696225,11.734399439426856,42.842198197855176,5.334542855388065,487.7615063979713,1182.2344835688832,114.47439003480764,2.158890625172752,0.8578239576454596,0.1635481640157265,2.562812054016693
1,4676727.394880185,2176551.1377258017,12.593695102923776,43.574946299478825,6.724024223193903,1025.41282709526,1015.9211738278964,123.85299923834916,260.82548066184347,0.9226918420402932,0.0227461745854564,7.047605159300498
1,4675756.600494981,2176579.5338999256,12.364312908310335,43.441422408659584,6.511647110630223,800.9851224642858,1758.451660501914,109.61313076755432,341.1553080659103,1.6537186923883012,0.0235353287187488,9.31807312313422
1,4708265.869215287,2176531.6534052156,23.355206700918195,48.00672988853093,8.060472958610106,256.1114432686698,5857.399374329487,37.8061964253705,0.6212995914755374,0.6867386239524815,0.001191198291619,6.435415842764352
1,4709639.018554921,2176546.1963185337,24.065645713418714,48.18246859602071,7.780168002260097,233.78294917430213,3389.6527303713624,45.649721648228855,0.7154273022488709,0.8855056586932841,0.0004337343236878,13.035790536645171
1,4709031.055622147,2176646.362486642,24.44884120091443,48.11364999049638,7.923402419487507,243.66684325493952,4866.942448118682,25.17474853579883,0.6950523885695052,0.9762839686570146,0.000169342356529,2.6000786975871524
1,4670127.254382897,2176949.834754698,11.238828425210516,42.70507917602859,5.702656438316589,447.9110689298629,1524.6255610244657,166.52318785910524,0.5154290750721365,0.8950692097559687,0.1066577851857049,3.11412767225108
1,4709607.165686417,2176858.377586623,24.367435811985597,48.20400271745171,7.83950201991524,241.6820635302581,4197.960587354861,42.49447424916112,0.7172101196872749,0.9375056807983732,0.0008042450257721,9.087527307598092
1,4672693.342129306,2177266.8124950975,11.531782258568729,43.04839944594125,6.13110316547973,475.7662404685217,2899.873631532824,128.28374323030422,9.986860217240478,2.931806465457232,0.0315165556408042,9.097913966139878
1,4673601.872068238,2177286.8072508043,11.726646585193071,43.17072292390442,6.288706651500482,434.2607241923725,7306.144184094982,117.82989808027186,13.510907099230208,3.944757416705358,0.0085364807644075,14.04334862386746
1,4675300.883889218,2177776.187983597,11.43233036953137,43.41854092122062,6.748037310029329,754.3954197757084,1304.2659698650464,101.39366428863406,4.749036952731376,1.3238920111751378,0.0123929412353728,5.351485275149207
1,4675454.30007292,2177887.390947799,11.453234157140948,43.44342252630609,6.8079381423246685,783.3231229758447,1158.275486555748,103.61203310520165,4.242951015041164,1.2106080729485376,0.0117349637168461,4.661005279903336
1,4673362.918091442,2178132.773765685,11.078690940520934,43.165144127949816,6.517419465734042,627.9430732674324,1712.297039350398,102.71161786835536,13.835906598657209,1.59184189896133,0.0248262336025411,13.195485959939878
1,4673269.10674383,2178170.4222639366,11.06027099284134,43.15365075977199,6.515012395847113,637.8498891821188,1713.0833310229427,102.96870120612904,13.67449508326356,1.598270125712511,0.0271578447608159,12.798798535576918
1,4676268.396552016,2178515.199990601,11.577656412849086,43.577662808019554,7.125935886166574,1006.5296523214528,490.2535383487888,90.3116443450028,0.8022773803307468,0.7295413570058508,0.0097886251405669,3.0534387697996155
1,4678263.992549556,2178724.1172078624,11.963150090886622,43.86743862706216,7.551724855342475,1034.9168695105402,349.84049154309804,87.58454567474205,2.0901665814779062,0.3309024959752171,0.0322398522581927,3.507286472140919
1,4677725.516186679,2178970.97350596,11.85751976805353,43.79913995333492,7.504420644638195,1086.363915605193,341.0412222756598,87.50796474836035,0.4569410663550171,0.3367685408370636,0.0288332183408145,5.674001241955857
1,4675931.304492005,2179179.1838941714,11.488738445692428,43.55223876770376,7.233787661238302,956.5376141544856,423.5504585003224,96.64894103355208,0.6256608467307584,0.5766295280027204,0.1399945422434711,3.135219229161887
1,4675718.604452274,2180067.263708271,11.420892428938824,43.550834893754754,7.421463672186456,962.2896270987274,152.49447425817058,78.38216208436609,0.3644228826527367,0.2327892882761371,0.256631936040647,2.249656227142897
1,4674178.218226502,2180953.2877399093,11.397095544487732,43.36207271650738,7.43517003473834,1371.8074846087634,156.4727522653609,80.08478503619432,0.4910367962217655,0.2063704342189213,0.1753712755192893,2.3044756518954834
1,4674228.318284169,2181722.005837626,11.421270658559584,43.39126706534229,7.634282924297424,1214.1260408431044,193.31232329447815,71.20693677250512,0.3570408653396525,0.1902693609077516,0.1757795250799668,2.1229911203666214
1,4674173.639789286,2181781.365403765,11.40588686493586,43.38529507024038,7.642825707270613,1205.4938251027986,195.8229216783831,69.70686577768559,0.3557229398881005,0.189849748716581,0.1677569786873484,2.107025621411194
1,4674195.818210473,2181805.2630254864,11.413729625039196,43.38908064641196,7.651071797343626,1206.8977445904386,196.7307917126569,69.49050919630253,0.3536578375819814,0.1896452536965503,0.1692621963086799,2.103518197184283
1,4674298.2791909315,2181857.5226037707,11.44815266210157,43.40493654253707,7.674931391026608,1224.736779756071,199.14417916736443,69.09237863985442,0.3478040607460421,0.1890976051456491,0.1787655724593917,2.1009818188199607
1,4674263.284470923,2181863.7846381334,11.437280507035032,43.40020276554528,7.672627057089818,1212.5863809927616,199.2213658178156,68.95786995724207,0.3483128235621104,0.1892191036296288,0.1744275774454704,2.0969443804774497
1,4674348.445719245,2182024.2299533025,11.47127609422454,43.416715510241744,7.720389567570794,1241.7478328789498,206.63401639460903,67.33931567359224,0.3373545890907248,0.188486509066782,0.1915445818939872,2.1091608980421994
1,4674032.374465599,2182319.5847974946,11.386692911011238,43.38055684524608,7.757707392633038,1147.7694124957732,206.9767937698828,61.22039957872823,0.3338665718704355,0.1908742311552477,0.1292743135822677,1.9186891435426436
1,4729995.870640837,2189727.244879817,186.2789237104796,51.66208078237353,9.017772887083272,935.8898302061028,800.1574500017615,136.95451649008237,0.6306338446134933,0.2708972836452449,0.0974294171961545,7.028750444704826
1,4729697.3951757215,2190477.700782373,181.1354414757425,51.711502283311255,9.057900738329764,963.2931320867984,924.5970792009948,127.5215729998237,0.7144779123172217,0.2728485282969036,0.1049022476379981,8.088870372509327
1,4689847.976153028,2228988.368126953,30.59606157742917,46.72088811966566,8.884751790338226,107.19184634424366,576.715212068321,67.97444159803182,0.7644900991943981,0.5752273710816357,0.0001174138309842,3.5401438345849217
1,4690743.793301874,2231453.128810127,76.07668236300772,46.87094885488453,9.159027967982688,62.80761023267885,2170.09993359901,65.65346759166515,1.607336476047774,0.1679905759002279,0.0002548967886673,13.12929962753281
1,4769422.090020677,2257983.120705153,81.00582096633423,51.696904554550485,8.646057293875234,672.1858961448605,190.3434437893196,92.34229255643196,2.2667177321701004,0.266757848484771,4.363825033480967e-05,0.711881134599185
1,4680394.270588483,2259148.445131983,234.63618661668923,43.92443420559176,8.842668710737454,127.85047208661308,479.2669207969034,86.45206063005405,0.1061077715991045,0.0916481017480316,0.0007864580137268,2.9729683639180187
1,4764783.568213964,2262841.5143807577,79.63325884163825,51.34668778976217,8.478957035064038,625.0298987371177,213.7779774518254,87.59407845513583,2.595619579250372,0.5483946865485236,4.668166048724347e-05,0.6834283819999943
1,4773733.679427597,2264172.289576562,63.99477976010041,51.12684664866828,6.732125619217567,469.0655981043647,212.2336279834107,68.54480543426753,2.124589884066078,0.1105681697872205,4.6388438821261714e-05,0.6838183182347086
1,4770684.939782331,2264328.6758263297,75.88059610957154,51.15548203930975,7.164860740446527,640.6301987547005,213.07174951340005,49.35626491338718,2.200612964476805,0.3103358603155092,4.65328657483731e-05,0.683768688398028
1,4771836.342361539,2265126.025125846,75.47237255011356,51.07307733573421,6.745668186839126,629.2633708788499,213.0603713164178,43.18264018106181,2.1581813368839917,0.2577236790119003,4.6514623903841854e-05,0.6839649855189007
1,4652477.315713149,2291448.6366289873,29.213569393784407,38.61150243426299,8.804814457166025,457.01176843904574,161.94902662199738,142.00231492154654,0.2238296061635173,0.0895736577268297,0.0973071424043317,0.9162583973618632
1,4653915.151282136,2292349.0011547124,29.5477302938804,38.77860370978927,8.72676340901101,417.8564527693853,216.28773996949448,148.51601818006318,0.2351800648906024,0.0948618540824324,0.0954222264997869,0.8454749565128511
1,4657914.840998791,2294766.8652640176,35.152795363875654,39.2431908458441,8.576793980072376,492.2067418656186,256.62145552316906,157.80710724816026,0.3719274398365302,0.1028402065219588,0.0893010199200483,0.7548652691014988
1,4663529.415676303,2296774.593475724,45.01768310235678,39.92595300987056,8.402391099586728,799.9738590594421,2054.7163620028914,67.96071914675782,4.212281106479707,1.7151106615249787,0.1242268861554468,1.7484649409247544
1,4679291.685777121,2296909.11798815,45.490934802408354,42.00864792754338,8.940616243002534,355.1240923470017,2061.918990992256,48.67090288995165,0.8420423298132137,0.1441787711404885,0.0024696980616081,3.35543622061993
1,4663530.856639322,2297454.6886142027,44.75501947795209,39.90601821228581,8.515153188834509,780.7873158186453,3180.714240784474,70.86887927759494,5.822646412410158,2.5460428250520986,0.1258193675574544,2.2454190876591817
1,4662672.429008467,2298186.593769154,45.81749959195448,39.77244591140517,8.676359669143531,747.7422791521003,7165.585873371922,83.08994717465455,8.729040128631354,5.62145613950208,0.1224198276567339,3.830780022472144
1,4662062.574308555,2298217.9389380515,44.96422670056752,39.69212661221471,8.720615510956415,739.8226170956898,4917.556744944816,89.27055077224382,6.788062371181839,3.8558006098933184,0.1189030032551082,2.7895616792280347
1,4662193.475280483,2298647.5893385513,45.4295479435333,39.696945307456765,8.768803100930976,714.4848374057622,8289.88294730936,82.5448629547832,9.040411995386508,6.446683971693337,0.1214927657353479,4.417884033405575
1,4662004.015152395,2298888.0145783527,45.31252932300208,39.66555343767513,8.811348395719115,681.6191151113576,6045.377248383623,81.80734002435534,7.47650351182542,4.798360997707144,0.1198362299574319,3.58004063973003
1,4678304.670076361,2298847.241376846,27.446035749916955,41.793859125640445,9.073585334445438,142.08989706319005,4105.115562453739,29.042655261990628,0.3534787623771224,0.2041293305152243,0.0348117758491195,10.471489615929592
1,4678793.329973107,2299061.3196836426,15.448523406319858,41.84789222609654,9.136893866151311,227.51980181766683,2625.7528335027987,28.068983920142603,0.7910233547652757,0.2793253799444221,0.0094267604364374,8.278865477167823
1,4662924.578501598,2299523.997956608,46.98178484555844,39.76658349254793,8.83077591040432,724.3870831365039,6235.855295137933,87.43031644495076,9.515006943574951,6.805164781270277,0.1139814770728993,4.575672224978459
1,4678425.452241575,2299460.3810397233,12.948236799781704,41.78281473614598,9.143788990640711,161.63795439600884,3269.146429858032,30.320250417622784,0.4808915604808726,0.5313598283857067,0.0466405684773138,17.776176743571416
1,4678904.676206346,2299800.426725992,8.556169694304275,41.82972461663016,9.213507374269192,166.2814115866277,4043.576945455792,31.058807516135943,5.391568337531791,0.7299626622970069,0.0448058514842797,20.48834758163798
1,4678814.080038195,2300210.9002787415,13.834710725871515,41.80003439505841,9.239569918368154,135.12351956395236,5135.8938669573145,41.131016037191806,9.757191179521277,0.909887294785258,0.0750046308671469,24.122403488916145
1,4680824.623110739,2300902.036569275,26.49591426479151,42.02546567452077,9.450827333580492,45.38229486192231,54585.388127606064,21.459920201411485,67.60450288574482,10.58529861062754,0.0215966885281779,279.34431143739505
1,4676419.0513118,2301038.075048883,63.039421872711934,41.45786016763832,9.12408743516112,109.54368285913915,1109.551561282895,94.83981525605546,0.3785769176526107,0.2134832683708973,0.1674629513809831,2.4452556508128187
1,4661639.99854744,2301628.8947385186,47.90745244552458,39.54211900164342,9.09352889573195,739.9286346223535,1036.3343386667018,65.95984495031004,1.1031196970142456,0.7424541507327493,0.1025030892500374,1.670872935959504
1,4661640.07561164,2301658.8831102843,47.95640619210225,39.54129897382253,9.09551746560446,740.9653579037689,1022.8499735694865,66.53678165155715,1.0915588731532253,0.7318148165125584,0.1024011772079247,1.6663303206091564
1,4674701.44505381,2301896.60255334,53.158114098914254,41.20384027095311,9.076364351997269,67.21804457708555,461.04913886195686,56.44558413134971,0.2706186667280086,0.3019458453470488,0.0071939085797475,0.7425760163637725
1,4661402.883791835,2302929.4197568344,50.17205694684831,39.4762476961786,9.177111857436064,709.1518267523226,589.3228013308739,89.25356062537469,0.3586275810291673,0.5389496398996224,0.0894239618007993,1.5168052642356205
1,4773549.651745186,2308162.040249247,47.58429480258727,47.54513903966205,8.96983931927808,498.3426706363185,312.2126922083165,68.74788731326997,0.374198959138641,0.2749879124740678,0.025832837460294,1.3585538999233642
1,4688244.285497227,2308675.5523090903,97.37612076179504,42.53691544487635,10.002981422573509,375.5769202158472,486.9168885090908,309.4397632419796,0.0497282615160029,0.0766726840676013,0.0051219141279709,0.2547283699562341
1,4757149.345244002,2308467.8879579175,82.07900145187565,47.29495893581044,10.114664208688737,513.1069056353267,325.2471540487771,77.68029769810755,0.3350471871337241,0.2835929747741437,0.030821721545497,1.6169110802928233
1,4761953.924734197,2317732.6155501967,34.89824391830779,46.59359920475662,8.98039723369374,523.1664265472708,309.13510897600224,66.03529079982101,0.1827735916402101,0.3123623896168094,0.0296320519426084,1.2657741936364544
1,4777461.232455372,2322945.934870424,76.22909064191606,46.37474497268158,5.055072374940737,528.106760202516,309.2825850304597,97.52719851857104,0.2563338732415547,0.3782652267535075,0.0353203265340072,1.167897989637653
1,4766016.628409647,2323821.6996730072,55.62637402304862,46.15234805219369,7.349494887049642,534.737980673037,278.467863907826,90.05182793387327,0.147155813807371,0.2507481857653337,0.0341120859096645,0.9520897633509608
1,4773214.707774072,2323905.303143868,65.752884739993,46.24169407717553,5.417598186377486,530.3907098942484,297.16467944265713,99.77659352017722,0.2545950895077295,0.3631689639293471,0.0345349685241699,1.127575432212574
1,4774067.147406574,2325102.9987698607,72.18303792279549,46.15359568439322,4.779612036020956,522.0715197142281,300.4675378396165,103.32311528163712,0.2571876380355119,0.369275311520598,0.0349963872904004,1.024320125903697
1,4775469.450681425,2326299.43862846,77.5152375335978,46.07243042716669,3.9351501208868354,522.2399473923306,293.1077394622717,105.5606224449158,0.2609191666789632,0.3769929328529053,0.0373075248924437,1.0118975506402963
1,4775272.412794349,2327549.5306268847,78.94686595003814,45.9673015532146,3.490121657479893,501.50448228241737,292.7138427262464,164.64063635225946,0.2658077150759981,0.4067356830321486,0.0401427490827347,0.9459539149819012
1,4774775.3264641045,2328750.280454142,79.78482121440035,45.86352561090943,3.2562371792489464,488.4485237969211,281.9245926538982,177.22808582656495,0.2645597468031861,0.4098894431176211,0.040860742580814,0.9338764506134656
1,4772626.407004237,2328955.106665844,71.96876348910817,45.822039611468654,4.145554402787098,480.92061806904536,285.2213208370751,178.98428817577093,0.148382959463867,0.412924855264621,0.0414075862059648,0.8826708899262129
1,4778929.469285777,2331140.047121849,90.01305879349519,45.717491043653695,0.5605647015739608,471.2898092779159,282.07858868096093,193.2864995436635,0.273198375161048,0.4472804461015651,0.0435489542227688,0.9324631897405414
1,4779186.178798477,2334088.523243245,92.77143200006437,45.50421530466779,1.374307524709076,454.23812858999287,289.13657575087217,209.6655074882135,0.1496548001162872,0.4630453876099902,0.0455398624106657,0.8228458095817066
1,4786523.346774893,2351065.7915670704,174.4835711715944,44.44579528945936,8.62694890535219,476.3355728802056,289.7778310940081,298.245234798876,0.1361311579219056,0.4202416091633159,0.0565436653237544,0.6661899991132316
1,4787325.697666754,2352163.431757088,176.97224839148052,44.38499625191953,8.886387014761523,511.4232148281624,289.8162609387616,290.12196413392707,0.1361444033103683,0.4223255635681275,0.0585592975155295,0.6662110686287775
1,4798702.392200424,2359850.620048875,197.1042249941135,44.121807989300166,10.836438208081,563.6328241103674,290.23009884819925,279.1358957247448,0.1363594068180757,0.4122978927835473,0.060419418889312,0.6728701018665856
1,4835969.922713297,2409659.1287298715,361.5118860607512,42.32625088793363,23.341681949517888,652.1185007540092,290.87274024812825,77.90911744567414,0.136626663171556,0.2879804681648503,0.0602584384989896,1.694635288371214
1,4836672.343789714,2409659.230384296,361.8988982558296,42.34441713140453,23.528046107146377,652.8617580530663,263.6280901911981,77.6542875047604,0.1903749796282572,0.2858531967696899,0.0600254800633909,1.699634167577676
1,4698308.05492476,2137680.5589081617,55.946046380092255,44.394840189018495,10.338548256371736,597.3341270232269,162.9408821475891,297.02003413279147,0.0343101585723374,0.1357937656642137,9.77415493790108e-05,0.3557019365508301
1,4779109.117139483,2153002.47497617,87.36541935806396,50.95732646321938,7.787285713344884,695.0000656799624,256.7143922810707,131.18316836101164,0.1356162847516746,0.2248858919027527,5.999871711342106e-05,1.1873536497570696
1,4778122.9487825865,2156991.0801480506,101.66352115546655,51.3072678176522,5.588214091920389,671.7252497890337,287.0398074295448,131.3960978828442,0.8787555299988896,0.2238061711181968,6.178543612653475e-05,1.3720541238299682
1,4779133.381789721,2160588.1300201197,69.51212282374787,51.651123884536986,3.558825673019213,667.6841363868427,303.92815955403546,137.53265760216698,0.8748657356980646,0.2193438626032007,6.190283770424575e-05,1.3826314715719228
1,4782734.058621587,2164080.553628962,59.51928529179613,51.93648400467455,3.075657535805366,769.985833148342,655.4656143579274,106.4288367401332,0.0884717894924806,0.1719072669296447,4.559518542221707e-05,0.8661093691337699
1,4772246.54381783,2169097.881288822,54.07887623686024,52.13512154674012,4.028692886457299,846.5508356204239,212.23928513410925,109.45530052898702,0.0667294700479524,0.2323296734239762,0.0014861875347113,0.6669221424541862
1,4672747.862046183,2253556.4948294945,97.06420444550967,42.80482116584265,8.925211375733284,181.16433985359456,62.09681181878938,161.9358226860947,0.4072832806897141,0.3284754083420776,0.0003650869357701,2.1953471626434617
1,4679686.1379197035,2257441.102435069,213.49440623522548,43.87141005654362,8.994079609120432,120.36277205232442,1093.9008057630804,90.2592958268607,0.123333286005282,0.095105404197297,0.0021071171936012,5.974972512306314
1,4670164.304554641,2257793.577525833,83.1810650405205,42.24346469083258,8.265303500500535,454.6486733670718,263.6848389419724,621.9865278094434,1.439210576500661,4.154227886542998,0.1535306927682063,5.823519114710134
1,4749995.72216962,2258929.622867464,63.00730694491434,51.69328568851296,9.956177241427444,684.6007442558956,172.90872556350422,82.17944044088495,2.1704523808767333,0.226982457246487,0.0543380915566955,0.8328691570821404
1,4750486.882595198,2259672.0574788554,57.98425929904441,51.63107056908755,9.9109523534166,691.2467440318717,224.634966545783,87.34084038140264,2.17012016827577,0.2421096381421128,0.0547608246241997,0.8669300227520683
1,4740737.444165064,2266149.514217828,378.0760939421927,50.82081347597455,8.53617625345747,854.2596741399633,247.81306520066508,89.94303799052737,2.146458242569968,0.3150865864970196,0.0540103772538644,0.6765369702394786
1,4745480.120468694,2266437.9257416087,141.7749920673666,50.9241703808202,9.133565422187765,874.5133029881686,333.90525942665244,99.13114696537504,2.137227405634416,0.4237891474108157,0.0545372973631209,1.0651541504812545
1,4725915.016016927,2266606.36365885,154.57896973442993,49.97405272498048,5.635163997211538,430.2170626637541,255.12514252222496,237.2070300892995,5.094101169747234,0.1065309939991224,0.0561868044081759,0.3087338358599759
1,4820258.525813589,2267223.5561247896,442.9102613592078,50.03859436061932,8.08827091558455,419.5882564141856,187.04354357910185,83.04065774665972,0.2492749104475845,0.2173806930539401,5.0901027230376034e-05,1.1567357207478928
1,4820147.532816402,2269182.315727725,388.9390192460687,49.933137225321154,7.710676043782108,443.88285519813127,244.3173513130945,74.70667447882661,0.2380434834276365,0.2318126870556184,5.870665744068355e-05,0.9022883104109178
1,4819726.514558758,2269273.1984992633,361.154290663152,49.93811952239423,7.797469005472273,457.8213879972358,238.0010280452067,72.63475005536186,0.2267331311860263,0.2573055564436907,6.500738929782352e-05,0.9174188126493504
1,4820162.789381307,2269459.181396671,364.48751274945664,49.91746696453224,7.655043206544481,467.7826692496553,244.57186343612128,79.71848574404939,0.2312544724167852,0.230100397192303,5.936541181642704e-05,0.8650200509728432
1,4820040.2773408415,2269670.3802344194,336.212288885893,49.90868965873909,7.647753478929187,456.82925022597976,245.8904830812081,78.3911997299824,0.2253171603472846,0.2329472876371006,6.112100911592854e-05,0.847430672524261
1,4818941.214349687,2269905.5960431085,295.6167665253095,49.92145428056982,7.879966307562041,482.4374666297712,254.42089253873303,66.79838234719303,0.1926761258506301,0.2771016733721021,7.58852540576144e-05,0.7670895473388871
1,4819565.582087003,2270126.123990239,280.8027999744413,49.89460426688219,7.690445542258222,449.9013530983898,243.4410045124469,74.9356138790478,0.1950363312984916,0.257615865908819,7.564892105787109e-05,0.7800778871225882
1,4820053.300281586,2270148.112834385,272.8281430198077,49.88195421900373,7.560993891813163,438.47771460241046,248.24328988817885,78.48848612451815,0.1552972476220799,0.2221779228187511,6.0567385476133006e-05,0.7858812359282344
1,4819869.968387629,2270773.275770618,177.93954638431518,49.85164670343994,7.5080232682372445,383.38154877125606,252.89397280859512,84.18841196397499,0.1020830675267927,0.2169011031540373,7.161892968590133e-05,0.5042234419043411
1,4819875.91702276,2271043.0966412676,137.6835378020278,49.83657965891742,7.465387180551689,349.559162934467,260.67488890109723,90.76683739134188,0.1021137630517634,0.2101212550938728,7.345389303783134e-05,0.4464556486474542
1,4819821.880212481,2271296.085414867,126.073941053786,49.823831631448094,7.443147024149423,320.187353340976,265.60479295245284,96.18313499006123,0.1017706368553067,0.2151187717152176,7.279823078365952e-05,0.3800502968745516
1,4785868.557245762,2277071.5483727073,66.36494737715542,49.944734211450125,4.0433714335587325,497.3841359582774,208.7596266894169,42.4499904366242,0.537673804443737,0.520518680902276,5.195316118935133e-05,0.7671230477898235
1,4787080.409256087,2277326.8522921274,62.75686535245596,49.92051608682383,4.624841154498027,501.14354779507977,205.9568359130082,40.270137278874856,0.4586371543134687,0.5649347059630202,5.40697273284189e-05,0.7556426139545769
1,4788471.493495105,2277611.351858713,59.35198599294317,49.892628010107664,5.247216524071048,521.3696206110739,206.58292054988087,48.21372455131843,0.383694979118645,0.7047813678986627,5.456954086320828e-05,0.7699866868728275
1,4746350.374771045,2278518.652750483,100.96963791825348,49.80354806545554,8.726029690830552,911.1560849217504,358.6656007318634,69.23096602102727,2.862345554689627,0.4711168399195501,0.0236632776262108,1.2827211854030445
1,4765878.337186857,2279414.0963800363,62.55397838293681,49.89682988535759,6.643448060990874,651.3255757084534,197.48027582678912,41.33491600650185,2.4686711557934267,0.517146785390867,0.0062423742829338,0.9022437285639464
1,4785028.096948343,2279475.344541825,69.38093441825909,49.7689325081273,3.9235370803182574,539.3257649773475,182.1178422431855,35.072569665651564,0.8063062465354,0.6282238217162677,5.445452269548044e-05,0.8357637263240574
1,4765290.932475604,2279899.5663226857,60.00000070777372,49.85662287533523,6.866189501591515,652.1155451798761,209.4261354064409,41.41501202270614,2.478642850836111,0.4906295035006806,0.0137008177866872,1.0662605476815987
1,4764308.484220966,2280326.6744894856,65.09943130434114,49.82124171162906,7.190005853544613,626.0923898547879,243.9425564203704,43.372346583917015,2.5166908242464525,0.4539164200208198,0.0234567686259334,1.1924137980529512
1,4764461.8149068765,2280365.280118643,64.86375645158444,49.81773958322726,7.149451424095337,621.5661277387522,243.5972448296747,43.00055973911208,2.513833376554819,0.4577233006812051,0.0220208319676838,1.189926120174231
1,4763326.318772296,2281077.5759093557,67.91167105423348,49.75606109645251,7.515330550254995,572.2348243491479,268.77458251523854,46.122596150360536,2.576976984823625,0.4476167074049968,0.0253266719502257,1.406558122634232
1,4738014.159293375,2289191.381720056,83.22800476789378,48.50694701971284,8.280005116263595,597.3688833355046,372.3037067118077,85.86810459732354,2.602784870797985,0.2224215661580965,0.0268832214839506,1.226296597531153
1,4734556.68490585,2289688.2975443206,80.28273922468739,48.30248387664035,7.746766225955446,519.6731861044299,373.27630647717024,88.61002688274223,2.859724177433101,0.3495150521537987,0.0390881130560189,1.1940158054075871
1,4734121.281712161,2290738.5468387078,80.13423654073726,48.17772910462547,7.886419508949333,522.2852180607697,374.9187705446491,100.86228596472994,2.715863291067548,0.4791247138691843,0.0397493367617781,1.1852610806423818
1,4733028.839275908,2291346.8414885555,79.40793555669562,48.06198489076857,7.84124691196484,470.9563073061653,375.48348518821126,111.6723445966752,2.490374425396645,0.8547121303218708,0.0400051992834982,1.1733706392454568
1,4754400.636734291,2295180.283640008,63.27537940566817,48.416411729024105,9.947465369101952,701.2838193262352,354.1624708443978,42.2927261412198,1.9254685469616408,0.1652796653233737,0.0217911656751745,1.464827355233832
1,4692472.226766011,2301903.957596842,108.47395320908667,43.407117250054185,10.232253444824334,399.7165995030693,564.3432265117877,149.55876032578504,0.1578210492484447,0.1166385093532903,0.0352880895770867,0.3943551051528398
1,4690325.559730092,2308898.130050105,93.734911220504,42.760939180636896,10.106727086633768,461.53051543232846,448.3127386756576,54.80404986550634,0.0924729457705354,0.0764241103139557,0.0069827849509853,0.2791056507990151
1,4757301.675190706,2309566.2829967053,76.22129813113771,47.2030398232525,10.062105388488815,519.1195185889085,324.3251793881854,75.71185456858858,0.2413148554757263,0.3258423140417127,0.0319235805732195,1.5912155801609758
1,4752980.451207367,2311216.5567617714,61.062404254513005,46.96679859715768,10.12845633771026,548.1177389928181,319.4381224184073,85.33001999043496,0.141874438298312,0.2449232457782642,0.0277853100928189,1.7719681023754603
1,4755623.347082803,2311558.4749895586,60.15966498703086,46.99710974659387,10.03615539721172,452.8546393296332,311.5574210951503,102.77054976020496,0.2131475682549648,0.4301819936208237,0.0391971208369942,1.596387249984523
1,4753917.575581493,2313108.989159456,58.5115887620611,46.82604641867679,10.001262967624806,505.02660423299454,310.67942267868864,87.350072931713,0.1733126125606388,0.3278338477053486,0.03099121189175,1.5790348742786484
1,4805767.4376637805,2318688.27009645,168.2576732892133,47.06692342792882,9.627796931168705,473.42903759061255,158.47635466195126,35.51521822709751,1.2180467692259898,0.5639979259488485,5.984805509301037e-05,2.365413456239938
1,4759735.058607456,2321293.327017676,43.61767772459456,46.25706824114429,8.876289454768575,517.383962566979,278.7259240977903,78.17242553872309,0.1440350147426657,0.2452778864308336,0.0271921493053757,0.9224221038431236
1,4807723.609050658,2323529.8640643973,187.33429471497928,46.76640144010221,9.28313534554291,482.87290709579656,158.49082741342596,36.01298469390518,1.287145770936054,0.4944547683551881,5.982891638958801e-05,2.2711539813127843
1,4779003.432114095,2331126.795729718,90.13752421348627,45.719661822309305,0.5589376339774337,471.2770609845471,282.0815869676755,193.19059271985927,0.2733540501322686,0.4471362947982241,0.043529462020668,0.9327947470606552
1,4779070.52647404,2331628.498668001,90.76850822707657,45.67900695171991,0.2263380334237517,459.2210593286371,282.0801651859184,195.2103914333923,0.2732778262801753,0.449798435827683,0.0437443209942425,0.8890962492608296
1,4812600.553073692,2334535.5885200575,125.950638208538,46.12071446990562,8.756268068257826,484.961693206964,158.5041900824494,39.48050490776317,1.543821409247207,0.3911303527760787,0.0079943027936059,2.1290824400806416
1,4801186.268564777,2336236.5706176176,125.19696841912396,45.79731881814028,8.833642441135567,500.0954373746801,191.69742652091333,40.43913906518645,0.9623698776657816,0.650206186974453,0.0429633109902046,2.2088668456298466
1,4802579.001204935,2336507.6152908136,120.16580577016012,45.80579365259702,9.005903974203417,485.5484421502878,166.63952446100137,36.90904702848778,0.983427559438155,0.6510226667062339,0.0429098868712515,2.137438550698417
1,4808455.465356172,2336656.8183162245,103.68999005327488,45.90775710063653,9.209478968494489,484.49045788118497,158.42574077296595,39.423569009806215,1.128469385319902,0.5470739306207049,0.0282561660928232,2.133072066543772
1,4804336.062555786,2336744.143383544,111.89178036039188,45.82367423079401,9.156927998624813,491.914275977304,158.47191580693274,39.500569934117536,1.0084225679127428,0.6182378943827804,0.039263221620067,2.151884399360838
1,4812935.246291817,2338503.162733901,107.05089482811802,45.87236413008159,9.021491645612189,485.451360792843,158.48393995828138,39.64695313073533,1.5243726399765969,0.4918912523830954,0.0237755642013113,2.100989786864803
1,4810420.100014789,2339297.2920779684,122.99630529314912,45.77253782105743,9.32920370809099,485.0901010509127,158.44402778874831,39.581354281698005,1.262732790951422,0.5465994426892352,0.0286123503804899,2.108879139092099
1,4811143.116646317,2339377.1022789925,122.16295108070084,45.78152056281399,9.286141997852935,485.2166496603987,158.45398397432427,39.608665064264656,1.268684933180516,0.5158085562044306,0.0283559710958597,2.1062186436254904
1,4814391.046659229,2340726.3677562512,99.74740310120204,45.759095799687294,9.106233508129575,485.89770171842486,158.49060518861404,39.77341154002485,1.6866930226260486,0.4828347978199174,0.0241828775293741,2.0826949884842785
1,4811320.951839168,2341006.982698584,115.65713345269224,45.67964573818724,9.451590062937044,485.38910790468645,158.44879855176518,39.66541685529382,1.3296442124022827,0.5341492874967276,0.028955107175197,2.0956026989620904
1,4813701.111925985,2341322.748205025,84.03069202755654,45.70743443578759,9.271541341531083,485.8149084550801,158.47848915176505,39.76170148109611,1.5046820710251751,0.5120707208519435,0.0260001213636317,2.081716253909647
1,4796849.763137026,2364041.0684058676,226.20564801627316,43.78196776865196,10.635605937939566,570.3075135625235,290.19077615192043,286.8014097174523,0.1362933407081139,0.4138623161746024,0.0602976822162559,0.6283069111861465
1,4794462.899223322,2381552.3027938576,307.07217522758384,42.51801080506189,8.506572815359169,601.899977732915,279.2292590918645,289.35178077881903,0.1158396805459776,0.3933569526958912,0.061106243812202,0.6211613889043658
1,4800928.897075709,2390307.011295527,167.00010133169786,42.23453540993445,11.050144516740907,606.8708979253295,279.24434175681887,288.3758515213908,0.1157862101444453,0.3871574266258789,0.0609305749601192,0.6240257326250539
1,4798163.749651994,2394076.610043414,304.03512299085145,41.930293241901005,10.321978861191807,605.7357189726598,279.274187041831,283.085725445885,0.1247833414488044,0.3849028088203052,0.0608907844469822,0.6222708586375406
1,4799385.869508481,2394456.3496402856,301.56310828209376,41.95451617500554,10.823435784597642,603.7112761543291,279.2696392547281,283.09279422798204,0.1204312141036115,0.3847244904279744,0.0608814903988624,0.6228822513607809
1,4700849.074978237,2101932.4208520595,40.61124575943265,42.93708152569128,9.973248973844347,701.8880757056506,666.2882195897606,159.47697813641147,2.173485121163913,0.1425331316631663,0.6109945824828501,1.5430710990836938
1,4731585.83892757,2112578.151885895,27.126688258182444,44.921274474182496,5.351608031505705,932.3688016226938,3168.4769937382976,175.21820445411825,1.1046048443357117,0.1554769198361269,1.019118931063642,19.09152977206311
1,4732259.022129833,2132657.2440707106,215.0019708076383,46.58538389096061,9.34234317833414,1066.24566990808,196.53729682356197,185.69023417462896,1.228208712284166,0.2602287702999319,0.0221246372692973,0.9075778451345556
1,4693450.084576019,2137095.8251828006,63.42174851156152,43.98245452003236,10.352744803578489,362.12804873267646,154.1913166483431,301.01839296213257,0.0512918411397474,0.1064686454712175,0.0003322316216349,0.2740110591700146
1,4697944.571197482,2138146.1939641354,57.30238999887396,44.39039469712012,10.350572649345471,427.3745393099733,165.01074133305067,284.4682077766664,0.0321233304700012,0.1482025604185448,9.412096059740326e-05,0.3218198351928054
1,4702539.703302169,2138244.266502672,68.9039940410479,44.76179262896215,10.174468432933107,1414.4513884949804,165.54301655239925,190.85225922603684,0.5889333313840908,0.2151495653903433,0.000155475902805,0.6729650289189439
1,4703258.146756486,2138474.702430944,66.02080059811684,44.83267180832844,10.135235816575491,1293.0582880219183,163.1580126963789,219.41570024256944,0.9633801145472471,0.2083961488239384,0.0001596647605261,0.5567694951278375
1,4702242.683236169,2138541.331619125,69.58938779426184,44.75571575358036,10.191528958552531,1487.5244485588892,163.12838763945436,211.92002168997212,0.5821564761087145,0.2374194614465923,0.0001554460399584,0.6730988808846368
1,4703244.215791461,2138639.8021714613,66.75435367916529,44.84153974786155,10.136488312391428,1299.3767598134064,160.72416635304774,226.63744393877803,1.0006182489878288,0.2138833448738664,0.0001589445008388,0.56007737993874
1,4702814.3714299165,2139432.5551355937,70.32930299474938,44.85473454137701,10.1591295347527,1460.3464721927596,160.73406680037604,269.53098090400226,1.128794572197069,0.2609863098371455,0.0001615980027496,0.8863329509232163
1,4702711.7987711355,2139613.0801781043,70.67117565013496,44.857239837062856,10.163517682215682,1524.6591415138796,160.73564473937816,284.6184945928216,1.1655167422401127,0.2757426394969151,0.0001623666124378,0.891519366091317
1,4702261.948326234,2142960.422136472,63.09223901827167,45.020815644335045,10.106423994838805,912.1337020049716,180.48664654369605,209.38086474917816,4.829024664882483,0.4200246051563726,0.0001713351928792,1.035293255340816
1,4699263.284083266,2143589.170466856,10.353624652057286,44.795969448523536,10.220118255285348,500.3536503955838,163.4779374869483,176.81145660483628,0.928579903187807,0.1545952164194905,0.00020374356026,1.238358132413915
1,4699553.933201627,2144329.4960008063,13.364711761640825,44.86342560864448,10.17734931592522,486.963791132674,176.91691944334144,129.2086783608347,1.5008456898673914,0.1595278768720298,0.0001892382362406,1.127907181416512
1,4699582.969381973,2145111.230827938,8.72674687116062,44.91046188163493,10.137667621761716,413.1140182403785,183.75480369578696,131.9872703209706,1.3551682450094225,0.1436016748911296,0.0001618127234723,0.931863436041
1,4740427.7157645915,2165416.4424130563,90.5327361000096,50.172623827356105,7.8116224888600305,662.0928157824553,252.34126603800857,74.0141715824211,0.3321783910212914,0.3057398412441666,0.0282247124351488,1.2387193072856977
1,4759738.448666841,2166010.4913739446,2.3000092488365422,51.392703107898974,8.155250599408138,653.5325905293003,222.6385662262885,64.54073509859583,0.0664232074041645,0.2462329811289117,0.011418246286673,0.4153658209624716
1,4714053.820399575,2171423.9070824455,14.018414017448452,48.27974291701178,5.577091645536697,159.29896072195717,2458.136612597096,35.57623721967283,2.208432711717347,1.602820314309815,0.0005893365855509,3.3696783283701324
1,4702300.951577662,2172207.700082084,13.161698537989787,46.91383103361581,8.676249746146583,396.87610387049256,2315.2102360106574,32.87673202637793,0.4732674672019887,0.4405189884578981,0.0335414185789613,4.889959962064775
1,4702193.828998988,2172609.8437017384,12.634883991715409,46.92790999193973,8.717566610316602,399.2827157563432,2212.774325001106,32.92392693143749,0.4752093330413178,0.4737124062830702,0.0284262711875541,5.188137017595295
1,4702496.071932815,2172877.826262508,12.54038468516896,46.98595251446305,8.693605833524034,381.4751667936095,2241.655417208,32.047865364160195,0.4673710424903824,0.4996929926849184,0.0249877999340041,5.459964220043602
1,4716777.927651922,2173222.7303835973,25.620378661392326,48.74038275079849,5.1492435642746,323.1887878883652,2206.733634928068,48.57228243488986,1.1951344657656384,0.6921864067804844,0.0844950951647651,3.836520097041632
1,4702370.9332138505,2174847.518979273,10.488151015254209,47.10786274313664,8.863308849522484,170.72246564527276,1401.5238852089728,34.58241925876591,0.5990749604736549,0.4688994853247941,0.0001383488485344,3.5828321061283903
1,4762535.010542108,2174885.2491010595,12.944583894078471,52.17783693370754,8.087980107679103,738.731523543285,216.6795798987065,54.29349011523467,0.046810260386295,0.2104015295265926,4.747509329838676e-05,0.4538999564957
1,4766650.872791138,2178657.695826222,23.12390088226994,52.53602623062345,7.878126085274395,788.4830943834913,217.86293155692263,66.25715369771468,0.0482213902926792,0.2116408532664846,0.0004262423403219,0.4385863326960972
1,4771873.720957345,2179869.2916004695,5.942158073635033,52.69454058849201,7.299276203549026,976.73750886507,151.6095173228283,144.32525147282487,0.0772059039437468,0.1491821632881558,4.163692208047874e-05,1.560934613357625
1,4697641.78082084,2190959.8174374113,19.82701663504102,47.46928919800104,10.2775483778595,335.4095531404494,680.1795223423509,38.41712774832547,0.2126712538556704,0.1841507310851397,0.0092303052724301,2.572009744123731
1,4692856.422641545,2192568.486564166,22.83496640348786,46.73912045413889,10.292927523808372,442.9593021352894,410.0943955430002,48.38728171129132,0.162199785741033,0.1944459457321401,0.0002760482090371,3.8516259053633273
1,4696892.267546387,2193554.5314894607,17.736542137954615,47.491400031152885,10.325276604632968,429.9644787109431,916.489212303058,63.36560737663351,0.85014979704388,0.6077175768544224,0.0022633763862618,7.026275839099828
1,4694486.814355998,2193574.499306637,21.727964907026315,47.0726295782664,10.326803474974753,318.3128718084127,591.7868116901466,32.08520038679177,0.5038080863746129,0.3673942958817747,0.0018772848319258,4.403858994351711
1,4698022.715973215,2194538.764565379,8.791076084297897,47.74479513416805,10.30823665543589,584.4590136013237,698.5949831711351,24.46903004423147,0.4501358729453311,0.3927362674071968,0.0014666287047382,5.699600955976755
1,4698280.08892159,2194698.0495998575,8.053424741234686,47.79918527352563,10.302178516785022,480.2639903952377,687.8495628801854,27.140420586275432,0.4440174268252272,0.3444614878170006,0.0050398681870741,4.750756364297251
1,4697742.623601796,2213084.8417495186,7.751371070097991,48.50563038303315,9.269120696872928,463.6909277271614,1818.660686742648,27.790891614755157,2.4127138731912607,0.4091809099209331,0.0006776703279788,4.413747764912963
1,4698611.822247218,2213131.899695587,33.59331631083205,48.69813192828,9.224137943241514,526.5478108952509,1757.854869098808,35.06755800101486,2.9601040857499745,0.3483103659004529,0.0010425741362067,5.594182318860772
1,4697776.947939821,2213667.1085621747,17.134002156101655,48.526754262643045,9.229771549576675,483.1087909415347,2139.305033897467,31.509076772054957,2.4116346959728667,0.365942928137105,0.0005990820322074,4.14691262384004
1,4697693.687228515,2214078.9299186203,36.53345755833843,48.5172879811771,9.207414791266828,490.2612215671754,2217.9336469503496,33.213988623281715,1.6873856094742303,0.3718078654326469,0.0004635897219926,2.846423010136905
1,4689486.067583065,2225731.47491726,90.65943058214349,46.68573413491903,8.65399812842418,196.14652478661043,1139.3004748597225,75.87752445286506,0.4664435021036249,0.361420237997393,7.168228133630596e-05,0.9637857800849516
1,4692440.997989736,2225970.323070153,100.82748442951734,47.34986055379944,8.966203318437282,160.4547124839676,839.2746297825036,46.86140550027972,0.2188105672138293,0.1316347833711399,7.437749772922183e-05,0.5763524720258225
1,4690084.701717442,2226704.1591017684,79.99583390113303,46.80846166342626,8.775288031064534,137.99948190122436,793.3033764799837,62.95789416057078,0.5048486356134236,0.4051427840210968,8.952819812707817e-05,1.901500592576213
1,4688897.8768712,2227426.1852329653,76.12389191665363,46.53259034205579,8.661011396113455,126.126586753857,758.3065820289579,60.73832074818928,0.5277818355205426,0.609389049856043,9.15908217069439e-05,1.7828782914169334
1,4691405.84714225,2227550.3254114795,62.33085722615419,47.09310427786862,8.956304079935713,180.4435028705797,1079.7373778048643,68.50385085134585,0.2650728968601811,0.220315661870457,0.000116714228017,2.6566124569228013
1,4690030.930860243,2228088.764350013,46.83763711813209,46.77637062565243,8.846807203713816,117.92990277324564,44.738018913418486,43.168834388708326,0.254305062837984,0.4002927946404381,3.220811128587092e-05,0.7919460398478753
1,4688970.721712563,2228788.90682521,57.83595767489075,46.52891127150391,8.761891258311987,115.71405054290986,324.9722095922388,45.24163067176707,0.4772175716802334,1.162488848235545,9.31082677957528e-05,2.1387740497322114
1,4688797.79103275,2229162.302945611,60.40705338023037,46.48454979046797,8.76630406948969,110.46374230884828,87.95740030584749,28.32969587601037,0.3527299951741394,1.4458530991643552,8.001938245490391e-05,1.3365682579776736
1,4606695.187925298,2301444.9429661515,42.80827293745911,33.90262235453856,9.639642497425257,63.88320708853868,269.70275802631994,5.000001762846166,0.2809541550700103,0.0855337248021041,0.0051478387655702,5.332359058993545
1,4606311.117851983,2301948.727782098,42.749666360317896,33.88429283597304,9.73906477081086,65.72378109800522,261.57464838620626,17.508208321094568,0.2780805120344449,0.0852537764213826,0.0051534823694514,5.29924508292429
1,4605381.512665071,2303637.4124921644,43.1001979092783,33.841963925772745,9.98356694332656,91.00670453336724,274.6080655888738,10.962390998181297,0.2669949649335911,0.0844096643219728,0.0051687111138108,5.288073747227235
1,4623880.7953168275,2318418.784335966,26.106320851769965,35.0989202542338,8.039261710242794,410.8993058644149,552.2900116623748,143.31315663473646,0.1975387423294451,0.082011219308667,0.0050114577544336,2.4967470273635777
1,4783378.887620065,2157396.380847811,17.289006308694358,51.38037851389869,6.311684597572046,619.976811505589,222.5738028576686,122.19145679586744,0.2747088831755454,0.1807599421164242,0.0012971109624469,0.6402628256289226
1,4765006.686217188,2131538.757333208,218.27967401270496,48.56622208889157,14.578888088998468,826.7394510392328,383.2935910703022,102.50266652014146,0.1795091231861484,0.18626496584645,0.0012450297909117,0.3780858287719668
1,4765003.377280159,2131543.7441121847,218.21692728649955,48.56649942064948,14.57729718608365,828.0582040568762,384.1523534569132,102.68026420001152,0.1790620040482834,0.1862790086284639,0.0012473155352843,0.3780660346653231
1,4764060.977074421,2131833.286428303,216.5084909364436,48.54748216065637,14.38422393553632,911.6653407038888,464.262078808388,120.94424837279423,0.1030151228554551,0.2023154674791541,0.0010501519307432,0.3773980763290948
1,4764066.529780745,2131836.2531912616,216.44945914814457,48.54800136377796,14.384324085644243,912.450738369117,463.8868421142264,121.85190614397972,0.1025084656732601,0.2026344455940684,0.0010492012488453,0.3775698045711477
1,4764079.210935704,2131849.2580101774,216.2042089893438,48.5497256112504,14.38318855148094,914.4878548068244,461.5391505561991,122.89884908858116,0.101634572617995,0.2038757697957906,0.0010727075019996,0.3792368055044338
1,4757746.9985234225,2133556.901008126,152.0155690984262,48.373897871239166,13.246913998656831,638.5138617080247,148.37696151861093,100.9348620100215,0.1496042202146637,0.1489634180251947,0.0093588053212562,0.3921443353750262
1,4680263.556595779,2170040.792216774,16.95139422086964,43.829957505509945,6.565327191895755,974.588556423452,154.7003359221086,99.26484767955805,15.863232308174538,0.3186734383054353,0.0765330274983523,5.875234869751253
1,4669763.801187672,2170284.200499586,20.020801346372693,42.44549655013363,2.6192324568130463,240.32983067187735,618.5623423291526,225.9635094972671,856.3865071241466,1.6224173876691537,0.2532014774003226,6.94731329355102
1,4679226.000929637,2171985.1139193736,15.91821704926278,43.75821559720998,6.467987137797586,996.0039646901756,690.0196561033167,127.12254544084377,86.38220259525177,0.4503594873500771,0.0341036470837445,22.640685331162157
1,4679220.129226315,2172031.1682393947,15.897059680979256,43.759073901906575,6.473171216803211,990.5423482915244,675.9016904175086,128.42957100100224,86.86985245424671,0.4386700066707591,0.0345669984617224,21.62536156770583
1,4678967.712894864,2172053.9782976313,15.86064848870194,43.72516673221244,6.396236634762714,976.6120435668536,594.1947367347293,126.64485450789824,98.74972567137992,0.4112940063427282,0.0414531660661121,17.208718977526697
1,4679001.808960015,2172112.228545651,15.838318774364044,43.73195473330784,6.416396799366439,978.3192219616282,594.7395191408756,127.04013651415406,96.70528215209532,0.4114752979680661,0.0403386068662981,17.15132042801061
1,4677918.936285291,2172308.061525333,15.598476606196826,43.59013219045594,6.099577170033961,965.2140368126162,386.2651395538244,103.6427055146368,101.6753286615822,0.3415863279967265,0.047443933324163,9.534564686277568
1,4677287.137313229,2172459.427627665,15.4130095842167,43.50886586819975,5.921096252563844,867.319728168728,750.5837893374962,134.87740264141047,99.4066146293131,0.3997685772988583,0.0434090446060283,10.674303823650677
1,4679385.366459362,2172452.002559361,13.648793869466694,43.79716116970224,6.590383890843255,937.1268599947376,585.6549027866847,148.71354605709777,90.41420987430772,0.3819956880828539,0.0367905836008565,14.70294587117696
1,4677880.25768195,2172603.216952366,15.458521815613665,43.59523609943785,6.142760415127219,1030.9260530410456,469.27672679516985,108.90723000531524,111.77021899722055,0.3747720643562096,0.0647096167289669,9.199851558429812
1,4677843.4346382655,2172621.874881182,15.443713431642689,43.59083680280791,6.134518039636691,1014.2827814130936,475.545226095783,112.86638901452972,116.97109913314708,0.3744281326460871,0.0600114377011067,9.109955113692797
1,4674670.5057188505,2172691.219654846,14.684081177358198,43.16168926324084,5.1094619356345055,779.5469216232215,1230.4330352753032,163.37367312182477,1301.9990978170647,2.1922207283001267,0.7471755903169712,10.344742903752053
1,4673661.0090848915,2175572.7518025385,12.0989686415194,43.122968170468326,5.740927928832273,493.2226117134116,2879.223475656162,106.68796655321968,142.792016536899,3.5614251877802263,0.1299139848776664,8.366327090609726
1,4673656.165460844,2175845.1805076366,12.037523458979752,43.13128733256238,5.83009179487464,437.1964138871325,2990.526994700834,104.86761835982044,40.65478303700553,4.112514786760305,0.0823880915244163,7.163289347073306
1,4676146.959329817,2176033.455982316,12.542440052746873,43.47663376330248,6.454402209835939,889.9667184158181,1546.021929425331,128.95121484028445,496.58100141439496,1.362520358005771,0.0287642330429354,11.8593693390373
1,4674840.789201825,2176076.807362757,12.242858423540415,43.29899672403265,6.162659280994908,647.3850941209671,2836.88452491466,99.9048530736927,270.01078525806656,2.6644991523342028,0.1185386738206102,10.66665847239612
1,4673919.209982214,2176086.6150181824,12.04000302014292,43.17454584641243,5.964442254246608,432.6560927216895,3399.1138341553733,105.55223950787344,66.1019871468104,4.179142127144604,0.0703128863215963,7.859666464608388
1,4673937.626623581,2176089.6208290393,12.043273854665388,43.17712389176538,5.96929162091499,435.6130089149313,3416.028914400937,106.00999822548468,67.89678880029349,4.150851562018829,0.07159617283651,7.9471629380967075
1,4674113.367091205,2176119.500049033,12.07464060074884,43.20179801087473,6.016102495942929,462.6486167746874,3501.661062460091,108.45157331731104,102.05834839729906,3.8810984899028607,0.0830534217213706,8.781554645415738
1,4674091.766294009,2176122.5955068553,12.069349029974868,43.19898514516517,6.012482016756844,458.5802556330573,3507.978935842051,108.29972091938892,83.25085864902258,3.922372111917388,0.0810480358145742,8.706414865875058
1,4673987.123863818,2176123.11924827,12.0467980097181,43.184892792448856,5.990476413571181,440.170138760659,3489.244501799172,107.37031549693371,70.07208316012192,4.108227978539124,0.0723568382023893,8.168201670289934
1,4673934.72278659,2176129.5776083716,12.034273275675076,43.17804686935325,5.981521861819453,429.77558165927815,3468.819400120836,106.32632174655488,63.36263998853127,4.211031525761307,0.0671445502242135,7.92732139815854
1,4674061.119438767,2176156.605702771,12.055727157181892,43.19597137126651,6.016781910531512,449.2153345623158,3558.661672107617,108.94255089802022,75.39339468280484,4.017787796914774,0.0752604190832808,8.505141773008887
1,4673543.9385136785,2176168.379674857,11.944089819947193,43.126831831940926,5.913822046811007,339.0416502576952,2686.9469734138297,87.66964259754874,14.65843698785574,5.078710754752439,0.0265858234521565,4.843855772728968
1,4674015.113294627,2176178.3007719484,12.041334778410642,43.19048106095855,6.013995094194942,438.6127309714053,3584.9787855740237,108.63736118545444,67.58286507063443,4.126021601538421,0.0693464329282233,8.33839605643205
1,4673349.335714997,2176201.552877727,11.89711344118038,43.10187698170528,5.886198845567283,297.5329646159788,2156.8530118102503,72.39935649767612,7.22271956009063,5.466862656596481,0.0122355683591293,3.167818239047224
1,4677420.706414084,2176182.9167450955,12.794998377014483,43.65874129550063,6.797138155151633,1117.3420654180932,799.0065062499085,126.39929356394728,128.2798954453349,0.5802771404745857,0.0248260358950732,7.1865208648529775
1,4674027.571608703,2176208.9972312804,12.037680011063232,43.19317079901062,6.026389592996803,440.984565471516,3640.1276697847497,109.37783480592972,65.96114803876642,4.138671320069774,0.0675751473817471,8.412793967814453
1,4674015.313242103,2176218.2419876857,12.03312540634205,43.191821624276,6.026769416064611,437.8403941848016,3653.114287151498,109.38300771173684,63.69726473360831,4.171712108299494,0.0657040098719061,8.373133264822071
1,4673188.225604191,2176480.630939213,11.803276140436688,43.0893857893932,5.949367178875403,296.11272094559945,2287.7899894126176,73.10228209561855,3.0214344639467954,5.496745528849151,0.0083139057169729,3.443548759616994
1,4672389.102295989,2176594.4078544215,11.623551538366144,42.98697298043117,5.8491548342979165,476.31800424277606,2334.258852499825,135.63489664781574,6.191548876936942,2.681583481193548,0.0608237066302098,5.895718440720189
1,4674144.648940066,2176832.328006676,11.93979548075637,43.22941686202356,6.246329666394449,443.5195493966834,4741.313957598343,125.39865882172288,36.51452456927263,4.261549748474344,0.0364677577772631,10.072149957578544
1,4674767.710636068,2177047.3971650214,12.048530472114688,43.32127025523877,6.435121604801234,575.7760443417734,2910.8754611438367,105.66523044864326,47.78864382268405,2.64837318307281,0.0727972059060913,8.442392144982565
1,4674921.75502333,2177062.0062124636,12.083594192619488,43.3428319610934,6.470429834947439,604.1418329022416,2589.568766445788,103.12486770819471,39.61387912614047,2.389958052749315,0.0790308362316689,8.143210351746575
1,4673576.322669753,2177099.50512896,11.757552042371632,43.161289211843474,6.224140480135915,562.5290481727664,15604.08585274252,110.87129306638788,25.186458807866952,3.540398807492392,0.0030543635544773,26.107814548017927
1,4672934.297226929,2177215.3672197224,11.592971709072408,43.07889357236669,6.152198373840438,444.3190706467888,3437.3713280644515,108.38736675020772,10.115506613927492,3.527701093003349,0.0200080994868289,9.618246567853998
1,4673432.557238196,2177299.9391105366,11.685267601330098,43.148338492887255,6.263491673994183,410.6021534670661,5644.856258964266,104.0381145244325,11.751123044224297,3.529961255858718,0.0076802451615544,12.002996482793396
1,4674063.125041343,2177419.8095244565,11.811146502611628,43.23739802155905,6.412729047407371,498.6588806254963,4164.636430500542,116.29496901733243,10.472985136010337,3.263352552720479,0.0270850929908716,10.41522675629106
1,4680171.84265156,2177736.088333262,12.283069818001172,44.10521302561767,7.73367464168326,1158.2342268585803,318.06909097085065,104.07319400087884,67.90560139039327,0.3184675195754168,0.1160566138079537,2.042798149870509
1,4675350.273432091,2177788.554298639,11.440301545738276,43.42577270128604,6.760907018510294,765.1525029140624,1275.3805933740264,101.80043683679904,4.671586107049875,1.3033491755678264,0.0117894171697191,5.311382865236563
1,4675002.099366333,2178364.751141714,11.343928100105972,43.39646124175455,6.857007309953136,730.2064316283258,713.177376786314,115.89650097062687,2.694576018559768,0.7779781466215696,0.0086948055609558,3.472390391665039
1,4673028.80748063,2178439.170028208,10.99561220661851,43.12953166545925,6.564850791125436,682.0781182196189,1593.5574710871997,108.29224943401027,10.778553448940556,1.5035110163054892,0.0388550150196351,9.007365326289037
1,4675159.936546067,2178517.6429801383,11.364783547088944,43.42323470418228,6.926816973495978,812.4486574213086,787.5095842297968,147.24477415023807,1.5720778823372268,0.8607777944684277,0.0089021148317256,3.793338683037912
1,4675080.476185147,2178631.7812923063,11.343560198740803,43.41590730206205,6.944370930379218,822.027821598854,753.4157883996779,131.23169401916394,0.4500107119784707,0.822845087352082,0.0086945144446302,3.728761022542842
1,4674396.087540125,2178651.1459311415,11.214050042596767,43.32211566925924,6.835972431310312,758.8637762860345,854.9524628996423,97.08036591696371,3.7730023092206415,0.8728053961625646,0.0059042879299017,4.118971133775487
1,4675182.57908351,2178744.8995373826,11.357229663335358,43.43370100015253,6.992631007963362,861.2392882273043,719.0025680848623,122.06079560309776,0.4724645545402403,0.8038648038555136,0.0466228782748699,3.638566259938579
1,4676423.477523277,2178738.6959748254,11.601167825993508,43.606881973423306,7.210288685920434,1063.9467997650338,290.17827360911764,88.2168289544115,0.911706116589724,0.8899589993084338,0.0914002059548431,3.0666030480130035
1,4671906.603782791,2178776.7708465615,10.986546675098024,42.98962443243586,6.533895001411587,913.4276846665838,606.2039339372103,114.21406020244656,1.908043227582759,0.5589020809991485,0.0408356188891414,5.340561671837348
1,4676235.720931934,2178764.306115061,11.563152737804192,43.58134964594059,7.182624924284338,1016.5854697362008,439.7869526140436,90.03697743841069,0.8255378194300359,0.7176498618906458,0.0979737796824414,2.8677341521879103
1,4676238.900782171,2178779.5587466527,11.563307605868314,43.58230102957391,7.187022816925623,1017.2722515948944,428.5568596457461,89.99717414201761,0.8278469929795543,0.7235678776284149,0.0988640695467624,2.87538753787752
1,4675583.068873669,2178789.0324834688,11.43324552712861,43.49083945799871,7.07331631080207,915.77717798529,612.1162608417644,93.14308301755176,0.5612598144363838,0.719025896697771,0.1057260341976616,3.488792982388046
1,4674990.91858576,2179208.1241308865,11.296840273325488,43.42187284493482,7.0863034357102,935.8704289863706,498.1929934055647,84.95715027211394,0.4116185067382945,0.5806964107522943,0.1237668378774962,3.075445157886504
1,4675545.192323537,2179216.4107205723,11.40856695931853,43.4993651941136,7.17852764505118,928.5695177183288,437.0460798902121,72.82978908745632,0.476153693240656,0.4564222324874243,0.1414167321495215,2.96761457503412
1,4675569.956377345,2179225.4700141028,11.41328372080282,43.50311849362878,7.184974429067749,928.5430458094098,432.50930241678833,73.39795456150952,0.481065892860782,0.4577993273083638,0.1433079101214958,2.9526177368036075
1,4674736.496793679,2179423.273091083,11.235425186729184,43.39332942813093,7.104902486378691,1003.1343017285,435.2992883180981,81.8839986020022,0.4337352181120407,0.4517562843651916,0.1246028595631729,2.995506782747637
1,4678779.171996168,2179412.393916755,12.071307917712604,43.965616723996455,7.790122765909984,933.4496086547912,374.5644760704738,76.6192327087072,2.367956830488985,0.3173890451389554,0.0610972917634109,2.994001991587817
1,4675667.177825744,2179581.5821578884,11.421714099354254,43.52815658886328,7.291988536537157,905.0452491212856,299.98017732636794,79.71425946060145,0.4095914690295258,0.3521013382237088,0.1875795879245977,2.3083194779159077
1,4675525.520812968,2179582.291752759,11.391934765610692,43.50831845714268,7.269567354170674,866.5754731032597,271.4835508719573,77.49033618664924,0.3541704666867066,0.3087751200555428,0.1843828427500702,2.101197908880637
1,4674651.1867892565,2179608.143078608,11.209458035621688,43.38724961123042,7.14220796095273,1069.8941097715183,364.4477088969069,79.1248757440798,0.4544445161356173,0.385232860990167,0.1307243718386752,2.723486850130459
1,4674913.2274664985,2179674.429727908,11.260747248914834,43.42571723317198,7.198960820442113,977.6201526620252,262.65388545199914,77.29695899793296,0.3364858857957682,0.3052638221466926,0.1476279857475163,2.2671038475091527
1,4675964.658686812,2179819.632167782,11.479090093828802,43.5776238377297,7.398857572729329,945.0778383964848,174.56766347978638,80.98969339983849,0.4695064479324491,0.3087627271428481,0.2145594113976676,2.53179089443454
1,4667423.609023184,2180004.468904235,10.695024677404376,42.44728726506024,6.788790751043622,209.16561442436645,1670.6546436940278,80.84805387116295,0.7683106302928998,0.4652185587049428,0.0598274722341313,3.931295054293358
1,4672753.460366856,2180020.340619672,11.026336115956507,43.13924733385963,7.013814460155952,969.508091430013,163.44516679049897,78.55705398333104,2.045352830934668,0.1956891285815889,0.0528701458141891,4.2957789749501005
1,4675721.881470126,2180057.6214432246,11.421793735159444,43.55099144374664,7.4195843558547905,959.1978646122648,152.66458708192494,78.34436931092277,0.3657030101942413,0.2338847253392902,0.2557206268808769,2.251538494466399
1,4675746.704013364,2180100.53673856,11.426389269927958,43.55584692533227,7.433944438741534,969.9628728422374,155.10808990092306,78.97506773230978,0.3715683010082404,0.2314385572808365,0.2604837497382412,2.1349983974206066
1,4676267.212708429,2180119.5055662557,11.54015652742447,43.63002753621476,7.519011059707981,938.4817952962004,176.63067247055264,80.14995947740792,0.4931764428527236,0.2988402224924933,0.2668244892387128,2.6009440650169853
1,4675465.399836584,2180480.0111024315,11.35822817986956,43.52809515606265,7.485656985127802,1069.555479101624,146.480294522219,82.98512394634729,0.3113648312153085,0.1854975068722145,0.2797476354473832,2.1174087100459538
1,4675453.43263391,2180569.13807824,11.354400284689252,43.52916954207062,7.505805747906661,1069.4863046991409,147.23739424989475,83.46030665766118,0.3115280389057354,0.1865613121529537,0.2869633250291409,2.1448800945848268
1,4676174.190745475,2180623.9429890662,11.515871008646334,43.63291010930038,7.623414982817238,968.1743518268414,184.1007889877552,78.14128654752894,0.3979642906456171,0.2452802928660357,0.350502643854437,2.5980937496481125
1,4675689.009357586,2180863.0380632766,11.405250095750857,43.57154427194636,7.609797980830694,1080.937958767211,165.93752425864196,79.38831340577339,0.3189252842009254,0.212281380249497,0.3493249389480325,2.3143336382995976
1,4673386.116380561,2180908.4925883464,11.157352671758574,43.25110584788761,7.332957871690471,1087.5866500567354,196.6261719150124,80.8844731109078,0.7192021986687492,0.2300177315774127,0.1085937964874616,2.345894502629872
1,4673444.671921789,2180914.28208407,11.174820948521598,43.25933757470191,7.340869110290789,1104.8594239251177,195.5850551139118,79.98147030838695,0.690114068712138,0.2330170471443428,0.1129406298240772,2.348038020395102
1,4674748.2625225745,2181762.0915036513,11.587704978313052,43.4655179179855,7.702909903329401,1250.4591292099112,189.98751524904532,71.43889156900552,0.3265516199374493,0.2086831252401921,0.2608754429166566,2.204244677053707
1,4673668.292683135,2182523.6833921215,11.285365930072102,43.33508452885418,7.771074266293218,1113.7551861483498,187.95774373373203,60.74206492452693,0.3279735121257391,0.1957449058863691,0.0764951026731459,1.905525871547595
1,4673899.526309517,2182877.4577954663,11.387853390529704,43.37707341806009,7.874842232519279,902.489299754658,182.36881288955144,46.1913185364949,0.3176315492168844,0.2000693718877897,0.0397231854310245,1.6792081046261418
1,4681343.335606737,2183668.4342612866,12.83314342143806,44.49572679501396,8.893091774151202,925.9721908593214,207.58204981668283,117.45505408420269,65.23254880151191,0.1112290298118907,0.1787981397744157,1.8809659621447865
1,4681328.822584595,2185077.690321016,12.9276641164748,44.54247737016591,9.073258839078534,869.8299219741475,195.6263179591133,79.78461427560217,20.414412407964637,0.0842981781611662,0.0600331141723217,1.075607024241223
1,4669103.0245622285,2186284.317875207,12.938294203314683,42.78861236008345,8.405041554006488,786.665767597986,150.0088885884377,124.84877034945796,0.1559623255174656,0.2121751755561713,0.0125466220006139,3.580795276744809
1,4681627.856642106,2186464.035008464,13.08635696119557,44.635575212339695,9.261434554158123,840.9538251290016,202.72537915935612,93.55549157305887,21.36674069437389,0.0876560545974422,0.0681089459828968,0.7081880521928002
1,4670242.366679607,2187966.254492653,15.191200801831052,42.972160010251926,8.680536093271648,430.4896569526706,212.10752976235236,160.02286961736058,0.2119402478867291,0.2101346023951214,0.0097294680073965,3.1877125922852176
1,4754622.890691925,2187915.175378415,69.81851858905725,52.79198308553549,10.135985324286102,939.9131829266604,285.78570742581013,54.07800100219463,0.1213792057270749,0.4259848941527162,0.0199619293189276,0.4611324383438296
1,4759397.3572792355,2189085.934856966,73.69943060517241,52.97635613111645,9.943387622399335,854.9353202927447,223.1784528295644,23.051482410885395,0.1057386656331423,1.9630449612501184,0.0142156559241575,0.4842570981644283
1,4747501.374287644,2189185.4623516193,68.15802022094731,52.64664116723635,10.201944220769432,662.1667678318067,393.8873622830697,110.85413354653176,0.1495336734451927,0.1348238583655839,0.0552036597058698,0.7604736161775141
1,4752977.811645447,2189760.81278384,73.4882392846712,52.86900359492281,10.253443250094984,910.116293161978,279.02606765536456,60.61457991607963,0.1461583256616938,0.3918487093917131,0.0267645426603834,0.5983165147767213
1,4752447.552341535,2190125.800408181,72.80411472815408,52.87874902466996,10.273278363047435,894.4276345068319,286.46920983911843,64.24285090937984,0.1524665000156057,0.3833833139748723,0.0304324858917891,0.6118167625313377
1,4729152.597335905,2191004.4749233285,177.7142767222517,51.717757189594906,9.062218394208353,997.334220125938,985.6049201368908,119.45890307770918,0.751724378198894,0.2726378176039559,0.1230457005217558,8.280586448564978
1,4765153.630769474,2190893.682191192,79.27819875029981,53.14665973752509,9.593522021226754,758.3448418702117,188.02517936560665,80.68055017104507,0.0950465027624642,0.5200715885161227,0.026990344848887,0.7685793768873936
1,4767524.9635286,2190911.1715173777,80.20539895112492,53.16167910538334,9.413500976699986,727.2478209563609,172.52140476658167,96.67124877335192,0.071479491808325,0.4606061158340155,0.0275852516118424,1.107330052155216
1,4730154.887117916,2191304.4662683737,180.696183053974,51.8316142882725,9.135287766572745,971.8112512867996,748.4569288115623,130.89734105981697,0.4882185809855986,0.2867865053711105,0.0952833014692703,6.63123463787267
1,4731349.45692837,2191810.1397150382,159.11231682158984,51.976804238760266,9.232840127380952,897.0562810106235,656.6667444886053,157.95360177545436,0.3748297474506933,0.3704695210622603,0.0486263798795745,7.067609694153491
1,4766074.97135089,2193257.2018385073,91.78657805512076,53.25728573107576,9.585445102980906,661.0179563517323,170.97916901245793,112.34678063212108,0.2240655201962012,0.3957774534092081,0.0292732830850819,1.046603407533187
1,4765774.158693704,2193822.6773742703,96.52763192712383,53.28044731787105,9.609900498837543,647.9817023725261,174.8171270495435,115.72974123564116,0.2308096126708572,0.3779644660467449,0.0296103762805547,1.0620544043409277
1,4766428.156529299,2193827.447056333,95.0501496783055,53.282170799651055,9.56186749700196,644.9956409913857,172.6373813923893,118.62727900690044,0.2265553112738113,0.3735553158340335,0.0297504792456064,1.0931829928874424
1,4749452.992627944,2194506.459298851,70.8805747696043,53.09484504833955,10.329271240340836,947.4114579999996,326.3827893476324,64.82541105285713,0.0730730000000002,0.7132619999999992,0.0139587,1.1232725629835556
1,4765302.786713062,2196588.753968058,128.3112698271116,53.393088852655865,9.587010432871905,560.1294700369297,192.4666740436176,147.93905833266675,0.2434599268107168,0.2861980000302844,0.0314037387836716,1.0578278374625012
1,4737886.555943038,2198906.379239629,110.656007126518,53.04224074089306,9.578363906903665,762.7028901828329,300.6495737297228,154.65841486910003,0.3224938940927276,0.1227310980737448,0.0462622174939652,2.570091599313036
1,4732441.078272566,2200117.4870490218,225.5626578538052,52.86775151426357,8.996937628137308,1112.332303569986,252.4137431187401,120.71513065568747,0.159585290646014,0.1460416665975787,0.0550793176549558,2.3912639375492644
1,4754819.243425221,2201068.7019600235,97.75453090510418,53.558487865264034,10.06057636424856,545.8039350049912,330.1551588004687,109.83925909474812,0.2981073106857479,0.2657918686188352,0.0471967072953306,1.262686918186234
1,4725962.333173329,2202247.571612542,221.54971400768525,52.59238646790918,8.262173662385655,1148.0382687419317,285.7569264056376,90.78727525038394,0.1517763107961643,0.1863570356394419,0.2921776022155152,4.369293172424798
1,4725121.870399776,2203382.8323268117,218.9340189030933,52.63434710197093,8.009076176333664,1163.7643706091417,288.11705327103385,112.91064571773916,0.1781701663580115,0.2278491689663852,0.2039770032669441,4.2161924344764685
1,4740686.535162132,2204238.914721046,114.32872722952943,53.56098239830125,9.3646634693318,683.5447088177289,433.62715757369,84.27943422489903,0.235649450582357,0.2557496579045368,0.0313298630587959,2.19946909041308
1,4768348.847807286,2222589.3800559863,81.05508829536268,53.69452156097441,5.582427691962602,717.6937926938987,195.94087967105236,105.33166436434831,1.2346838889162253,0.120631809856868,0.0270079104872272,1.2856813328307168
1,4776609.857541939,2223749.6825148966,98.2329830113316,53.47490559368121,1.9893229671046395,691.8832589283597,128.9866309331418,97.22932072266548,1.2412759417564498,0.178910793157115,0.0247946349207408,1.1240634252360195
1,4771111.051902276,2229081.9715550947,75.4415943127594,53.446753095170685,5.746265623500501,813.6426641547486,186.7150775993977,93.98297205592088,1.5073010062338417,0.1243467433415969,0.0287031136493546,1.0387979834766878
1,4778625.755377701,2237564.35661894,161.1905126534469,52.86151599319572,7.536497082597792,773.2330845757712,139.2183571135714,72.25486477485157,2.0727878585468287,0.1714728827400275,0.0172119430516849,0.5766387926558777
1,4776892.217299412,2238593.506482685,86.80736449878266,52.85640292511727,7.805478249821185,817.5783361509474,139.18082827336295,71.38337163463272,1.981927127310886,0.1850412222201344,0.0193378319937615,0.5785821176390877
1,4763387.630000797,2241094.093588233,77.18980169691952,53.026019940780095,9.384873338209728,1030.992549134197,196.4642749095924,50.45462862004399,2.0284187433112013,0.1184746995180845,0.0301638181895692,0.83247092784049
1,4764398.065463972,2246340.6159780775,78.66734670815485,52.65881965476997,9.663731431673744,1054.708431429911,170.21912253911194,31.888776003645727,2.186245684959073,0.1903515238610574,0.0293011270277871,0.6946493305504348
1,4766676.375839517,2260331.9823146826,80.50671299915156,51.53996217066772,8.599644416330278,579.9689086605138,198.1581202444968,86.50936564429095,2.2810604232787304,0.3598318397829922,4.414656922935473e-05,0.6830960184543736
1,4771926.421519094,2261070.781133429,78.1913289528618,51.40941195067416,7.782995231293862,521.1272706525749,190.4515817491064,77.2940128269588,2.324677466925345,0.1779326496468125,4.471571504624584e-05,0.6831332034067072
1,4770628.500811216,2262838.93928995,77.3760656950652,51.28136594056237,7.540954658118282,607.4239388408655,212.66404731043352,54.48813383085069,2.222191380229136,0.2927932274946743,4.601706990312407e-05,0.6834873339082993
1,4665871.388674496,2266443.982672982,19.81706716077486,41.26440794438728,5.842645739837589,811.1546290037039,3728.2828009196,138.3672183596332,1.480798935784243,0.5380468070729658,0.1084126157744942,2.1280159883123133
1,4665963.7600883525,2266490.2458643005,19.80844722808794,41.276973150002966,5.81666326706665,804.8501299125046,3941.304882858056,134.44695869326145,1.4440516904069869,0.5667370537234669,0.1055852638972385,2.0996501337705937
1,4650957.542945504,2268330.6486672987,14.093166161758502,39.02794618862267,8.476077697631995,777.4030218106202,356.2720424265501,39.86224570904335,0.1704884529938538,0.382646433939468,0.0004049855794363,3.0363731964032232
1,4664224.239552494,2272540.893212027,29.581461540733407,40.79169851763389,3.666473289562246,804.042306095082,1338.3329916243729,117.2263835764711,3.41688174715749,0.2306756697985885,0.0960591267791051,20.86948409961147
1,4657467.356933679,2272816.990258864,34.83794895767384,39.80547202719059,6.104810745199348,820.0821375201019,308.46658310649804,17.11423615295421,0.8425889381714269,0.3220096600462501,0.0743152602132727,7.922594062285121
1,4653996.66201615,2288426.5681765354,25.41192277265952,38.88492023377744,8.10754266985235,478.9718294880751,290.96383542883257,126.65739772651618,0.1959849047399989,0.1018567032615915,0.0975676227177916,1.5066686567317429
1,4653480.364333263,2291138.8377235713,30.939195485271597,38.750400829441816,8.61298335807982,449.3263262922766,155.06994327026575,138.41954508300066,0.2136423354237389,0.0923355601960794,0.099260214602312,0.9640083636420668
1,4707129.928126135,2291888.856156282,182.90633594036092,45.81064814057672,8.972317856278904,534.5758629603431,253.0051386710938,151.63131282297456,0.1433102569001464,0.1070645126034372,0.0893316872717948,0.6770321343165546
1,4651757.944238658,2292323.723476169,26.72677838780873,38.497621368423474,9.015921385239832,470.6595107442703,176.69287426632806,127.7571476504696,0.2034514408330134,0.0792546921462764,0.0943141797038929,0.8008373788105396
1,4707007.527099717,2292703.0087220124,183.90479183331635,45.73212100048431,9.087328305056252,511.7288984184359,284.4268375639931,137.14664814526182,0.1547389925163494,0.0904974012823301,0.1037179350425354,0.62905759106582
1,4790776.823350571,2293307.8756713653,92.63319930871756,48.76269749152608,8.604547667254726,662.7477508758876,181.85274503313812,62.01767659028775,1.6269253759465785,0.6778431094639027,6.481740067625265e-05,3.177923781639991
1,4703011.721141952,2294711.56574481,188.78115270840087,45.122717250450485,9.680004047719905,482.36195597302753,329.55575978587933,103.23084157589504,0.3458051425093875,0.1069122785016514,0.2729280886005687,0.6365721676515098
1,4656265.310627781,2295313.954622728,29.953801841350067,39.01374569147627,8.854995652018593,518.8913484361744,175.56894259860985,176.01222253819736,0.8359082407528136,0.0947175447741283,0.1087975426912162,0.8152113376816661
1,4703466.741644777,2295603.365769015,184.38325032648143,45.10911171797305,9.718753722679171,501.1496152887568,407.668730451805,119.73294043201922,0.4003465299863391,0.1048929570532439,0.3076465741089331,0.6368817569801529
1,4651063.749094586,2296854.092651775,16.61917253061804,38.30968279954348,9.58027851010664,2303.77021593843,248.51980355407144,113.99084146843492,0.0810533403717753,0.0518394865736305,0.0319113794501161,0.5609870393927805
1,4664091.264802693,2297603.37740774,45.7407084936928,39.97506361855109,8.508047789751942,781.2753323971954,2672.69738796324,80.57382959776233,4.944484013832047,2.059411399264885,0.1234635022088196,2.091564438800836
1,4662958.032085452,2297624.1137945163,45.90526478443987,39.82603101840757,8.576156928297769,783.0315613168949,3928.741991887046,75.36431145251105,6.445249956800708,3.118066311635639,0.1226671902026214,2.397967316732057
1,4662393.378187963,2298253.6164277988,45.47515847485688,39.7341716318592,8.703494401065269,741.5472767212513,6892.808087885017,85.4511340384987,8.389850114987073,5.3777691365830975,0.1215838691570248,3.6741492405229175
1,4662256.48377797,2298478.8845264185,45.41333788127338,39.70993133097029,8.742734243777198,724.709249141645,7843.074931930996,84.58762588697545,8.860312486115745,6.096336072980725,0.1213298326556287,4.161058644913799
1,4701770.249738457,2298463.964913447,173.53961225598997,44.70948568073705,10.016191963606762,502.3482332115491,486.8703906673928,130.394569384405,0.4235347419438127,0.1040364553572857,0.143036182210216,0.5178003172179646
1,4662785.067583177,2298829.5963353086,46.33929945730953,39.76855308318863,8.755314005869531,747.1513751890986,15806.99740011175,70.25659952758747,11.870150636701933,11.77533561403139,0.1251234620150722,7.628699683023298
1,4662194.098182797,2298907.634875735,45.60936421607581,39.68963942829421,8.801471725675231,705.5644137855587,8903.388911526106,79.43598071323122,9.284647991980972,6.974553401297546,0.1209194954045936,4.80470619955411
1,4662304.248092352,2299007.4278330505,45.83715064088371,39.70108082467456,8.806722320840048,716.3187641014787,10881.498848743742,76.81117999485812,10.226168349188484,8.492887510444442,0.1228077424406901,5.692179941135619
1,4790527.595137557,2298466.53414421,94.35965407604668,48.39137547801943,9.236581268387312,586.710374245358,181.8756170239533,54.5437357851558,1.57088049920303,0.7176591237911562,6.488743744198795e-05,3.017196793298305
1,4662317.128825585,2299157.1802500198,45.96579698842395,39.698486990625184,8.823907389711367,709.5288884215009,9743.425077314878,77.74447448925575,9.821240344857504,7.856346496267711,0.123164723195154,5.329129760092746
1,4792000.575092584,2298515.264015951,95.26049671207974,48.39046581906772,9.373980360643603,596.110908822493,181.63075998482375,55.30186279607349,1.6434986737039354,0.7237621382062426,6.488128082310626e-05,3.1750844835435417
1,4660948.298689623,2299219.831944581,43.712114665339776,39.51974921605724,8.922736686972456,628.9089268732538,1309.927632592565,97.92536316277136,2.2589013255851618,1.100888814003931,0.1140417000046764,1.6635026012178344
1,4662970.980081076,2299264.43632618,46.84407972865436,39.78009788862471,8.7980715220313,731.0322731724625,5208.521767892697,92.94400276794384,9.63046157719347,7.077611777596212,0.1165339627063809,4.623335643979499
1,4795498.825446062,2298757.4683641815,114.48645614711069,48.378164445588,9.698736353623062,530.7994874098948,177.31742523767826,48.79833733583636,1.6945345441416837,0.7704996200617287,6.417913313039042e-05,3.501564938825945
1,4701639.898801056,2299297.130518551,170.41732358785163,44.63593728522225,10.064941523861323,530.7253629951063,498.3692736189716,163.69481835424696,0.2709376969368477,0.0999401909497215,0.0802088784157594,0.5146691635087557
1,4661054.008364657,2299564.5424368186,44.25322826006536,39.52392492524631,8.952744229810774,604.4212784144504,836.0406355062729,99.33977878306976,1.3253407116374925,0.8670675037726837,0.1160522468908551,1.787205300281364
1,4661087.793650384,2300013.501829971,44.80371135813996,39.51594984319495,8.995918867021453,572.930462737565,245.59545691112828,110.71583176849497,0.1839040297041681,0.5631896778832901,0.1169455916909425,1.9753650903808235
1,4661185.869532184,2300128.3071578275,45.11710929398449,39.52540037328159,9.000375068882816,588.7542481889927,498.91863722710247,103.59015782125428,0.6736998319267677,0.6982585805162901,0.1175221169696861,1.915968044317244
1,4661437.661710628,2300126.732934272,45.548726497947776,39.55780209697713,8.983680442136675,612.3774323534454,1025.4790511980416,92.58856502293897,1.7056112073850884,1.0074064121795698,0.1185835416157693,1.8783335219738404
1,4661502.303019177,2300202.5737477425,45.74097443087517,39.564008540775845,8.986746342818419,624.622513258083,1205.147236824425,88.9279095384896,2.0906768388517047,1.1242516594636622,0.1189791923316298,1.8957650522400904
1,4662761.532903578,2300523.8186867046,47.686775115577184,39.71678761049252,8.942299546323053,686.4365678763767,3155.224649356177,78.0334833924265,5.951392068940383,2.732572786032748,0.1061169049569678,2.530833134390161
1,4661943.529733564,2301375.1344103543,47.8704137019712,39.5878973472388,9.058064067984294,708.8335046879937,1390.9801595686167,51.24510077825688,3.058389984791239,1.0928552975406438,0.1077537413327892,1.8283285894147037
1,4769170.975459211,2311091.850045574,39.87593263429744,47.25528702902694,8.987149657753319,516.7350085114724,311.5780934500037,68.81284842841049,0.260531372968888,0.2988911811958079,0.027587868317954,1.3674473668132638
1,4772616.971089714,2311321.086617965,46.64114937576705,47.275559064799154,8.676562902023502,502.19536284587593,310.992612373541,68.33000952073715,0.2775061856652046,0.2843568525736441,0.0272016318388468,1.3396593685194822
1,4765875.217213072,2312025.000784455,34.581232412037785,47.13443556174994,9.200965703505693,526.8929734674269,311.5087787215841,63.878743248551714,0.2130944941089352,0.3032197305950538,0.0282321301156008,1.383451587826085
1,4770143.658096002,2313157.058591113,45.266848702011536,47.09479774302432,8.613829010316636,510.2497428066696,316.821190097679,68.28529147929827,0.2497142741055557,0.2953658443589821,0.0279381832612573,1.3365660466802254
1,4764998.396902491,2314546.284392881,39.45779226124332,46.909604311637295,8.997364684209684,527.1824741894607,309.6188871755756,65.18809052948903,0.1908799479775295,0.3159354466458579,0.0296102232733331,1.3472698866398332
1,4767648.812769719,2314583.275443104,42.35124137130235,46.94379709017437,8.670008623410215,521.1379122454796,312.805730270976,66.92424790915065,0.2212282040644675,0.2992969882374156,0.0292194620487446,1.3223679797765613
1,4770841.812148524,2316664.4561985335,50.21430516223543,46.81156800493715,7.876532445751412,514.1307561555795,311.5646890754663,74.55855321282225,0.2409503241569453,0.2900288080855968,0.0281786178989668,1.2732533535617303
1,4772565.713157548,2317006.5469241827,53.69147236237786,46.80447791959516,7.579155407849885,504.78044960780574,311.50646121777254,73.18873906857202,0.2495660962439868,0.2978598686620666,0.0319241840641334,1.265709447453076
1,4767590.605252757,2317640.5325010447,45.68888394611315,46.68744564151643,8.157416117003475,528.7245764607786,310.51926066111554,72.55142112374514,0.2187137350927471,0.3004407713246303,0.0295424046492611,1.2647778242093712
1,4763111.265825537,2318231.551008172,39.495950791494415,46.57099325737601,8.757240113620185,525.8307477329215,308.91909991512574,69.21816504751946,0.1908551616717753,0.3036225759610804,0.029189087363974,1.2532840749321494
1,4763754.579667692,2318901.87770561,42.04236114779902,46.52529788730782,8.5674077580813,518.1812887290076,308.4217010213706,73.5775088952789,0.1973170137364871,0.2945702314737229,0.0293316726659371,1.238072336783541
1,4766163.612759738,2320521.953969612,47.77625217841463,46.42717197789762,7.884147204754973,534.7983340274618,297.43698539009364,76.67167000430334,0.2224929362597101,0.2722622792191663,0.0328663852695986,1.1551422357573076
1,4760835.684837382,2321258.7889333544,43.57908983697345,46.2799571932721,8.723176364895522,517.5204079337296,291.3046384374485,76.82057152652003,0.1425981018630416,0.2532850432010619,0.0272722993201848,0.9687593975992544
1,4765677.671363933,2321381.7569048544,50.5102861687724,46.34866804228098,7.833240787016526,523.7523414186811,296.59628481563425,77.48239842617016,0.2228247110641703,0.2656726805933791,0.0333574657425513,1.0937732445362465
1,4763839.731692419,2321602.94869306,47.421239364938266,46.30202105986139,8.165063167309398,521.6912833117215,292.3408364056519,78.3043432767322,0.1417749227782731,0.2633847491702903,0.0320266376612467,1.03735644403134
1,4776437.0978409685,2321657.263739651,72.19650669212639,46.467842721930246,5.672245768416784,535.8492219665269,309.6792183542366,88.61816323633057,0.2550078363975936,0.2781975170849243,0.0345609396070555,1.2007153952558236
1,4761991.805925,2321865.058808851,46.061289822194624,46.249869811773934,8.467040296941958,526.9348953913069,278.7019084544375,76.68422045117117,0.1437236882978187,0.2515524448368045,0.0307236064401545,0.9621885577507058
1,4769185.292064335,2322990.3942083595,56.95779160557024,46.26527190196469,6.707553047106437,537.093176544327,296.61192713243423,91.21090090964248,0.2399217527965915,0.2580631851860906,0.0348734837625596,1.081875565163413
1,4764230.776703846,2323023.684577314,51.89407936290114,46.19083290123621,7.883544585583899,523.6889523201374,278.51254535824944,89.16827120107175,0.1430839505146467,0.2536503250322562,0.0324002761168221,0.9539886449847436
1,4774765.722064811,2326088.728851411,75.92900757893474,46.081086191893895,4.216428893844132,522.3348126643778,293.0405235604134,105.22678593060776,0.2591020015074548,0.3753885475385115,0.0366879053488557,1.0115176061536164
1,4769805.610767868,2326730.8773747515,64.40142220026449,45.96698680635753,5.7024228153416,529.7782799987274,278.27558709916667,101.76828608639754,0.1476281540206634,0.3742439749648937,0.0379568211831625,0.8899111220848381
1,4774801.804099384,2327026.3391858074,77.37303619714251,46.004513817083584,3.848134382357881,521.1127126740417,292.7674146755269,151.16823854323738,0.2592165536331017,0.3803794257119157,0.0394973013645884,0.9489172173645236
1,4777601.350502068,2328096.6115550203,83.98200258554085,45.95124987142696,2.5673957555191915,487.4440585854693,293.0037405537687,173.6893921697683,0.2656441810713437,0.4110433081914512,0.040151605512981,0.9490863478219622
1,4778246.718696711,2328779.9536397764,86.0770889818443,45.90341246040328,2.077099612547036,485.8816129333693,292.9526039447219,176.7637686531393,0.2725171016803199,0.4143904371848331,0.0429999524180656,0.9459809535158116
1,4779521.711202391,2329936.6317357565,89.8921761799912,45.82664541906655,1.3288150590554226,473.1722024507004,292.9141250656636,188.2231931439415,0.264466327925457,0.4402986616237409,0.0433984974247031,0.9419291037097828
1,4777071.650310065,2331182.816008714,86.7302284562167,45.69316697120483,1.424711762319409,461.19760515901606,285.5249015087386,194.64097968732656,0.2693021287868836,0.4494834844345907,0.0439440712879561,0.831714448869189
1,4780124.7121896325,2331192.802517238,92.34070895924808,45.73488020215753,0.8188758130286208,470.6238844679564,282.12272856523686,192.86848111660328,0.275548238606475,0.4464286934851408,0.0433653025308127,0.9359997703032242
1,4780012.657951874,2332123.8302300144,92.99018283231204,45.65973502043296,0.5869825090251484,457.8542474311429,282.11257287362804,201.37749536371464,0.2748973600941232,0.4512856613776183,0.0437755617858184,0.8892301174335007
1,4779637.298828082,2334260.9690915546,93.69496711019164,45.49988780204792,1.5122296078460264,453.7580765731839,289.170464527782,209.80359368793853,0.1496944254101412,0.4630208288352447,0.0454909144682753,0.823425479755906
1,4778434.427880091,2335480.393137544,92.12305044210802,45.39421629018726,2.245973107755117,449.2708085344064,289.07982911578546,208.64197598792228,0.1361006213806709,0.4469388383121043,0.0470483029216706,0.8139401686086918
1,4785959.232186621,2337430.3446363523,123.52454536060829,45.40198829948376,4.895122619695772,441.2752112706943,289.5643329900549,216.91280263637776,0.2672198934472728,0.4624103821051797,0.0458113663190282,0.8271518762111102
1,4809118.851532654,2339764.66309952,120.41809654487516,45.716312645385,9.439016517690751,484.9323096798195,158.42325097275037,39.55558295563129,1.1148810495763128,0.5573044754232834,0.030881175374281,2.10936662506421
1,4681914.619596364,2340414.6444107406,336.90435272946286,40.39922961342142,7.59287092635998,821.7711636828125,1341.7728816044155,52.30994410092104,0.2004184510501426,0.0846142066526012,0.0604320815968032,0.7211004993366076
1,4682039.065908965,2340573.531863281,337.7170573002777,40.40319883891419,7.656016468739924,710.5549700080678,1274.5444168575175,64.91267808936837,0.1950552920703761,0.088037749526787,0.0459502107303151,0.6665746439756957
1,4682352.3336262,2340702.815232044,339.15359631894063,40.42521122237705,7.758669093360064,575.7993782311813,1199.12062110379,66.30970390768077,0.1891759930377057,0.095369273885201,0.0259224808405415,0.5858064509471385
1,4682293.39402247,2341055.467340524,339.6828546606859,40.40417902716763,7.815280897895829,453.3954712524894,1069.1096561265613,69.23175097423189,0.1774939430851213,0.0999551143303625,0.0020582314563998,0.5005208245336211
1,4782650.3207296375,2340544.972838489,114.6847904514336,45.11370765612136,5.122953140684968,413.2999160109452,289.41169733724456,232.419445630711,0.1361580673159813,0.4539412328705054,0.048238173745704,0.7520723559602512
1,4789130.498463181,2347890.277832366,158.4162997936255,44.72813394627656,8.354465630255762,440.9619864327376,289.81004884149564,260.3643819828195,0.1362505975082762,0.4171430859576321,0.0534858400516179,0.6739081567159588
1,4789154.530986405,2349688.625973027,164.97012871490944,44.601392000358295,8.69611235462464,478.96464293255474,289.8401211624273,287.7639475519544,0.1362279509075043,0.408898907982297,0.0540765513551054,0.6716285410969532
1,4785036.083469606,2352183.397257785,182.47771030855796,44.33379289806108,8.67550756257366,530.9226292277943,289.6706422888146,289.144824337279,0.1360698266700178,0.4269226895251559,0.0607965352936767,0.6626332922691293
1,4788697.690410555,2352680.653117014,176.98759007234966,44.37874089317661,9.106472371041974,512.5869894299567,289.8807145766383,289.7386071819068,0.1361803114587013,0.4195810512254938,0.0595178321676907,0.6676436717633044
1,4787665.740528982,2352804.058714035,178.66634357429925,44.34680849255429,9.01277430243342,534.8364257418641,289.83046205451603,283.4026469531424,0.1361481655900076,0.4213927199545233,0.060637966671323,0.6660510866949291
1,4678517.176382351,2252461.0820815377,114.50200676354493,43.84701615873259,9.341911788700983,42.77930075508952,27294.892149605083,137.0314438465192,6.082485548014224,0.0603807845827288,0.0013386301185379,8.12527593856799
1,4678661.418313859,2252717.746034152,115.9273743240784,43.86420545476702,9.33884369115894,57.86938483416458,17208.95085749198,208.8033243717524,3.8272579951971535,0.0739007270083263,0.0018139756772861,5.3077916162234
1,4679062.878144841,2252981.502253997,117.61087578079446,43.92688695645236,9.354089314700882,105.52492736119947,5992.970680818929,196.64631107614264,1.1425994673509858,0.0664081650963865,0.0093153349189984,2.500044916302576
1,4679198.098575824,2253069.2659511957,118.22196318104248,43.94799677604923,9.35926919930264,122.77611412996136,4444.866832725275,176.8617414248298,0.6766112838913101,0.0591267723429198,0.0126727295020954,2.0743889643659483
1,4755593.14204197,2312925.2158524236,56.94495205494037,46.87920018472826,9.954131724978897,411.68591513785634,310.33617122929417,118.20894029022338,0.2228464173099223,0.4582180932465458,0.0418703425976457,1.5303295564416988
1,4755649.195915116,2313097.027839054,56.22202856018123,46.86570337433276,9.940427680322964,415.43392471805976,310.1078080081012,117.4178626630092,0.2107158070911848,0.4377535587390869,0.0412113812254096,1.5194982822634795
1,4755703.8948736815,2313334.864889775,55.16431449090448,46.8465406986121,9.922107555706123,425.2622923041348,309.78228255141147,114.40396989400672,0.1925194207711381,0.4088765095780505,0.0399719883560703,1.5052430848869147
1,4755632.519629452,2313557.1357516954,54.40791974802634,46.82601276868324,9.910259918982812,438.4697921427164,309.49525757441035,108.81454977601022,0.185172972594431,0.4004940518758397,0.0387665150687792,1.4949207906057629
1,4755725.163979505,2313561.796977461,54.14953299301714,46.82760789186021,9.90569616169422,435.9105561376717,309.4637641164728,109.79734646393445,0.1819389167537839,0.3962151651765744,0.0388617026121406,1.492443540517341
1,4755681.104669135,2313570.8461447866,54.22565101265215,46.82588801981389,9.90710572639191,437.324499028227,309.4627148342633,109.09254949240908,0.1832676033713393,0.3982580425901219,0.0387830901730562,1.4929990057641045
0,4821782.589045856,2278515.1207323894,236.40009526946386,49.87420340105605,7.589426172285104,410.17956528351044,252.91853268241667,82.3259550029403,0.15577232918105566,0.23056236383650905,6.926141734216698e-05,0.64511332335163
0,4817194.650220976,2440492.417225089,307.1376865402757,42.392168033391435,16.50726806345421,623.5685567827844,279.41529275551676,187.98011911603174,0.14164336682274495,0.3425442160737358,0.06050994796430774,1.1285836122891908
0,4590586.789259738,2283883.868782841,38.4526771530336,34.699630715212415,9.541334233874577,241.46811122197735,281.98790038094114,34.70205196322983,0.2537786753410644,0.09507725900103522,0.013132531850721833,4.497631781527222
0,4703456.68564941,2179775.9935072977,17.935623840693076,47.565016629912364,8.339467289903624,273.0905285426197,3309.669890604373,35.36899268646106,0.6029718951439218,0.6656526684570051,0.008824067457876127,6.003502187150246
0,4840996.971357106,2368458.1501045525,168.5365919354281,44.93998443464173,12.64109944268347,525.4920327827823,186.90937306511003,48.80380720508912,1.13333345240629,0.45881187451125316,0.03460453213353178,1.9998908497301329
0,4816102.1224523,2239161.026391073,345.7841256610885,49.93191798509533,7.7616432520773895,451.4348207541296,237.10592899577608,76.22984253685304,0.21541485926516282,0.2402935166856634,6.307483438241871e-05,0.8846895694376715
0,4711799.952159554,2094195.6136441403,26.07835774735339,43.96687083769496,6.3458355287710635,895.5660259415572,2793.725152026604,189.55239905213173,0.7123140209398883,0.20223015128160873,0.9232947063922579,15.171116505452689
0,4599957.107155277,2392431.278000528,170.86331907425176,36.98015847332507,8.56476427064465,382.96957033415947,739.5162154093888,57.02679968414227,0.22429733170267224,0.08760199393303339,0.017727415187305126,2.744899354018157
0,4661362.754683298,2246594.8076741137,89.11927511179348,42.897971790712134,8.434502774748369,299.86115671747217,6804.528838925131,248.98452700985942,1.9056572264265679,0.9541535189103848,0.049857160578852804,3.8750020677430292
0,4712814.7439762,2162155.8772717593,36.12669639810635,47.44811154885372,5.996822275959714,245.5503513298029,2203.4861017459825,104.22920459338629,4.884441506900352,0.823969779168318,0.005854136007949806,4.802752745788584
0,4591233.963485595,2295696.277313594,40.6424391405104,34.32262057918697,9.63940224757983,161.98216462237244,275.6944055229826,27.536287395721907,0.2634880841389138,0.08430838779398739,0.011361780391640857,4.795482077695928
0,4795403.03126742,2219491.86803337,101.59035867567927,53.27544820002143,6.046792935988984,751.1801247697856,159.63102148123963,92.2247249579568,1.4250317690892726,0.17912201226250452,0.02480030696712469,0.9504590710236087
0,4683433.029294993,2208276.8454914996,35.357246490446556,47.8563996828887,9.356944502823765,404.21620711141554,1476.4737112633181,41.01674956470788,1.5663231111895775,0.3562925062362647,0.0006507801033403477,3.654800731033254
0,4797157.210530693,2438003.2798906434,289.82104255131384,42.38866599259516,14.118888293295,614.0371017615926,279.99656728871815,225.88247066751325,0.134076245448925,0.3613623410749193,0.060642036643370784,0.9326604255494018
0,4709005.871236364,2339101.740906862,257.8220730269235,41.67735153122342,8.118126069035023,549.862863953665,914.1766224568383,141.60512809348174,0.16676664277245473,0.09213122778787634,0.03348560420180589,0.5161976847498069
0,4783997.163817359,2293546.1090797135,89.05826599308182,48.84199884122031,8.006618300068055,590.8707405452527,185.37535734537897,53.370454695093954,1.3828337713951908,0.6857713552390303,6.228301321633204e-05,2.627847149785434
0,4747065.951128064,2430664.470200914,244.48575245057236,42.86934205305533,10.06432228041378,584.8651362996552,283.16379652817295,285.3796648526887,0.12556401493566105,0.3986850808615354,0.06079594980456397,0.6350109002960039
0,4771938.88534628,2332028.104403457,76.01055748657953,45.89363753708613,3.7409921032316698,495.841528723663,286.57430431926986,159.21228126353267,0.21759814307706027,0.40430636221115124,0.040377720594805336,0.9158569148470442
0,4744907.735908722,2215565.184754851,134.21185463315518,53.231251597444526,9.07072411801954,824.1132049402332,331.34915029014786,103.61554324246649,0.29293008830758316,0.2525707684092542,0.07089488904238268,2.3079594979120444
0,4621541.308183945,2264355.621749925,29.38013669287157,37.826794768037836,8.498366191826243,486.80755310648794,260.60729269121697,70.92637507509767,0.3019460097315154,0.1811399969981109,0.053252760402317106,3.3467824637900083
0,4782533.250883535,2263356.3872228935,72.31927065092113,51.0337868320442,6.801698920317706,559.5041358523383,206.69077922631766,59.67060045340619,1.923675637735617,0.27214690738049246,4.698770714759932e-05,0.6989046597553799
0,4803312.232256405,2289245.0561289587,88.87633570349504,48.931594175809366,7.734315870083288,567.6142667034652,186.97681275905524,50.774629296685845,1.29019232674067,0.6882257289623187,6.120587205061108e-05,2.4637928891622196
0,4602456.595234351,2307518.4181962423,42.30005527503326,33.9727549099516,9.79201427559867,100.37267294850751,274.34282644722805,16.10759704432404,0.2698309255794206,0.08469336422520689,0.006447528801692386,5.1658113677791615
0,4599249.250095981,2398622.973121074,175.21002766696682,37.06585312656358,8.546242330056568,388.8688588729776,751.3075069158111,56.90983655612117,0.2235925213212743,0.08772236926743815,0.01813339324174244,2.696026566537402
0,4704438.282105356,2251522.2158329887,229.0758309423818,50.35343574767323,7.752191967619846,312.3386218032438,172.6798208057666,835.1179273271064,1.6079993064772455,0.13999897879076856,0.04826424128266002,0.37137593290196297
0,4652659.198627817,2367813.4775447017,254.13327297187126,39.76683021512041,8.012846447973972,637.5318278782706,1095.0691632365495,72.3850197973079,0.31931288190561713,0.20426581804073238,0.04366536909742688,0.9791946418647554
0,4674245.311479918,2114651.7500121146,60.23771621001848,43.98105560011304,9.957226331163003,771.9887608302251,242.63930163826564,259.4181577643478,0.4833276241376719,0.12625020887186136,0.08524960952064928,0.5332597428692731
0,4823499.030091035,2408219.685444609,331.1018225755905,42.344887286252806,19.596259123718838,636.8349781979778,278.8199893864721,139.04046545732672,0.15022203443093096,0.31754276584092217,0.06035541350615793,1.380818061067254
0,4705585.674878066,2200771.7744169077,15.293704825454839,47.83133792486818,10.036902118520393,462.5827957745886,1018.5507420367882,34.6641531575477,1.0313911674755252,0.382518854495682,0.003042625178274537,4.967479566624369
0,4707882.012086555,2168170.558279208,19.22856259947847,47.47292874111696,7.066342042815083,258.9449904963339,2614.8263948112476,49.539657914887165,2.257258683777922,0.7978621583684193,0.012077176718103247,4.658846852843758
0,4654250.233529488,2343990.3573424267,246.19205733273435,39.75001323714237,8.053167041715204,641.6141635842325,1086.5057136364549,72.54536413661617,0.33768302316573445,0.22091861257547765,0.045759138464422644,1.0056140548740615
0,4608005.57577098,2473407.048754982,202.13569159484445,37.60368502842355,8.423341844308363,427.0205157055752,825.8236610945285,56.77980881017664,0.21886196311956757,0.08845705400777051,0.020652326622027695,2.3797591241586327
0,4816256.692629324,2409419.9929768145,302.80845935909167,42.314233330904315,15.864178968842156,622.2567950710585,279.32916949078395,198.85261548112967,0.13867511792457868,0.3468326015681386,0.060564777573979114,1.071355812289415
0,4699403.987410293,2366426.0927900653,287.53431636641045,41.096054193421644,7.991599087244928,580.5018487210425,1042.0547783820045,107.17141607167589,0.17138103301027757,0.09265699857078848,0.031195788747292577,0.5512697219928236
0,4753818.036873891,2376940.937817952,198.9626014093891,44.09027953496923,8.987803771110363,527.669819496403,288.4412314493764,289.3823190890985,0.13347140395912502,0.4159796678071903,0.059028728631532905,0.6563301672010327
0,4662807.49184426,2141186.0687631657,36.37461010241661,43.51650793889478,6.939571153818257,527.4165239251363,608.3341576207764,258.9907737811682,526.2042023121969,0.8281919876762531,0.3030052082110605,4.452187308030544
0,4605793.353256403,2505367.9980136487,201.94122845450522,37.595157363645285,8.429608273757633,425.66123468789357,824.3004924468705,56.38512714282471,0.21914129247384923,0.08845968162124884,0.020630549181145562,2.391047345213308
0,4752730.92623932,2235589.0933034336,81.28836818518354,52.84685663665331,8.452030419907697,890.4073168891855,182.91107354042052,66.41587490391241,1.9322687490176087,0.15839916088548958,0.0316391421414022,0.8476835818414825
0,4718937.027975132,2302695.394151469,159.247576557697,45.84787163865179,9.187935622377658,507.80725032261995,370.3532220704324,128.87448750016944,0.7756123668828563,0.22544469060618572,0.13602587759772206,0.7285769725695876
0,4880444.189370875,2340495.239250199,111.77389162861004,45.80221290740662,9.202150563838396,485.35804340330975,158.46695297471194,39.63723311543542,1.4125377955221827,0.5027700957880044,0.02471935428514793,2.1014314515831605
0,4714222.872976589,2198315.0037693796,159.37339845594158,51.22610098746497,8.966231709695212,948.1451616323596,601.7832148417714,95.96167701873023,0.4150893494334037,0.2688851159702715,0.1391923837630556,5.757572335195358
0,4663418.8371376125,2316675.559466542,47.436863845312104,39.56021515953099,9.050685036051727,681.6252687390631,1215.705520835415,78.81286862027065,1.9307837198101743,1.052943727993924,0.10675750035742246,1.8411264165694614
0,4701844.815310314,2083842.2276202594,35.20872290170046,43.808082622410915,6.993561578775142,840.8470827169938,2262.0583823506154,180.00843267125325,1.0641982880799024,0.18319995033764208,0.7940718093909797,11.740043888186193
0,4594930.986019494,2332241.194809524,36.37666694321879,34.94118284138083,9.307576388689332,297.20018305815535,315.0651838888382,59.398828224650885,0.24294714430753894,0.08317865304976048,0.0179245952576973,3.9387633731416587
0,4804971.543366637,2432366.7167816344,294.81676761414076,42.366974350285446,14.747779597607659,616.9137202955797,279.7489031080433,216.04808161163893,0.1358717001827013,0.3561613055973036,0.06061248130316651,0.9831496954759057
0,4583293.865344977,2501118.5926619354,194.66300423644574,37.44176251267038,8.472140671995666,413.4758351182747,802.4534420056166,55.73856913667201,0.2208407417016281,0.08827491103493854,0.019942194462350748,2.492054990257024
0,4743348.862837462,2246810.6203363426,186.38074898106603,51.85304416867716,9.254343236823704,720.3419109867933,230.05662118223853,170.99793731121324,2.0632648641547986,0.25512130548833034,0.04547173937632913,0.8132759155759796
0,4648866.715702189,2314055.7904356825,43.10886914663299,39.370567781498835,9.132224051711551,891.1065149638342,772.8773096310551,86.23801390687505,1.0516502987652272,0.6797166799894796,0.09711326524916937,1.6083728950259593
0,4636354.486354827,2510464.262999987,276.1719599829036,40.31078401076503,8.717450914825532,602.098114895242,839.4937166788385,143.91998020208774,0.16876757097927503,0.18534054411713607,0.0390100814653268,0.83979156329252
0,4730463.851549277,2221153.8873457457,308.0801653889448,52.641769966034886,8.299273643039125,680.9278199903299,298.2016571973997,332.1036934550968,0.89310005817028,0.2345113637667132,0.09270193033965321,2.0740478576978036
0,4821086.821862679,2382452.990977567,270.401703200234,42.53296087584897,12.878035736909878,606.6652312248934,280.99673339571547,245.8927683596271,0.1307032516701821,0.3731763521210212,0.0606807785979889,0.8323202328846437
0,4678485.574330871,2117832.0595877445,60.64301887435553,44.010152690719316,9.96339264008504,773.8946008774163,230.7854703684738,261.6067969625107,0.4317387375039046,0.12599685970716942,0.0707538053192249,0.5047337755198806
0,4812057.668503381,2196208.491366865,77.74977861342936,52.91108340523558,6.871706485516313,802.3560107919117,224.68148284070364,119.53001766824873,0.2755288348266193,0.28324505968180724,0.01605393899096191,1.136438051890398
0,4588669.57946441,2461509.438359895,191.99463416913892,37.39165857403957,8.480632253085862,410.4413484787639,795.7462787881752,56.02426183530367,0.22113975315257503,0.08819665134107672,0.019694717802855234,2.517190206955052
0,4723978.345995032,2140893.6923587685,62.31234098641466,46.654001875186495,8.688622703277105,851.0238094672877,1761.832346103132,259.83500780044915,0.35741659264981473,0.13644880593861733,0.001144771389838396,1.084046857363247
0,4591914.372087567,2389916.478268051,161.12852011242836,36.77132406522082,8.626027249824773,365.8068262073529,709.5064458749814,55.85466861935301,0.2267543822339841,0.08736180432948865,0.016799381530422933,2.887014943380052
0,4588338.298936586,2309984.173427705,39.975368735522665,34.40833621953813,9.591036580460026,183.16762299264778,283.0836173751299,32.66242443920233,0.25972130374285474,0.08408878860155768,0.012173320118593088,4.663631016462558
0,4793254.223422538,2344875.4090863005,165.39976143858138,44.60351514829599,8.39264857790585,478.7131221418172,289.79512538726084,275.4707548206954,0.14569253617655356,0.4207822045450973,0.05544293295293408,0.6811583342379607
0,4616240.040557621,2448918.295254081,205.49274719846608,37.679447376116244,8.397908126320665,433.8112225629399,836.9642191595977,57.50436397427204,0.21781450464810004,0.08853364365307137,0.02097413153266152,2.323464305973683
0,4800823.507065262,2418527.41032294,284.58287955981984,42.29261350642901,13.048273289457967,611.2318268664385,279.8256921879979,243.45462849184153,0.1300375464163907,0.36878478985539365,0.0607212893379917,0.840187140259319
0,4652457.516140506,2301704.946168871,33.95124331705679,39.06570985256205,9.114262367475215,1088.8791372105306,451.82585475098784,120.07706953992096,0.6299169143718664,0.39636584085689847,0.08536329243797798,1.1900088697629938
0,4594963.385694755,2269294.2995134764,35.98414567486675,35.36983045790845,9.305602176691426,238.11261267167768,286.1775818590976,48.556775782770245,0.24698996815772803,0.11030362983999213,0.02329678047859242,4.037050708175122
0,4890612.648776471,2351839.0107157854,171.5087355336368,44.95394971044697,12.6952216800278,526.9290997216708,187.94179090488063,49.12244348114395,1.1531725142501894,0.4381446170940417,0.03239954000841065,1.9992416033870113
0,4628004.939628345,2321386.336596252,27.674756389274908,35.24349956254931,8.251831326533768,428.3350362562994,513.084851627962,131.764078509537,0.21346470025332573,0.08874408720794083,0.009780245077256097,2.6135581081040904
0,4760622.861724921,2266241.8222418875,77.2705463697947,51.37714473632645,8.201215108548853,619.7756141806044,208.75406507169762,76.43818642537865,2.3657210864160394,0.3811782279044733,0.0039867644084624265,0.6987137639481387
0,4678673.982070148,2272451.757002597,104.19376876496864,42.50390899084794,7.243393710793809,458.70387453776686,2412.1705272516624,177.55434119970428,1.2509422139890651,0.6661394953035993,0.06378514745947501,5.846657603248702
0,4707209.230044231,2189387.1813147087,17.80178586715512,47.82199282279196,9.356014683028553,370.62167779393263,2253.2061200362036,37.681349803919346,0.5541661490702159,0.5662786974885199,0.0031461383915140266,5.996783344991499
0,4597051.688786107,2458500.9413821227,195.53999130229664,37.46752752020082,8.458577118103097,416.64562382961327,806.6325528722886,56.436684609333156,0.22025188778335839,0.08828464716132786,0.02003120014104267,2.465767753305908
0,4655817.46834402,2140881.763038282,33.72616140784184,43.393896374956306,6.522882404525784,523.9408275758851,743.530534619918,256.6786742051427,890.2922553112696,1.1701455736296489,0.5118166098078231,5.759767516928263
0,4646648.070604976,2145426.5785711496,21.428592888480196,43.06906714767043,5.3061139269858115,544.0220167171558,1017.8149044117192,181.01367319310253,929.4679083339033,1.398730766962549,0.5647334482106032,6.561978220461487
0,4788404.403182402,2257404.9700237694,72.6376490854469,50.99688977288591,6.750909111362392,563.6416924081578,205.69667416370393,59.71765146065777,1.8505740519280276,0.2941359124945652,4.7212614299546135e-05,0.7034187885762703
0,4658558.280656634,2309142.671501047,47.29057592060716,39.534489917636805,9.064176178883542,673.2904416025369,874.0917791797797,82.08109041868008,1.2284366745356496,0.78877946682385,0.10691349387565334,1.7598628917870986
0,4749212.567769548,2267963.767187115,142.25534292568713,50.998067555533886,9.145559830258193,811.921172954913,288.0320993361918,90.98982403965222,2.22436010867335,0.3759908959984474,0.04867514757552388,0.9763003481409226
0,4732215.994542719,2121193.6148128402,53.20302433348048,45.27728361897645,6.421405670234178,974.3214689025988,909.3475580431033,195.3875121870226,1.258800941407968,0.1374064887928055,0.9775533231261478,3.40372255788972
0,4823759.148307614,2373505.626402024,213.07780462145865,43.429317317837416,10.140526681809602,569.094159148337,257.4946436801102,234.36169611210926,0.4289105457274778,0.4178158737277995,0.053372527319918005,0.9323975437288161
0,4736624.494776781,2313666.5723323473,67.27517690059949,46.59886004632493,9.53656891562382,441.3803652578904,308.4153997244225,148.03632942989114,0.1772303881329197,0.3408624364724775,0.03760722830766659,1.4129421456640827
0,4715793.624254259,2268256.2632957865,112.74806145688149,49.161500141014976,6.673290959130989,376.69643296925204,253.19567308225172,249.9745914654823,1.9626001200363645,0.10203934705337687,0.05958934704155773,0.29691295629956216
0,4627979.594444163,2245219.486099027,37.79490764850226,40.616133923936246,7.0003775190480475,666.037957558834,1227.5456218367192,155.50632460802248,1.0912464261243953,0.8011014224608114,0.07206643895047482,5.5106433809358855
0,4675884.782003291,2226550.1681966623,63.53459443800543,46.68492052959991,8.779927577448488,135.1536684313791,585.8150422393868,55.9251706496957,0.45590153122120375,0.6764696251488961,8.592273020767356e-05,1.8569319630838639
0,4662270.525882631,2323562.8548075757,47.37837427844607,39.561254030707126,9.048127249853028,680.0207991210311,1221.862008048533,79.02393573441103,1.9501378041981456,1.061030685991736,0.10711649029223287,1.8473217223422016
0,4848489.155229195,2378219.6116884924,257.2098762826882,43.20587115877439,15.84835910839137,592.1962395368006,244.33261967877453,125.85573780945853,0.530789007156698,0.37748228513871884,0.050833081239003465,1.502066038398033
0,4832677.854183948,2322297.3492387636,127.73907377854748,46.11523442167464,9.189460041579808,483.6726588475498,158.47962080670183,38.668371022605456,1.420792151405044,0.494915204636472,0.016739646644647926,2.155824652018416
0,4771294.282074739,2208196.3715269957,97.95569545005962,53.392301862321894,8.2018224876977,646.3442047828405,189.38905308834205,115.48811602016843,0.47649428778373304,0.3023530717337306,0.030457454661250945,1.1250411150828463
0,4807799.030509815,2168189.7930873455,68.31399215104172,51.6045212898449,5.72580723199791,761.0789061528853,300.24276897353667,125.28696884372364,0.33054512612894593,0.20896225098479518,0.0008428436829847159,1.0083578223084566
0,4578767.193621624,2412337.1363829738,169.3442094411773,36.92522546676103,8.600389627903652,375.07065556951704,730.0762935849096,54.947086854892575,0.22584618201855713,0.08760326488585742,0.017559202827086624,2.8102682703556963
0,4574971.74723161,2510415.8603526712,193.02156338198034,37.40584515728229,8.483263312531008,410.4186291986358,797.245483562652,55.48002265229754,0.2212939371798888,0.08823551101811153,0.019785903432979986,2.517400491496907
0,4831422.200548229,2350737.712115669,110.15938481749228,45.7920614874043,9.208248724093558,485.4024792850983,158.46776768256626,39.64963361411006,1.4248189583568498,0.5040771788359325,0.025018954685121497,2.099547834275416
0,4765297.5008411445,2153674.091433044,60.05710769198634,51.37472086670005,6.350051882610119,690.3328001317095,275.13133403978605,114.04825628218069,0.36566368694475715,0.22078767139153613,0.0026701986414246295,0.9493932263261489
0,4746963.750892744,2340822.9681456247,78.58349199487401,45.74112513894983,7.5006643834021185,456.06233852312016,283.6337891346461,201.65454098896066,0.1381488158863598,0.2157397663552393,0.03589609562410473,0.7639078868465117
0,4711536.535577557,2317589.692153415,151.30364707392442,44.26797811344411,9.88420007515655,474.7654784415554,443.02617189091825,143.86625760222077,0.24575478938053164,0.09722404415430162,0.1194826796423035,0.4839958100131655
0,4818191.142494391,2446641.6519449353,305.63849280124873,42.405759807444674,16.353064983145092,622.7109722205369,279.5066044465276,190.37889858140522,0.14128737088885912,0.34392983424495993,0.060515023248386604,1.1163807594426476
0,4720904.062410046,2353495.654439478,214.08895671931427,42.98951917906016,7.613487124367644,520.9515853550823,741.4330492438465,173.21286400253445,0.16143022356997744,0.13336216767257714,0.035510640239052836,0.6252231690607404
0,4780224.217142173,2269058.219877341,70.4838528872672,50.73786247785533,6.093158787886244,545.6901382657569,206.25449816138212,52.05962792968119,1.6385940908683923,0.33663644236584517,4.86222118679641e-05,0.7178610368720911
0,4821913.381711615,2386917.881979099,277.81846729868374,42.45373760074976,13.598878605448247,610.9687886429291,280.4159632472417,234.71856992155028,0.13237881829901924,0.3664844750549501,0.06066069335869947,0.8889824905777799
0,4675097.08110887,2220459.1707103644,64.21295151636998,46.69218821370544,8.779413537291482,136.83448489646344,605.3485486856218,56.663163696042886,0.45469331010531405,0.6548745805484402,8.580986838730055e-05,1.8468118267490823
0,4824054.103392719,2297405.990174581,221.91365826458645,49.53822957271137,7.8366154362486675,416.8192150844265,241.98078998033495,76.24315598612611,0.27863988819993063,0.2719286338444038,6.900153094524559e-05,0.8430249939347747
0,4587137.674896947,2470570.1822785456,192.75563177128942,37.405924904093,8.478239174308117,411.3011586255754,797.6539338881975,55.940920219544104,0.22105551793142267,0.08821902449709057,0.019765181343599527,2.5100646239955546
0,4755307.2263163775,2393853.028088543,239.7265953983387,43.00834403743078,9.775618265564916,576.7592118189216,283.63021190113983,286.5768626774622,0.12620103198322105,0.40147136278699963,0.06059898589242749,0.6361110493267351
0,4708874.24586436,2280118.0181953167,154.04668760978427,47.01934303760433,8.19855005210427,455.009048003424,283.83817664517863,180.3679931718562,0.9246229027221113,0.10138636243886925,0.12303647950591391,0.5021302305739059
0,4783024.105458937,2377070.830051905,250.83238299974033,42.997305652854315,9.695318123862139,584.0035596053949,283.43865838474335,286.3285398018864,0.1250269259360734,0.40066752135118217,0.060812189970812607,0.6343477389353417
0,4595923.575697702,2436155.259085401,190.33349667527744,37.3638501768519,8.481976450664474,409.3447299007981,792.2921359731707,56.48935292279174,0.22114919484003195,0.08814198397827169,0.01954437766213831,2.5262965024207977
0,4615677.50901288,2498611.5663007167,205.31130436316616,37.6668259022526,8.409176670410078,431.45199008423447,834.5513410621464,56.739380406924134,0.2183200962140464,0.08854420267068208,0.02094945659799499,2.3430294130347047
0,4761631.644120027,2447685.353691937,279.9918504011829,42.479785699621296,13.051477532690338,608.2261574258314,280.70153676990293,242.32930422471125,0.1313943010040581,0.37083815647245955,0.06067953718792177,0.8490229942844786
0,4630121.319291261,2470045.3972693253,213.38728556002843,38.369837556956924,8.317494841764999,507.5498510772545,888.5112041694802,65.88436071944554,0.22404006177235913,0.13306163131050217,0.029886731017364047,1.8620706681120165
0,4565212.875763295,2447443.704137162,178.55009688316352,37.10742635922284,8.560264619807226,387.7228455315805,755.198732930367,54.75713530712129,0.2243216785252639,0.08785714770160746,0.0184206153572974,2.705439584957303
0,4589444.863919282,2309144.8890617983,40.21338763012234,34.36365297666269,9.60841486983884,174.24509403326178,282.0782214130685,30.933857644936054,0.26092128835737,0.08416339531927518,0.011577727769577205,4.716200479218392
0,4811484.376724163,2367687.161581707,190.04012341548042,44.07611774806229,10.048463599990825,551.6051980243574,257.36432515002326,228.20267842302573,0.4499195675868224,0.4314907316845579,0.05254890221561276,0.979600453411336
0,4807701.635965218,2163821.49892292,67.65639788639548,51.556012241378156,5.837639990420014,748.7708330058964,299.5072413512363,124.79987225828683,0.33732557854706696,0.20879524362905214,0.0009058664305303915,1.003266782704818
0,4895614.59571056,2359070.9255642104,180.84888283996105,44.8250150099585,13.223346994819508,533.0968580690512,192.32134523466974,50.530182132059494,1.1043039153302066,0.43082430334715544,0.033778082502185246,1.9843854059928343
0,4798736.923192198,2154530.9182540663,65.23427342593885,51.401773945690856,6.274070009158737,712.464290529402,291.4628147848671,123.55924385508709,0.3522884979220673,0.20816788127246183,0.00113607546387687,0.9817925378913268
0,4825407.055705357,2370671.4057000224,167.0805226420281,44.39960822655662,9.83961441282256,538.1155004200731,226.23557271768456,171.1180973871317,0.7457132106290155,0.45299578918022254,0.044887141872256626,1.3144900098031178
0,4749635.157278153,2141468.824800687,170.8087084903795,48.4025764161852,12.81685996959586,736.4173511460822,241.26795375141037,103.50067763195824,0.1262162519629381,0.14455067802343133,0.015314731789274108,0.5000755270183685
0,4751641.275882527,2400235.1464923653,240.60801091669623,42.974877701179636,9.808794807664713,577.7568025020724,283.48471664364337,286.5085806569118,0.12601569524844475,0.4009239666401139,0.06060866497488987,0.6356345632489486
0,4597862.770379185,2310927.9007322635,41.093869181979926,34.175702321815734,9.674802581008803,139.18389809621385,281.09828626566764,24.726664611041596,0.2650231399502379,0.08442800122860289,0.008891025286348865,4.918682712138531
0,4689359.676840247,2294979.574762967,42.90604850583699,42.24284412808198,9.423378330496073,231.4976967652391,9250.499151750637,60.647735402417624,10.39726954721367,1.654692675349673,0.03249235276968585,44.08025723516892
0,4697904.132072687,2358811.4998997264,297.3205312239365,40.950975318591254,7.95356514828759,591.6845572067682,1077.3967450381515,97.23727395723643,0.17486599202364736,0.09244172694024673,0.03132122964293842,0.5634098976696281
0,4771906.953002016,2265886.9353707023,74.954339690741,51.109795803444776,6.880168329290873,616.4587264236811,212.3179908315517,47.6508586807703,2.1709470954970134,0.25619601967765615,4.64200938566779e-05,0.6840644767391979
0,4691059.602066617,2175292.419797469,13.051309706468823,45.47680837887479,7.895284861227322,688.0967383166557,1207.6330973854203,75.56463056328897,41.49566463184463,0.4005235963697362,0.0433668586453652,5.97709157559453
0,4755324.498078577,2221672.6181224776,89.51987690792602,53.438678802606034,7.0566932683527455,754.8155367971411,222.84657515223577,92.92014119008476,1.1666004745383407,0.17208355532750572,0.03053794909851528,1.2060414834063384
0,4714453.149358156,2179008.1312759253,27.04769094629245,48.39401374740209,6.774388562058925,292.5476861813493,3428.437576181679,48.248404324200735,0.9444693475068979,0.8779210631968709,0.06417267929035497,6.049268732928589
0,4749651.188556128,2337716.43548768,69.4998795261564,45.90188703221226,7.828420651937147,473.82823402851824,284.9368884016065,167.61183459768918,0.14648196201934707,0.2195246047452502,0.034219767233367775,0.833891294071354
0,4796024.863132004,2376055.382638874,269.97360473184716,42.811927159497245,9.390779683581467,591.3268645901175,281.9979749538655,287.42264639053286,0.12175492544527203,0.39743527056987277,0.06085808733227965,0.6286914328543011
0,4778280.328052952,2221286.898884297,96.8746052320263,53.44512987685575,2.972973700573855,712.1025950588829,139.44722424234405,95.69945894584045,1.3045634712557423,0.17176725075235658,0.025024839481614512,1.0953454510784066
0,4826606.72976129,2329958.976180397,110.33299249995767,45.84083806637294,9.145308311900461,485.30934049548614,158.4706093915362,39.61913655372831,1.4318241536924528,0.4943295962611523,0.0234321869541477,2.104852866784786
0,4699162.40953915,2365821.28461588,288.4596468166946,41.08205548898309,7.988372529691775,581.5891333595812,1045.4455294262198,106.19757661841021,0.17170942726577704,0.0926336486544231,0.031206424974819832,0.5524242908304664
0,4673831.750871214,2312974.396512676,30.79650135028396,41.671263253277054,9.17555125421771,125.17968878900012,8708.105942768376,44.84172153711577,9.895673019989959,1.6148565806067543,0.05294056562516441,41.9972423730296
0,4874441.204980614,2308725.9027008293,227.1710243131191,49.40828192814393,7.713790949603391,418.3595284134191,240.14560617095415,77.87330999700694,0.3301292008495407,0.2467239424881579,0.0010499242634169827,0.8391226887177071
0,4721615.872087841,2127811.4505454125,91.95512156924747,45.21840628569527,7.987255916911245,760.1653664247805,719.8175252574232,176.4432868650572,0.7997252714474951,0.12894058236397274,0.11052726642730117,2.4774310755082225
0,4664335.62799382,2154468.6807816424,22.98711942074333,43.231815982985246,5.362403068475687,621.1646953741262,814.9489844622697,184.03389733409512,947.2058427560822,1.2685829935419506,0.5309457517821712,7.981762553300474
0,4821119.920012081,2218836.3131334893,271.426897337607,51.235476935368865,6.898680685198834,575.581993300044,191.8604022043008,79.08679839270167,0.8555945484256644,0.21090132247298343,0.008493488379677358,0.8728347607229144
0,4790892.520311228,2402861.9825627236,278.0562378695802,42.16412929408356,10.99425564713831,604.9173301149204,279.74925330376277,276.0605692968367,0.1232665206156205,0.3834051418926656,0.0608562180451278,0.6686275736707136
0,4732694.0187265575,2150156.353788684,77.78470734569774,48.0161014028106,7.9277751743727105,720.4579990987419,1542.8512931348992,142.4850884710977,0.5337377576653934,0.14507399868728202,0.019386502249788926,2.11152864873207
0,4604115.843753451,2463931.554005892,199.7024235572717,37.554239339675746,8.435428661712143,423.37673017635126,818.910703270877,56.72001585357265,0.21933347028657604,0.08839208439227408,0.020423916601254137,2.4099685622101092
0,4898810.6794620985,2333143.1560528786,111.91260153529039,45.80258190555307,9.20255620151419,485.3541201568658,158.46678144112195,39.636241955065636,1.410911754833653,0.5028556213724584,0.024719995178101212,2.1015726394565974
0,4595413.107348349,2282885.3143097875,38.525918513905914,34.69215822479837,9.545811364911938,239.0086572763221,280.97722235809465,34.106375359876246,0.2542505437830274,0.09514841999013451,0.01307859810791839,4.511884038068673
0,4685256.677362402,2111105.7231150297,64.63017821109112,43.86817114506894,9.442398248182798,818.8007668670456,317.8051881953738,173.5278723853015,0.9155129941551645,0.12100084331385319,0.14257067845512753,0.7251826362860285
0,4815114.980760233,2276136.0231911447,238.14216711825915,49.877763351386726,7.612535510287719,411.50013459307723,252.1863040567891,81.12757769415971,0.15674698540882162,0.23482009861729608,7.00762821771579e-05,0.6549937428225773
0,4712732.811573632,2144054.74419428,37.38820308195362,46.34488145138459,8.76622767529358,583.2696438412934,1636.5480141040298,455.29529244493364,0.44157709999387706,0.12085594823927263,0.00035554415688343263,0.7442763813938725
0,4609492.5594522515,2496962.5194505486,203.15675321240158,37.62172658731399,8.421405950467232,427.9177540169604,828.1503590314927,56.57424674182631,0.21880704892823355,0.08848894163537786,0.020746098783732004,2.3723320461574158
0,4649275.342001303,2302457.712672402,26.703166808117707,38.69971782594607,9.069733791092107,1101.8869946701502,214.2862671909123,134.13361782473254,0.25521924643355426,0.11642034267582183,0.07696145130794113,0.8396381447640832
0,4754658.278574179,2303900.4672871623,68.20949584096347,47.19889024276565,10.04653790252361,511.51580843345823,321.78020085073985,85.30734292834569,0.39208131186377176,0.32298754974625,0.032563392643430715,1.5971375851692657
0,4846709.263516919,2371222.094183514,186.8364900765273,44.69447670909505,13.659608717888212,537.4727012109141,195.41894761070853,51.53723859727931,1.0411743462854126,0.4426527765678774,0.037018877061996226,1.9713962341777687
0,4777104.734031221,2386438.2016037786,254.02148492426497,42.76993381588657,9.907876999942664,588.7356114344886,282.42410004834403,285.9092342370554,0.1239887118677626,0.3971387494424535,0.060838761617424374,0.6320163698971505
0,4675962.0814936785,2325472.25178583,248.55459767000667,40.98041444712084,8.370527037091078,515.595518327699,1009.5145727104738,89.16009265967121,0.18761133822652876,0.11443732672115217,0.036523408503634135,0.6967814611908989
0,4849725.970847009,2309266.4202334112,131.07814770012968,47.07398259417441,8.779642917123557,448.60195368590377,182.74299787772293,51.07333137316683,1.1408242085772864,0.42490369891613444,0.010005589684648616,1.7681629053033587
0,4723289.5195191065,2321685.601090686,122.99546126473726,45.81448966440274,8.442225673449846,445.7230737658841,359.7329093384464,225.60499765120377,0.6578591655207611,0.24550099464427105,0.07774294505508886,0.8238384199913145
0,4582305.41247106,2259701.320221841,35.65366086709434,35.68056008015515,9.075333720287048,291.16857076688035,289.9463665269326,45.44282741265755,0.29368079584001533,0.1321037186127114,0.02430100731919073,4.351312312115926
0,4654815.279431183,2352974.8753137286,259.9493286937748,39.83333115120686,7.997433539122869,639.9177828168348,1105.4650381284646,71.38868486606793,0.31365598300903597,0.19962422418349282,0.04354704927054566,0.9504117395774784
0,4796394.037808965,2369440.3985597356,220.08968642656575,43.82645070177418,10.089169955040953,561.0656205176979,288.97958305972605,286.4529342361764,0.13414857827844734,0.4131321253599544,0.06019259604141154,0.6423663955834266
0,4806911.373080108,2279079.759520789,245.25529659655837,49.880887167921266,7.622050838883738,415.7778502663471,251.5110247448159,80.48272134549272,0.1608191990073478,0.23603587733610207,6.977776446031868e-05,0.6710627207250359
0,4742722.882797891,2378926.457192286,186.6515913146283,44.23102722153887,8.456765101914964,491.42463178891364,287.9750954751929,312.64089755751723,0.13209292218406193,0.37102554583952474,0.05684005607323759,0.6169356985823136
0,4813201.016158177,2235413.2329068584,331.114729588308,50.300406396353516,7.756482727451127,492.95457153547164,223.8328824874716,75.44256330078407,0.45247738438017443,0.23401852156445863,0.002188059220977182,0.8571654428222807
0,4822995.0805343315,2302225.4670630447,159.73925238323568,48.51017709822926,8.660936841657596,453.1268760644324,204.93236614409463,61.39629933775615,0.8755747069012161,0.452464374478074,6.512955699594496e-05,1.81950250508906
0,4786468.1498505585,2406525.2029189547,276.0837858507064,42.24907979441586,11.275875476995418,605.0011199356807,280.01044156257507,271.0393404069192,0.12442671061818877,0.3819637236212625,0.060828573786785065,0.6967759218467833
0,4809423.633196127,2447400.6601209715,298.9074758201853,42.40839204093815,15.450423262165158,619.0385102348739,279.75358555467415,204.70188531030595,0.1384362865409327,0.3510958409061936,0.060564083780948824,1.0424067703294742
0,4785146.210614575,2184637.209185887,66.69625254186654,52.65068309837785,6.727247048369265,909.448991758944,211.4184718197043,124.70549931856436,0.11776341392222867,0.25243695047852244,0.0070982841530180035,1.092282087774331
0,4756045.461739884,2258949.047366245,71.84380009121517,51.59986066698472,9.416557950412793,694.6218461481335,208.5655632755274,82.9594828407459,2.2333566506005864,0.29434656963327155,0.037169754363563214,0.8086426921013301
0,4643105.891143766,2487376.889445682,274.7902672032435,40.54833621834986,8.209550381309395,573.4919334972226,857.7551756287472,155.84266786504298,0.1709681356749629,0.15198574535895593,0.03698132553565668,0.8108175590632648
0,4650815.612995326,2264081.904154884,21.520772167802566,39.5963543091296,7.721642021441624,758.3582515639937,752.2024012108424,72.84072667202543,0.5739345830051362,0.49125911452562315,0.03014854186407478,4.334645316063102
0,4757796.889211433,2256816.4889352196,71.77312994243192,51.64445166431334,9.100442070754728,677.5061656411567,198.46970144749884,79.3609411488868,2.2731436116161725,0.2995045233777258,0.024638865195696504,0.7548020981304452
0,4872379.825273698,2305592.4432765087,259.6716516550288,49.880610934949544,7.584150351619049,413.24544928952406,250.78290285380464,82.24339392476111,0.1682946604407182,0.2269779729890304,6.669890795468627e-05,0.6869748720549285
0,4592825.310890911,2244224.187038072,33.47657758045532,36.61780314140739,8.869160680289212,366.6776130176247,268.4258659521561,50.458923583110945,0.30391248179947783,0.15398505023291556,0.038266458589488454,4.067024478746502
0,4771875.145990673,2233920.1077006627,93.32085156855692,53.16684823022199,6.624939634676945,817.4152492750101,166.5910935554954,81.25676405185028,1.7300444057825684,0.15181129024774434,0.02439593020593829,0.8646534608550743
0,4813909.658717969,2326092.3821440306,144.11282225374075,46.31061102241608,9.18875018172447,483.5184052669718,158.47742434724654,38.009150257542686,1.3111571681898815,0.5014455277696853,0.013116390265609637,2.1950534769763625
0,4870148.2250193795,2320813.638018194,119.90513421816627,45.92925145555531,9.180742958928713,485.1076363471396,158.47505416703947,39.21503368925746,1.432448959840456,0.4946931475573282,0.020960689105150886,2.1209263989570957
0,4810456.922824402,2349367.375845428,109.03272305822935,45.75789075589228,9.281434475381161,485.3511664019977,158.45764292641664,39.64502013522961,1.366801603104617,0.5228533805156516,0.027426759043542318,2.0995153166753093
0,4778640.506052348,2213434.571006802,97.73931078659346,53.42796844299614,5.653858286209891,698.2538578984066,163.78462427088985,104.6188545296363,1.0402238927197507,0.2101156008923786,0.026717822734983798,1.0935861866267955
0,4600369.520779054,2481664.90595746,199.28528642995502,37.54224553554137,8.441580092415375,421.93012335160415,816.9784426230364,56.410304410202734,0.21959960249391683,0.0883870095741949,0.020381753372333097,2.4219638849911536
0,4646120.719236921,2335718.460293945,179.60030300883622,39.07420537623133,8.249836721775674,626.5889384833172,974.7073478468039,82.49939792262462,0.4115832963521458,0.2849243946404498,0.04989922566176718,1.3217251263927616
0,4701656.805930756,2295953.987693871,181.42818510058498,45.0056593439252,9.76341972850462,498.1217807048017,399.32849149439903,121.85077641606948,0.3569621776030972,0.10455852612008684,0.2297136191755567,0.600685818462412
0,4728270.787283783,2275759.7398124323,143.58572253092305,49.360478461855514,6.798833799362134,467.70775564742047,278.3171226880111,198.27981352479947,3.0030050054328488,0.18698604938370458,0.053957426974185735,0.5186144704918152
0,4707646.3040027125,2314536.643733072,150.37414295648793,44.23585431044851,9.90095602534495,474.5353652955787,447.04608745810077,143.903444968588,0.24566512312061764,0.09723043486925431,0.1167183988166205,0.47964984965913665
0,4566392.946013981,2399495.106394534,154.87228783152847,36.61560320632671,8.690481875660591,349.75568669163994,685.6434794195017,53.27503410831743,0.22945592828924077,0.08724452465046251,0.016181193723694684,3.0199325292787003
0,4685812.6353622265,2268125.754514493,160.98793368624547,43.68569135816904,9.033466400820458,138.95373405290638,5717.014555621564,173.5477792429057,1.3381573268167186,0.4264742380447252,0.01558828729418114,4.2811739393529
0,4726636.733211849,2302133.2149466244,109.29601330077448,47.46658164708612,8.29965532570866,515.5216054682086,357.5786753337204,107.4535517458826,1.9918590422263232,0.40899438771498214,0.07775302279358143,1.039904645018334
0,4663964.808454109,2274992.0552684534,29.285660083967898,40.682320954828946,4.436393009815485,791.4585648359758,1464.8788927670653,115.49110583633332,2.7654860760567423,0.3279189268485514,0.0941160208756162,16.366619083668738
0,4631528.174836484,2297636.386331859,26.347235908230584,38.2080107941897,8.763664178918,755.2832977802026,247.80277926609176,137.7531492836852,0.2530912745413705,0.08379691987632346,0.07582732154107992,1.0911492268574223
0,4789315.03245601,2180249.1402779664,66.45708939380354,52.36395966448197,5.689938989855904,935.6059267689129,238.6538479699163,129.8535532762333,0.16830631527860584,0.2196162925247426,0.0017946616380107908,1.078855816299407
0,4631226.063407861,2339321.4149861555,35.60124963419616,36.1136688878607,8.934629925517482,556.2989365819848,525.7619081555993,86.32603042788459,0.36813821064876134,0.22444109244018817,0.030197135340545647,2.911030965752228
0,4766354.7409893535,2149686.1628159406,116.52550114120189,50.34731256100827,9.4153976814374,742.4510548334047,313.6299578939893,119.88030815051674,0.3477757868786259,0.22019419417601716,0.002124492381937142,0.8680416943506515
0,4635745.352704756,2502416.439957164,273.4187095868259,40.548973143406016,8.23006687665633,572.2477579672336,848.0068906975703,158.0820345931519,0.17042639577623317,0.1540987171570371,0.0371142202497036,0.8159805284412353
0,4707409.89260742,2355282.9884283473,275.5419310171295,41.302900250743804,7.997484743133354,564.4924585232873,993.9995179265612,123.00255076695791,0.16719358322116962,0.09315842269909098,0.03127170327819706,0.536062284499125
0,4830824.147304835,2354027.7366887657,110.2499621626176,45.79063104186062,9.211660630611807,485.3996535003599,158.4673288651544,39.64924804570102,1.4218743989501967,0.5047786809438615,0.025105608461116705,2.099570314239482
0,4622175.290919512,2266920.4211484296,29.501294105622023,37.801580904450105,8.513414001014313,481.8993198111775,259.38854414810817,71.49222404857997,0.3000755140008958,0.17836391525975973,0.05360005843464577,3.3243364833518982
0,4804323.144586547,2404114.5912070978,276.9674965941646,42.15408419143377,11.514934439346828,606.8538681381178,279.61100526796423,269.14997705293143,0.12434313959180211,0.3797231894752779,0.06083007377673558,0.7044684546849018
0,4809118.966634659,2221724.9922044263,178.33078027315395,52.41431278452218,6.175051844328921,678.869381910677,171.26322039047542,84.65219491830801,1.2677542888245037,0.1788580959004728,0.01721977843655722,0.9282158236165641
0,4792836.462826194,2154445.1162546608,62.05520114282035,51.35553092186403,6.366705860563645,695.4186252019306,287.39173189151506,123.31194944711925,0.35642868453227705,0.20631278138215442,0.0011668589556332568,0.9629612678231105
0,4590155.909416225,2492389.729887015,196.2150040543032,37.475774326480696,8.46156372260392,416.3783725185616,807.3884752845698,55.987403855045635,0.22040955434731468,0.08831207936206824,0.020090003079332414,2.467990878201458
0,4859879.86998276,2323920.051345692,119.6380980178293,45.92710087846943,9.178986872487933,485.11594463638954,158.47517191963072,39.22566307165823,1.434064616110994,0.4943954778331589,0.02099125736209626,2.12042718156389
0,4767311.5894089695,2201212.9517525253,102.70041316300401,53.29806822291152,9.612689455196639,637.6695901743959,190.80953257121948,118.17000084526407,0.20938444264191794,0.4236533895597416,0.030147950868481387,1.0326676010730393
0,4757976.211437552,2181661.677233806,57.518946119890046,52.735068679667656,9.507771569495109,837.5247451203921,254.57017424935725,57.252346346041904,0.10404305231272352,0.621866985913725,0.018029274115454085,0.5329597059192862
0,4763366.019804376,2332010.1142222937,56.25086135389971,46.143966490277776,6.95452983429584,522.7262696101972,284.3523430341059,98.84497909676858,0.16253980845494223,0.29504619217423383,0.0348032982946318,0.9705958306018647
0,4804533.030619906,2338260.376127605,115.10542173629241,45.81213261983248,9.138531359584336,489.97338583287694,162.6308766884553,39.11716848978251,1.037607788226569,0.6113086122665271,0.03810318900198242,2.14628272214598
0,4694814.507390128,2313834.6127482005,110.60694401823551,43.17949233496341,10.023551217119914,423.23090335576626,3021.4310977267937,143.00823750098493,3.3254607515088526,0.5819456760131797,0.04665620018244347,13.49541982789769
0,4730954.889007374,2264090.9920619978,176.61276721469557,49.96858626455719,6.752589129769116,494.88742735295494,248.18189739274607,232.62384149661133,3.4022260359594765,0.1596229203028192,0.05639833147247481,0.4094743426969594
0,4620668.82677734,2292941.786947281,36.81489944254097,35.192981711702124,9.410738158667643,330.2846827478909,275.0285857693036,54.43348275405094,0.24328952568469045,0.08286814458456811,0.024267317469975937,3.878340016146946
0,4680416.840358531,2314971.315557043,55.746803404045785,42.045935580650415,9.533104597938479,227.06865049202278,7679.776943272446,105.72729263764154,9.229981926252657,1.4834710154674824,0.039313509946483534,37.81545985094627
0,4810241.586601104,2414865.9644950726,293.28722981266554,42.29912001335801,14.4133675423731,616.617330730275,279.5546148773467,221.92419571229865,0.13421209171596804,0.3581297012908651,0.0606460029509842,0.9517111073239308
0,4825005.830142505,2339658.1512277387,109.47909158282616,45.800231712305916,9.18704991342431,485.42391601041976,158.47058452205235,39.6530897230554,1.4445382265268554,0.4998091832737077,0.024507526094502685,2.0992495069468387
0,4582174.887748067,2495502.0838513095,193.83611100354167,37.42491168535089,8.476306840547766,412.22591536880105,800.0935541791357,55.71431950142706,0.22100323110258718,0.08825294283580834,0.019864373202683753,2.50241108062258
0,4685993.0947691705,2222648.429833882,74.46919052967944,46.75111135544665,8.769893982620472,147.84536446498078,700.890967443489,57.32502786863306,0.4089777965251588,0.5615456506202163,8.046337520593096e-05,1.4790289828323044
0,4762639.685842766,2344816.048208002,86.61391986092913,45.61046945174451,3.0942242275302587,466.8508982842941,285.9711482473447,188.68533126160406,0.17382252253995517,0.4337686860257842,0.0437910270658475,0.8443477386568581
0,4691187.352158571,2354513.332390985,314.48473514537204,40.70716834381439,7.874004461316068,610.3007707783856,1137.7566141377783,81.10246758503577,0.181083321783441,0.09220368609937764,0.03162458230365703,0.5846265108241748
0,4615154.132113412,2249742.239046644,29.55859513464823,38.09731291141138,7.476517901855525,556.5557420020879,1202.3683089852161,57.0290913772196,0.9388908055768493,0.29575813895106784,0.04629233625983983,6.2019567733637295
0,4685805.907360164,2134927.156857409,58.10865256612362,44.22153934370832,10.297326776367807,717.2026598041095,167.03395687282887,329.6947536518333,0.04170316997180799,0.12897217041606054,0.00015091242281291896,0.34965666832282677
0,4603029.256439898,2393137.214317933,174.7290963602144,37.06247575689156,8.541158044037676,389.642522188269,751.3029918458257,57.44048295073733,0.2233530658654673,0.08769842590899049,0.018095210049070914,2.689643670512818
0,4611224.975955171,2317300.6805389496,36.130712923639784,34.66543805217417,9.189865309890086,258.0266728733377,350.7531964350389,62.79140588155211,0.24260626522201142,0.08343368993112875,0.011529378255999917,4.035096625567842
0,4712406.948948374,2194799.214689116,98.40752000635631,49.70192077059858,9.508595310959494,740.3334173253614,667.9551761400032,70.60966959984495,0.4517220622870813,0.31454499534665253,0.0877671605278259,5.449789202176901
0,4722104.476547744,2125401.916699399,91.46450672819029,44.921329429071044,6.598997259737973,748.8100926263678,733.1480109762267,185.58436663722742,1.302558711035784,0.12665488711834713,0.4510710062861155,3.4027118200251585
0,4653716.814981599,2331710.319911945,198.2941836844838,39.986210780249856,8.382580170448051,682.0925476646656,1114.3629331130423,65.85609561106128,0.7611534686618018,0.41939727486185585,0.06596418163299633,1.1255004886233886
0,4765508.877910228,2326795.820217306,54.00502378234584,46.198603152701125,7.373907390059322,529.7617661213928,284.2344171943862,87.69125258782984,0.1661715790093728,0.2732842053943711,0.03387175825457121,0.9898628014219998
0,4602113.026741414,2471223.099874817,199.33379913780647,37.54503832705344,8.439244277152124,422.4249274950677,817.4999961307698,56.56537938169516,0.21949493473400655,0.08838519689112524,0.02038781165451695,2.417858988573469
0,4753864.5347303655,2416729.082897398,246.12335188461117,42.837943956367106,10.063249634488235,585.7276673391302,282.9932674869687,285.4059740865451,0.12530355316676456,0.3982059876315659,0.06080285515522967,0.6344136941088733
0,4650697.769552983,2246964.744474801,58.939976349367974,41.59405178106363,7.764907324760594,519.4967005859556,5248.4360309505155,192.17229781350437,1.6823846411095107,0.9259067019543615,0.058087352816876506,4.318940228812154
0,4608979.01491621,2266706.6684380947,34.369885513937135,36.33473435730819,8.977094936534463,334.6024080987464,267.59007366106124,47.28760194382098,0.2968428987870283,0.1454446029543257,0.03509843730118464,4.144343468659867
0,4705763.874323862,2188183.2239494347,17.956414119137012,47.81540321282871,9.362482164438438,368.0538425039492,2246.617658245411,37.83034457064935,0.5488661186704801,0.5610870257017738,0.0032592563062491466,5.930713775888183
0,4734756.7065874655,2189651.637238627,171.60949960357166,51.91532387766483,9.1588102095656,936.0771470602757,745.4971775577828,137.10293715954458,0.5262930485599775,0.28516244492531284,0.08414932857794406,6.7719834369009355
0,4823000.659869266,2315270.8525281516,140.6271100556003,46.3138368811491,9.240228546966938,482.2823242273569,158.4755344375289,37.998899186933635,1.3464789141629696,0.5051190490956342,0.013147417824545305,2.197035783796473
0,4720350.882756126,2320908.6313516684,159.7775228999207,45.33917012085288,8.668435508506773,457.1889433956849,358.41233967713976,211.5920414879366,0.46327689854634624,0.17637261413158806,0.12218584145614134,0.5943203775316804
0,4736803.474548121,2276501.8200352113,147.6846548030165,49.47947945266982,8.13243622460255,695.0771201767786,334.3711963453411,102.55400458724972,2.7913366335713414,0.39544833912496985,0.04025678036453556,1.0323169048548708
0,4743192.815079906,2170668.3799942797,85.48901511173645,50.17902649039743,7.582470369020596,653.1279079526986,372.5201204405604,83.58305867059056,0.3881477182748058,0.2633940472678837,0.034764254936637984,1.1606259419159397
0,4587307.6178952325,2501508.885424948,195.92856169798085,37.46855284676568,8.464608037854507,415.6222918781711,806.2773823864607,55.86098272704139,0.22053908692529034,0.088306829559181,0.020062024043585643,2.474264022642697
0,4659826.192330677,2357477.962329475,277.3922965547742,39.98170553749962,7.938388102398089,641.2125511600409,1132.3862977799226,69.25256961660466,0.2896452034500684,0.17871539550594373,0.04173901242658736,0.872598388587594
0,4711188.933795258,2260587.164280026,135.8708403111733,49.44534668421366,6.901801850442608,359.30564702084905,230.88899105026425,366.0338957267246,1.9968570273013413,0.11030939223805829,0.05720305113505995,0.3070652766453774
0,4735127.460820746,2161114.3588914415,85.62367332968816,49.510991478138656,6.981539705394842,682.585396788698,844.5830024692889,96.35898576528666,0.7521662739279042,0.21174042403115173,0.03984989298995982,1.9766000446291503
0,4810205.152640482,2292455.839398598,131.9673248154043,48.99878375197924,8.629011554822034,509.2787451656574,210.0638039324799,66.02805862033787,1.0641471733987984,0.537973229829195,6.797339987335946e-05,2.213036748904256
0,4599451.513236199,2503289.8920737496,199.86494957203115,37.55160085801814,8.441505625848492,422.23265297188135,818.1113747528011,56.21792185012426,0.21961546811157587,0.08840661300474434,0.02043439768656463,2.419469487241525
0,4767639.751019072,2424058.0875320598,276.2933877740077,42.437296428596,12.277758287655267,605.9808932357755,280.65941671605776,254.49194063529342,0.12865352698442753,0.37628573243769253,0.060733629292490716,0.7856671174933946
0,4771067.033377354,2257076.959520832,79.33135215496122,51.54980943397155,8.266780831634746,630.8626684670003,195.46376585211001,83.28612345817538,2.2704348483259515,0.2676387363533163,4.436116615061548e-05,0.7004976651434303
0,4804679.9773203,2288882.1785773365,88.16275456855651,48.95775596612054,7.643646089476949,565.7887775864468,187.40279349806386,50.490994758712546,1.2680698861908404,0.686063006587076,6.099135802755115e-05,2.414533869363227
0,4780971.675868535,2353543.202306872,174.48495420920946,44.43316485791829,8.64382457612933,505.4007720284834,289.7597614108398,286.3143778227671,0.13613531445555405,0.4228795652116981,0.05834165109856032,0.6689389200344512
0,4667408.34780786,2156447.3177675065,23.132404141932447,43.264909993134,5.422875080096238,631.9604226403088,747.5286446869217,180.3129179673217,925.6544131842027,1.2481778204387932,0.5266763284072782,7.439580534063059
0,4780987.576309449,2214879.451274775,97.90062552627533,53.39708658817488,5.21871522843189,712.0498760946986,158.39856173357563,100.28167359374572,1.2024674171734733,0.19116999504835208,0.025747077457352087,1.0563405534758763
0,4809094.0251276335,2261841.68046864,344.9089151369883,49.93174158950056,7.763815106862376,451.9175921801864,237.3555063050094,76.05785772872478,0.21511309650695115,0.2410571310941676,6.334366918131621e-05,0.8828643451294527
0,4745842.685489902,2409569.0905035664,240.71532906107046,42.95965613938425,9.832373062838403,578.162964174497,283.4281634267011,286.4618376910462,0.12596041202689473,0.4006731160522093,0.06061113246003388,0.6354545884778868
0,4694824.74550078,2375646.371421324,284.5041087446358,41.12758881848757,8.021974261777851,578.0010753874429,1033.1968252029135,108.56786433054263,0.1702468827211138,0.092612358100459,0.03103199343487355,0.5475831435899327
0,4667282.623406951,2264182.079014458,31.948755623841937,41.3962079231258,6.0565539974719895,753.391026261215,3296.654691176143,161.95569799107432,1.4611533220614006,0.7349781984348257,0.10346529577030698,3.2097518799342475
0,4702252.423438911,2132453.695169248,55.84499447173259,44.37147462800573,9.977752544225874,1218.1506044415655,171.1700708772358,190.26834066140316,0.04660733642765888,0.12514290623707558,8.188841637166096e-05,0.35425599785905276
0,4779384.568752218,2383035.4476519916,254.2967708633603,42.820857052442264,9.817522112323893,587.9050051934765,282.59095566099654,286.12032068631436,0.12401047703997162,0.3979270221707294,0.060839603946763174,0.6323216583219244
0,4615536.330628535,2436800.7135014716,204.119037501076,37.65429577426556,8.401512459037821,432.4019202168766,833.650612588358,57.70525677913355,0.217936257606703,0.08849208049834473,0.020848230999245567,2.3351752679935185
0,4738776.285504457,2400988.687273442,236.63509368090814,43.06503804464418,9.764942089263789,574.6905444310011,283.9294123638536,286.58984942668934,0.12670262635874935,0.4023963038616267,0.06057066812813365,0.6372192294184424
0,4636047.28621379,2365571.9992331546,212.44699358085802,39.29349004799008,8.12178714503043,624.8079532082099,1022.2817631390578,79.37065446673782,0.35810819829307644,0.23714843182428458,0.04519983121222091,1.1867221777947434
0,4739660.25856885,2302283.5583845302,73.41145583455192,47.917540013023775,8.711026832760195,538.8792404118013,356.0229114403702,90.00880354943475,1.919988477539081,0.4095212019589208,0.03385281101862176,1.3464216146778094
0,4771038.2833165955,2229636.6809820114,75.83584411157126,53.44304759255207,5.748625628818067,812.9896557674344,186.2476041938224,93.81319977583131,1.5090801121333344,0.12497257977338899,0.028613229357381392,1.0373296913403227
0,4632144.661635344,2499560.3328804234,263.3482800807627,39.4129485374028,8.563848098417772,549.3618360503456,851.3252320982284,112.55409241778678,0.18524836929755337,0.14992178583736845,0.03280544202597448,1.3207678342608782
0,4818457.418516995,2429540.676421365,313.44456795433223,42.36761211116725,17.273599849666525,627.0748220947446,279.1521781047499,175.9019687970064,0.14378410854781104,0.3361891458621712,0.06047411772919638,1.1906406111733319
0,4716771.025298177,2286714.041161671,155.6146464836977,46.1938837050696,8.92581322156214,509.60143787396123,334.87622601770477,124.6892341449439,0.8962352022037273,0.22799456507570548,0.12656007268006692,0.7819065832314515
0,4630720.3754669055,2374595.433848,205.64422341872097,37.73844595228981,8.331712067417046,447.19053541333466,849.3618163133625,62.245038178001096,0.21488477856545932,0.08843642436992318,0.021063961298885495,2.213655781240682
0,4754485.090385847,2265033.8567454973,99.9425857608788,51.33071173966971,9.263955580872748,721.2380479802971,234.41087375816028,85.40625297824594,2.256361368636205,0.32913105058676667,0.04020215204483093,0.8549023735299645
0,4623070.556852217,2454484.85420033,209.77499649166643,37.76766414960808,8.375255383776619,440.50189034369896,849.3827940819835,57.712019701853606,0.21692085471067019,0.08864601910636745,0.021376589140856807,2.267969670894704
0,4594243.66618691,2435020.6069472367,188.9456030867816,37.33478987256431,8.489868961917345,407.06541980461793,788.1664519718212,56.38241752863523,0.22146300513859554,0.08810644011017416,0.019413182255548393,2.54518606815646
0,4586144.503959652,2255740.4051444647,34.79012716224158,35.86215293234523,8.963333475301752,311.3473967099969,300.6887636642823,45.727576192272906,0.2943402978015795,0.13862807915980813,0.02580621157093706,4.35151611219037
0,4599840.439523472,2271013.9848958533,36.006745280067435,35.371097329460106,9.308270390891595,237.66066834800654,285.43455444579536,48.26020832978627,0.24715269607473986,0.11047101904673132,0.0233253466770496,4.041805388004999
0,4594124.9783994295,2442672.8867740734,190.93955049849296,37.37441080560763,8.481006162362073,409.84177645287923,793.6404331323257,56.35504595066471,0.22112378982231018,0.08816121740673712,0.019599546503104616,2.5221690327473043
0,4641604.935965471,2486579.7986931787,274.6079458275626,40.53759961499092,8.2034276329719,573.4400882330693,859.5993689575981,155.2780216349802,0.17115910362990466,0.15126974026614004,0.0368821017859287,0.8128892279214349
0,4696326.240602025,2331377.522559536,272.59462079601957,41.196007221735655,8.395427669783288,580.8008813525912,1010.5002060444568,93.9595887115038,0.17086893119053884,0.09099200634818616,0.03091665617111341,0.5363550310275388
0,4723987.282095213,2393884.076793897,284.4881041885702,41.890066356638734,8.016638896901902,571.5922429692599,770.0925756405935,194.33466892263644,0.1592065601833317,0.19753025624919698,0.0443240679429565,0.5865139611944223
0,4578804.186361585,2413329.7872411907,169.9545160635711,36.937796138725325,8.59715811494039,376.02449223455966,731.8464654466859,54.97629663155928,0.22571932218405832,0.08761923949585634,0.017616796611421005,2.8023669185780067
0,4709826.7486773515,2271936.151100581,122.73277082543913,48.96545323828223,6.880653825422713,385.04943804666783,248.448555305565,253.8546474135057,1.9533981986168412,0.10340457570853048,0.0621421710700807,0.3264921765188011
0,4693881.4835229525,2223774.289555531,79.8240906640545,46.995971236321935,8.861341641757669,153.19657696211686,787.6946488570494,56.65024912545414,0.3565600287141168,0.3364427061774449,8.274195865515767e-05,1.4033697784119847
0,4812784.777117248,2447642.255798538,301.2919494133626,42.40829081459339,15.774716514521643,620.3424372437846,279.6692813158769,199.5554711703888,0.13946613195645657,0.3485328563051323,0.06054625108562448,1.0689986008732446
0,4596241.035909292,2483883.046907971,197.80538304805407,37.51064323100374,8.450705841022879,419.35633230627667,812.4488810293188,56.243731369429874,0.21996690893487414,0.0883501411169567,0.02024148144452372,2.4433010959920543
0,4735826.917114929,2105259.5586576597,16.830288673186978,44.4555583771126,6.149018082211554,1074.4649645036693,3788.323628755792,200.04850160969968,0.0976682721029862,0.25763109255389205,1.0476317084012883,19.803425444073298
0,4597298.867554834,2475360.3213918176,197.56227487897976,37.50688848396728,8.450540265418965,419.2691199418535,812.0098294879185,56.33874530447529,0.21995144564154265,0.08834161771043565,0.02021960881618764,2.4440208773581356
0,4839383.732291229,2325199.011742749,119.76272744138213,45.93259722114597,9.170795295268343,485.1114702222105,158.47592358671264,39.2218085886987,1.4376321516503656,0.4926161180256598,0.0207254678244821,2.1208446211294394
0,4711069.193071427,2245402.6184548833,358.1779535525744,51.700012865289295,8.562206016642364,273.3326031502987,139.07546704272042,1330.8798685544252,1.3356356940693688,0.1902154646308329,0.03432011880436251,0.5026933099267331
0,4607495.005438883,2457774.734918379,200.94056438654198,37.581668564188355,8.4266439122749,425.7614153856411,822.9106302285032,56.94355334406642,0.21897417879175293,0.08842121443622443,0.0205421801678771,2.39020064899096
0,4705359.436135289,2257072.6603819844,186.3184435428968,49.93472756592068,7.402280091150008,331.65964026374814,197.94693679416352,621.9722179274015,1.7192655883842909,0.12692726394257067,0.052345033593528906,0.3425195589790411
0,4747489.989046085,2330782.1384198503,73.89105101554311,45.9404379074501,8.1927394745238,454.4045437838908,289.0764950369133,185.92967363400064,0.1445620628979617,0.23165300698662897,0.03494184264013107,0.8976636718873869
0,4760068.463228961,2300588.988324643,65.0099968869201,47.39496985709773,9.959449874804875,538.6948110050472,326.22759288442893,77.740543496688,0.6200279858748424,0.3024563697423809,0.031014357021247465,1.555762734400207
0,4637864.987413611,2269080.5143679967,23.69903529119263,39.34876497714894,7.561634173261808,681.7281676248699,633.5928031959397,82.4304152525168,0.6584421148323159,0.2728473436837499,0.06081586946145199,4.5372991052642995
0,4745629.381395511,2253550.8656731024,102.24200078602043,51.584118640684345,9.583699626494582,745.189701806337,214.80912900109,83.18817989910822,2.1802640283323327,0.2717141909962447,0.04846881789276545,0.8349812562366288
0,4641628.064488631,2317256.9044870376,38.47062752486798,38.38864358253885,8.915420736867738,843.3170220147965,668.4790628826789,99.28118503489466,0.7411575740196407,0.4910674292865506,0.07340763203261322,1.7542185465378317
0,4657397.910619146,2336934.152489204,241.27943695770267,40.115695958344006,8.17428697330794,669.9951936582788,1148.1484949182013,64.98195046480112,0.5876566874223204,0.31921777707042853,0.05614718520036663,0.9704974083023896
0,4606282.8430932965,2489106.08597966,201.89533623375692,37.596189016421285,8.42756298568114,426.05066831218926,824.5864548545425,56.55144199007802,0.21904630893204804,0.08845511658644638,0.02062765745034093,2.3878065816234906
0,4712957.980382736,2295876.750533144,177.18806217025397,45.409232403941246,9.381182255351517,508.94660335277246,346.0991351530181,135.5064875820402,0.31001047249956043,0.12312356709738417,0.14607676617189305,0.6318819021719733
0,4621753.803123353,2347047.036383863,36.55462318947079,35.91156449692051,9.045549579911643,512.6865375281973,498.6152349634617,77.25326164628942,0.3627533325901968,0.21348186590407586,0.0282499795914116,3.163858933050674
0,4614704.632525029,2390788.138029718,187.67727657011469,37.340689285031026,8.459186557482596,412.58015000040297,791.3152669391751,59.03827421430227,0.22005943691505514,0.08801694805764067,0.019329966290200888,2.4997360743576023
0,4618820.868206436,2270983.0538690765,32.608937725229545,36.814643706523015,8.824884067275214,386.65536487235573,268.0509511712344,54.1097352004586,0.2991666365934301,0.1583736399537238,0.04044931041865057,3.9111752529950974
0,4673868.032434402,2099545.30132751,68.84355267119312,43.817926215157044,9.193720312233529,771.0105833431707,354.2055899306657,183.8609866004071,1.1165243308165265,0.11980874309360462,0.16482451662249567,0.8255990898780269
0,4672654.83070703,2197303.3109055953,12.871262003229111,43.43813510015079,8.385064149756221,838.7120183391268,192.80857536248044,99.19590790454401,4.555047109748948,0.1783193732073875,0.05972804189309145,2.264163548823127
0,4763263.97318178,2169582.7540302323,19.346999576044613,51.936569744024624,7.46273134975175,736.0994452340753,219.34518154434167,73.06967897032074,0.10104983658676166,0.2630473562203788,0.004619583421047646,0.565083206665037
0,4588387.148131394,2471432.652600488,193.39249978405417,37.419282281005046,8.474592040383904,412.3522579657616,799.5518446857682,55.99191067517455,0.2209103131558785,0.08823529951506315,0.01982539040303809,2.5013530905746677
0,4723226.010482691,2304078.733740848,123.0435796626406,47.01442254240891,8.551992852872427,519.4624173227731,365.018959870791,117.33907783251115,1.6309748550841567,0.34078085226530214,0.0819835523709801,0.9480514939995193
0,4687029.48284181,2346571.804783879,330.01290505265695,40.48379377497916,7.787071684048258,620.5594296012465,1548.1534939055148,66.2380952351295,0.6339440232839518,0.1618011038438598,0.031424145572164164,2.450495366456618
0,4673121.333009427,2264421.2801108574,93.20280085174501,42.33299792863061,7.3460797776075255,484.8896249001678,1975.7094831759402,221.23083081691317,1.1398778980348325,1.0619847008405336,0.07556301524826829,4.65963688306555
0,4699198.496520952,2369150.865919819,285.4342846561679,41.125712452063375,8.001873816221636,578.192850328937,1034.6960591748036,109.11582517304825,0.17062854158260116,0.09269273168020166,0.031153323005890278,0.5486668037110878
0,4684869.800177356,2227374.5015976084,64.07195393770495,46.65663495204217,8.768226319552646,132.6242103270394,562.1613947965927,54.75025847815774,0.46059673271428797,0.7217305265683739,8.546492287893688e-05,1.8214365356513247
0,4706188.862993706,2338725.2564154565,263.88964075625074,41.3997658553302,8.142018679661255,555.5251380297159,961.9159652690488,125.30544346531983,0.16236734266766945,0.0926578006977255,0.030124761429468364,0.5207674623557217
0,4710044.764961255,2381096.3510011965,259.00455960625777,41.66832412362815,7.970009700727318,558.4814673343318,932.3936979729972,129.4698896419754,0.16226156242695142,0.1020942874654031,0.030580987568582484,0.5562988024744849
0,4743186.540247985,2223386.9952415945,213.96297322669653,53.139358886652936,8.601024951803318,681.9017980220076,308.4102306696973,182.33771980176812,0.8944015672310832,0.20256217217223133,0.03701370589387555,1.5866921734463448
0,4668488.418421825,2250389.24370497,114.73172754272434,43.21080550221602,8.960910610592743,187.1063424690097,5285.088677630149,241.49439806992984,1.512331126800888,0.8833532528339786,0.029490355904439828,3.9701162767972553
0,4803582.307471299,2255289.780780159,344.6123997132455,49.93119986893589,7.761032175972423,451.850847837515,237.50551143574887,76.10259309003864,0.2149610981370237,0.2408347575805483,6.330038982088177e-05,0.8820603063111897
0,4621524.948608049,2336270.3887518933,34.5369187412144,35.612612667761915,8.86970665284436,469.77122303837945,495.23929221443177,88.03260104021264,0.31922038646938683,0.17544902173091442,0.02163327442824546,3.1380876030081506
0,4815189.929987975,2193857.973742642,66.11170364111287,52.506628214712904,5.8244296942888045,802.7561404610415,249.51200921564032,123.24756962084355,0.3420901165277729,0.2404547079203264,0.009325904160667614,1.1240702856544305
0,4758577.880429011,2385852.411328201,236.38454766515562,43.105614322340095,9.702468766489838,573.6680486867577,284.080813871807,286.72143739810156,0.12683817574136394,0.4030631534828268,0.06056516704932144,0.637647786045279
0,4722430.565723943,2291055.3427943503,115.3285038447817,47.31555065992181,8.361577970192855,514.4330897954519,351.7093997678536,110.11952490266567,1.8471713514104788,0.3877583588666674,0.08223084622778178,1.007774583156255
0,4678271.812334657,2337392.659081563,332.30096215707516,40.446158547744574,7.741342041652587,646.655668726497,1217.143393712397,64.31054998646101,0.1910817241627938,0.09276507863720682,0.0360039553531223,0.6317566347276962
0,4822123.329808958,2305440.295388999,134.14417403062842,47.390356009129604,9.298123435783484,524.0442956562633,167.46317454281242,44.13254916191597,1.429956621704132,0.5990231992486207,0.003250331124747227,2.664192646605795
0,4717184.816556523,2337072.969376773,219.77803064141867,42.52312985369011,7.924319511345496,489.86551041757855,736.4208409318948,212.75180684060172,0.1561210195005796,0.09526240955820735,0.03631694361800551,0.470069635141715
0,4896308.893394828,2357049.7774059842,178.74197402565963,44.854274708298576,13.103700390857773,531.6999810590121,191.32989823095403,50.2113473387329,1.1153267746148499,0.4324681559994167,0.033463630336505026,1.9877590874256368
0,4696857.473104801,2246373.0417492758,85.67250396613778,45.356988261000424,9.121779109875053,89.66375160499074,6909.564104795452,113.27641712376452,1.8301314309520842,0.4383485795253644,0.003100744690425795,5.143899125404302
0,4694222.739695255,2128997.57144796,58.09461003340063,44.25944900138467,10.176368181206438,949.0758545553293,167.68167944176508,231.5998827269941,0.044365459612980725,0.13765103139758814,0.00011629077290870339,0.35811481942189977
0,4731036.284316239,2290084.1272856533,80.85227344781619,48.17674511150752,7.86730500200858,505.0616892477425,373.41846831911494,102.92239082464764,2.6316413274697337,0.60826551951894,0.039164285024144374,1.1794409543474058
0,4791773.756051701,2149988.582841933,66.0474281899203,51.1875548186723,7.2297029151148475,684.5981330782081,260.8262667493276,122.3446009009211,0.3504845181545418,0.21149862143902193,0.0016601285464938817,0.9571548406893848
0,4783971.310466196,2249522.042191242,94.65079082726065,52.047813217281394,7.7796419135219566,703.9248796386033,174.92036319938697,67.07695569251847,2.1444705632006102,0.20020923283880154,0.009687317594559987,0.646292822939043
0,4710012.291471455,2317411.994364533,150.15377398007652,44.23454084255108,9.892358487409329,473.71208739161017,444.8396361088407,144.2778060625124,0.24314493138170898,0.09701946652720683,0.11697684451311972,0.47961481863452066
0,4771765.665972864,2273918.585976182,66.79335470914855,50.3126265010434,6.959388494864232,613.4204593256777,221.8497287714203,46.4270718613383,2.3766036089113034,0.38679504820667987,0.010487350350757717,0.9558334474735981
0,4699040.040054018,2090507.6436459743,52.85854430501466,43.52523772384994,7.815668333177664,722.649087252038,1277.239724615618,162.3718141094211,1.6431774165492423,0.1403173955174843,0.5869275468748395,6.073696988208317
0,4797383.316844211,2214545.6793429903,102.32066478228941,53.304362220505105,6.330276404535398,717.8974293761023,160.97436286278378,99.24218207925352,1.2171157032039588,0.20638171072875539,0.025332211618269512,0.9821326110916959
0,4747857.795594569,2259085.853644181,73.17874766411339,51.60561118908448,9.837245274087447,701.7324486779282,201.5453853435288,84.60370587724273,2.1774262016602903,0.24798548165283857,0.053287510144389635,0.8506200407369485
0,4704030.110955831,2103206.1564833107,46.686104079856655,43.14787258855031,9.212654092666224,703.9225263866365,826.728326490329,158.61940220592325,2.0073553878448203,0.1399529907956283,0.58249433560686,2.8412142165048886
0,4590164.959493845,2445029.2071229033,189.29982678986727,37.33878190332419,8.49183637153031,406.8457942814943,788.4904220449603,56.118516531061886,0.2215625522052314,0.08812147546118178,0.0194432977265413,2.5469946706630124
0,4740063.8015668085,2327323.5708146975,110.75217033235802,45.428582463108604,7.616210970411882,366.8134956458897,292.96143922218437,332.15032912249023,0.1406642192407256,0.18581765548855628,0.04173647932188963,0.7267006509403912
0,4797040.132625521,2299071.0023159226,111.0385535839808,48.40156005684685,9.561774495219677,542.0526077941348,178.15772677310733,49.82088449350129,1.6676075166075635,0.7591628469138161,6.415701839472298e-05,3.407466869099562
0,4708106.666116529,2254004.334894248,210.6012780348735,50.19626611698703,7.656491752890658,316.9182531299717,178.01125811158641,741.0592694539187,1.6574499764455877,0.13571916675454263,0.05003830407746407,0.3575984702397639
0,4674168.854708971,2256414.211255757,122.33139219636445,43.27494518494988,8.961953083743666,183.6379849342896,5150.181184364004,235.97341317077917,1.4512738111055112,0.8600190785416387,0.0291989301450898,4.088115369526048
0,4823899.583229447,2281871.6458379324,240.69546232555473,49.87598067127194,7.594745295135001,413.0005115174848,252.5794124987643,81.95194100738665,0.1582746268108211,0.23122420707579067,6.908133119161382e-05,0.6543690137402138
0,4618403.695436514,2528982.5181586347,260.50435383727796,39.37986075194198,8.609988380640168,545.29883044887,833.7137510210954,114.92466171464824,0.18493927270485327,0.15315120030323343,0.03288695776826848,1.3520750844351217
0,4623016.007590423,2314381.6929993923,27.753263536721565,35.12937259164483,8.26264808690122,403.150162563306,507.89551821432065,129.4085731417958,0.2045822882019469,0.08209694368796217,0.008251548526804812,2.703481722980948
0,4614574.949259968,2339021.7374508004,34.813564733049134,35.45662606118787,9.01344417931963,427.73107346256006,425.77095018361734,80.24547937973509,0.2780942946056934,0.14050927571381655,0.021254578661613344,3.3258501250612436
0,4871359.607821564,2324395.212139858,119.6212409522136,45.92570132297952,9.181037012862562,485.11678627241076,158.4749637105806,39.22691190651838,1.4329843651818088,0.49483980738377836,0.021058846503249556,2.120325511634636
0,4768814.201424916,2167939.0999148223,44.12651809848426,52.06536023944416,5.167147274053774,804.8172995044046,234.35891517458765,101.64517581337118,0.13404936919402285,0.222936165659187,0.0019314236085640655,0.7242899876054946
0,4831314.609056907,2361984.630642089,118.0429010114879,45.58634080304786,9.427371448611858,493.46477388675555,171.99378510887968,64.25635999998204,1.271333408629962,0.5073338135390504,0.03050170163053579,1.9505108951298682
0,4669265.21464321,2116018.3207712146,60.15069992571535,44.00016648369133,9.97794139135622,767.4507004942952,235.72112545082933,266.3646825871366,0.4451132823726153,0.1260508771077285,0.07696497366542024,0.5160946284858904
0,4625602.284981955,2278031.373908725,28.216787361638872,37.52994717139595,8.974668650528487,621.0224970523392,243.41519672801618,87.36138637818149,0.2060318478385602,0.12954649737266438,0.05268446532112049,2.3328970374911537
0,4820643.21194701,2325915.1213927963,131.86354580197377,46.15886208287924,9.157897418281943,483.61021488833063,158.47596388239697,38.59197091975244,1.3833573481033588,0.4921300463961937,0.015876695483228932,2.1633852718324262
0,4778551.970109988,2387674.606789591,256.66792638525607,42.70256412054575,9.928434744770277,590.5600850042091,282.07560731423956,285.91059275773824,0.12347608769036426,0.39607740484041565,0.060851079731725786,0.6309053834230801
0,4700358.603351191,2180432.364585809,16.417647760681916,47.42162364499281,8.443860879331357,283.9778635387626,2950.87613656777,34.88306278648832,0.5812361620674065,0.6172178788986952,0.011415007643509027,5.687505077751701
0,4803150.222869749,2152545.8668777617,66.72610222164569,51.39968928431615,6.344834671770193,717.3671035254564,287.2398736321363,123.67565795148042,0.35083569380652685,0.20960416234456467,0.0011771490407838038,0.987784197712046
0,4583140.443061851,2305933.536112244,39.53873222785863,34.51896924734072,9.564553263684237,203.0779940567984,281.79709882739064,35.705090972641486,0.2575251720933977,0.08393716123534928,0.013901105436637477,4.554014928641253
0,4730711.297759588,2310853.3360441765,81.07608774854953,47.37422674493069,8.451678352009614,490.9330389607434,343.3463910382233,139.54521683586336,1.52418214276299,0.3946389271305617,0.03644451523526741,1.2404993672209232
0,4718801.814102986,2296742.106576495,150.1652278297553,46.28433197519514,8.894942710571542,507.238031666003,346.6782755016775,121.80814552046147,1.0317628646777501,0.2554734421150869,0.12744412304375918,0.8053573639307421
0,4695707.182025298,2104936.3721095654,54.109361860500464,43.301606254220424,9.025623149612533,702.9633007089806,712.0701377616443,158.86371159206792,1.853518834799491,0.13268149369810425,0.4830258241834936,2.420099668209315
0,4756989.221439245,2180116.127224554,53.89661568457688,52.688542764749144,9.395517577475724,828.0716193388961,254.59941482341182,58.78269934150258,0.10058497874568764,0.5466936916893931,0.017290271328441142,0.5313513269516252
0,4776759.172897479,2438482.894294264,281.4622455836454,42.4280919421235,13.053324722206895,609.1431337779211,280.44086589312207,242.47483851883803,0.13102275760115206,0.3701777160292186,0.06069191694164213,0.8475391639286103
0,4697999.5861937255,2371384.4717288865,285.03337239866676,41.12810866572397,8.008359505309373,577.9960796805741,1033.8057918190427,109.07756607385816,0.17047180744696802,0.09267192402828768,0.03111615802283916,0.5481929989998738
0,4677502.785606775,2272078.3734693183,97.1937229752928,42.33070885725481,7.0867124284298715,486.69146065785503,2007.7475031935485,175.4787144161571,1.2508337392624962,0.6986987820181925,0.06640869607734541,5.949042673224792
0,4835445.41092646,2309719.3554830416,130.4059901831456,46.206659738634286,9.208499529161509,482.9967547820607,158.47740649351383,38.3726510200034,1.3863659105951545,0.49971329135542186,0.01523337898797165,2.1746643633692573
0,4808400.404678807,2288233.6991636474,136.951476457941,49.09267658458615,8.504328908919948,498.3917433694046,215.07348498308355,68.12246091517368,0.9672035405809366,0.5051026723606878,6.854074358695329e-05,2.0359338878568622
0,4769113.26354466,2422393.0944231036,276.12937733724794,42.42843116201296,12.209523949080197,605.8709108119563,280.62983612094,255.5810021975152,0.1283781824807644,0.37670265175165674,0.06073959150259122,0.7799162578633106
0,4649014.063961623,2320743.329330831,43.59139190263359,39.39027086148936,9.12377354031968,865.2036341190365,784.486138316169,85.65102516637114,1.0750780077164241,0.6925332300833559,0.09834512506230098,1.62810292100361
0,4798228.336126074,2155488.6020230995,64.84192340480853,51.417657919370754,6.194739126310017,713.6373250638096,294.5795799138285,123.59927404551725,0.3519459958774573,0.20760299914795238,0.0010941254107042421,0.9815909857340802
0,4672766.879929334,2296955.944602505,32.784503781640424,41.676972416470406,9.113643954771302,161.821465723448,2642.1771854370136,47.334410252260774,1.900087430679979,0.3863518196681689,0.05078064696508349,9.84450161369677
0,4655100.9910124475,2133139.131504092,49.359086444970565,43.85226125964324,8.524383284603713,437.66023362491046,363.7988938844625,311.294279769332,118.01625583844658,0.33377978723084,0.04606343055687666,1.6578990478604165
0,4741697.601239823,2402685.550306081,237.8773587771215,43.03448672021985,9.78283061412537,575.7133612811249,283.7821887186461,286.55677507625074,0.1264802263007508,0.40189668620399954,0.06058285640078642,0.6366946565860735
0,4569759.054862718,2298224.0916994535,38.06508544818426,34.86763353136266,9.476746907665941,267.7276209202197,280.45560825718604,46.2080217358106,0.24977648700767469,0.0834200588897596,0.01920924935125812,4.192747618834379
0,4824737.729803826,2422729.159098477,330.89939130376365,42.357243725104624,19.53913752767734,636.3899836911695,278.63537894630554,139.84172337284804,0.15068647945219957,0.3181104161343038,0.06035313493381104,1.3768104812075932
0,4836501.4871632615,2282882.9908842645,257.3773184844525,49.87970298836546,7.581726862963251,412.04439080389875,250.9672112756335,82.41010433995979,0.16693013678476282,0.22670825466845862,6.680141614542382e-05,0.6822890331615084
0,4673886.602380458,2156036.7945882203,28.858723268197284,43.463034010152995,6.159032636069992,622.7044465757847,618.7880522641035,178.4006189975754,269.69031721471504,0.5943415183093073,0.1388566718591181,5.890810806302679
0,4712073.279279052,2256672.2941104425,179.95558755464066,49.91309788876278,7.44493675014635,328.0780687074709,192.2155205736713,586.4743016778383,1.7383218471304385,0.1273334076394958,0.05296679077197241,0.3360762927189331
0,4591580.779340812,2278488.650012585,37.415110181986925,34.912173766026115,9.492884856286006,281.81614937357625,282.7263060872178,39.360245310198394,0.24883739140624495,0.09871110332902881,0.015146041539695166,4.315567960961965
0,4653179.172334964,2246041.083708047,70.3809676215677,42.14168906527104,8.1368131757691,425.3808385928937,6113.485878948318,219.48076040068491,1.7893038177829903,0.9359464693848382,0.052110199303666234,3.830876776863785
0,4828045.5286901705,2288803.78104196,244.1703890971972,49.87744770010913,7.5993621460804555,415.31195757189306,252.31510227603775,81.63915015561695,0.16032674121930413,0.23182033420450598,6.895233179424243e-05,0.6618165913725922
0,4715551.403406889,2304378.4679785105,167.40530313237886,45.57179978620386,9.36111064099239,508.95901470098124,376.8128617020534,131.25872377295985,0.587898517774731,0.17683458118962667,0.1474042723929168,0.6764711414719987
0,4690551.018470086,2338834.017430445,322.64045022568024,40.5505298804771,7.8497458484352185,618.8534482537548,1785.7162691574765,68.4680382550673,0.9482140452889287,0.21059911701725229,0.031940408635668,3.754255321214195
0,4688510.287923194,2198832.606557017,17.137735551996577,46.95891397092008,10.173433758769582,475.96969717877425,579.3439146169349,45.465985916839145,2.8522220211593607,0.3113593299597213,0.009945742059391277,4.239941308221567
0,4668098.253968788,2333624.793995945,284.955552377158,40.46110208361742,8.019305020439809,612.0825220609246,1110.770601754039,76.13156837238085,0.23843487216486645,0.15361742025439373,0.0375553316399776,0.7033417560796039
0,4650793.26581345,2152978.321018948,15.010394581945663,42.89751774959974,5.036058228346816,543.5802511922366,1106.7189667749428,160.49766714224532,935.195941697006,1.454558644380613,0.5711238531366354,7.026050819222523
0,4698639.355240965,2275546.576278315,149.8952845315833,47.19686446655492,8.080375884838487,445.18863781307317,285.9999791070335,185.39800802081666,1.0341558691556503,0.10159220102141749,0.12649204963164226,0.48034480327443063
0,4821028.440029055,2250261.0500008934,347.9881553145338,49.93387310772918,7.76696459923109,450.86682362064107,236.23334613649448,76.36251012490283,0.216303034101703,0.23979135845269262,6.2797108918091e-05,0.889996583771469
0,4619183.46668591,2315855.4880338116,29.147071383344468,35.06007870169932,8.418796545028542,380.0759969944714,480.89221280893247,118.28132009886403,0.21091621969551796,0.082314226011686,0.008968415274782142,2.9214917925805715
0,4677728.627684766,2161859.6508136,22.818929613152434,43.68404263552986,6.484927107838168,828.8302469798889,518.5336681399516,149.72643381508138,71.11545940265047,0.32288881890205584,0.056793180697307884,11.285280705503698
0,4614707.968074911,2265064.834620339,32.70912034345895,36.78386592566562,8.823955864691827,386.0063919890656,269.4427849831136,52.47725346141439,0.30173254974061214,0.16016707221474236,0.039352829543776634,3.9742707793378975
0,4774635.908491754,2395861.7726881932,255.62442454965043,42.648774115467646,10.068939879174428,591.1705866714994,281.96665397743794,285.5478262546901,0.12369058788238946,0.3952488651349289,0.06084274426882545,0.6308315787865142
0,4712340.639147693,2167330.363198984,24.913310443176876,47.91331251574085,5.67071089204269,259.04079491296375,2387.629949732348,60.44175505987129,3.0907466688041443,0.9758607704035576,0.014734753677332875,4.324651927261215
0,4611085.05688771,2290155.2265414563,40.12352628804676,34.46036868963416,9.596250421474021,185.04856276409035,273.06293295212475,30.80628570129017,0.261538987522799,0.0841660950060296,0.013514021799188088,4.667398359478163
0,4625158.580229507,2468768.098111303,210.34949160620863,37.77675657698123,8.375402138583224,440.7582075161092,850.4660403854887,57.50656633101078,0.21694512759610055,0.08866585414543054,0.021428092574696234,2.2658365069036783
0,4687627.401579177,2090142.7717137847,63.17938134493809,43.62087267210251,8.038872931009008,707.6273978029428,852.16779583835,160.61387557164375,1.5422688681529357,0.12635165763189476,0.41241134865634765,3.864010622632308
0,4602696.364119256,2371997.3214086466,149.91717517874915,36.56919881745419,8.651707138558194,354.9843946111959,683.1047004635101,57.76041019445424,0.2275888333498506,0.08701946493790706,0.015769801856127082,2.9765499278662735
0,4654194.247794436,2362510.6456466075,259.18255320156237,39.814722949726516,7.9969828778595495,638.4995384548942,1103.2705076728537,71.68421800641357,0.31300776183215057,0.19887846393312464,0.04328621763111779,0.9558532121172598
0,4805465.675451839,2279608.8426482095,212.2265311368378,49.8792779770923,7.327000005497606,424.2436495591179,246.58721848387214,76.72071536224833,0.18102458830478177,0.29416960112603374,6.888346650757134e-05,0.6637326039487522
0,4858554.586695053,2319841.163058265,120.13677588152319,45.9332425026566,9.178620766977637,485.09989763800866,158.4753150545105,39.2048741436982,1.4330350144822102,0.4941688302613326,0.020823401582157793,2.1214768779341657
0,4812975.249480016,2208056.0641159387,97.33267400205354,53.168282036505985,6.388771750987288,787.2134485441762,161.23271972885073,100.55021177074373,1.078953028590073,0.2235494809152956,0.021537520363594617,1.0020669350703884
0,4724742.176622344,2309492.8988079904,118.61285539588926,46.958449067185285,8.246510839669522,501.36283836940817,354.9411979941909,151.20950787341008,1.5944441090793724,0.33331045001604637,0.05558508451745053,0.9166106010337922
0,4753297.676585798,2258091.433080399,71.72479554537833,51.62250951705627,9.768799915879825,699.866375053809,205.6123706495238,84.82383826932471,2.186290539501424,0.2558099518826872,0.05008474754753366,0.840222787840412
0,4787422.592833281,2317803.706728497,76.79727251490522,46.21209005799702,4.1916669004163385,510.39305243823986,300.736146232313,122.63410014478738,0.25994378504224547,0.36709214432318105,0.03748729412299978,1.0766157063938064
0,4612214.45584065,2444769.665921814,202.5898344079951,37.619713365713714,8.41318745909634,429.2909564416167,828.5597247174918,57.36942865107057,0.21841661801721554,0.08845737420538793,0.02070125619424317,2.360951470625922
0,4670750.776871913,2371518.28044393,287.70154736545305,40.62964882051173,8.074316469552913,594.0670641382503,1080.611744890567,76.31693286718453,0.18952054989670822,0.1202341248954009,0.031962111106222456,0.6284433804076794
0,4826735.826004875,2252344.2358774897,348.2981725370252,49.933965911856426,7.766490696142168,450.7339339706448,236.15342187322,76.410337497712,0.21642135770998008,0.2395758678678468,6.271683600007345e-05,0.8906082659712764
0,4665311.649547837,2356653.8731575795,296.9641072071289,40.516561991919716,8.001746729740786,628.7949333001884,1128.8496702860216,73.91791738266275,0.22129759485431033,0.13222620658826711,0.036092079451535156,0.6647203046742854
0,4799574.41613631,2336667.33624567,122.39618377384863,45.800245241272464,8.932558453880887,495.3710978239199,181.4809814636847,39.59548107700889,0.9890786214952959,0.6393196284205497,0.04155886636503487,2.182690178340559
0,4722139.7448627325,2099517.0974719157,21.318610406748203,44.29993437690138,5.199368552732199,960.0017681852023,3482.537915633553,199.11972747098906,0.24111066001400816,0.22224879533367803,1.0238790312123331,19.546076921802285
0,4813101.575240748,2193946.735426715,68.72651930802289,52.68616944403625,6.495530964197231,803.5318563132815,234.06891506565984,120.6314338967637,0.26985019539512906,0.2602297700735911,0.012528460930906694,1.0899793719607898
0,4798893.929465988,2370275.7823952017,219.93847157331405,43.70946801883839,10.108841157594874,564.7394093411776,288.12517396522804,285.9904615894125,0.13252619897810447,0.41030219567498283,0.06012620750640352,0.6421361422634352
0,4811057.16667539,2321779.785807966,168.8644684356168,46.660982951568855,9.298328964598447,481.85593342149537,159.60841599876616,36.55603901596156,1.2600789277331705,0.5187869562544689,0.005730034762937658,2.2656827532422588
0,4715169.510716032,2283485.582133264,157.16053008456663,46.8768336308474,8.297995406534406,461.53699523826305,284.3302889236818,176.05290160407162,0.8483385407816262,0.10126079501797192,0.12406493403168134,0.5175696377248324
0,4773986.824894276,2167784.0786173316,54.82433920229064,52.115605149344766,4.30683544218974,837.1345374165876,234.5659460546753,111.19187582505255,0.13048471849379067,0.2256999107681242,0.0011884905979811604,0.7568885228876808
0,4669860.4691806445,2343705.638868963,315.28277983977307,40.50700167762276,7.871031595205869,621.9076482151387,1159.011417308661,69.06957439208301,0.19035140241730375,0.1049407678679479,0.03327195406219812,0.6250934962053056
0,4663631.492647571,2152667.945332678,23.50376309439815,43.24588430190863,5.426036045583414,619.3534300100007,816.6542902850559,184.56426177603265,934.2858390197631,1.2491514162811141,0.5254484211915206,7.898201644474541
0,4592172.065506351,2459709.477967723,193.3282339972454,37.42038511449527,8.472117577686523,412.8191601961034,799.8812533248134,56.19539847502909,0.2207958984874587,0.08822942297448298,0.019821471613270438,2.497483141297067
0,4752437.055884812,2435058.53851074,276.5646204174601,42.49872261405511,12.606121224602617,606.1550421977738,280.9015461854703,249.21479461427177,0.1301272164942236,0.37453310698121484,0.060700016980341574,0.8137500846292322
0,4773281.010091084,2317353.3026932077,53.355743048046534,46.80420429774819,7.601066754965087,507.08924808251584,311.3984922826799,73.65053594840312,0.24855448759688573,0.2974791528342871,0.03148318621277349,1.2665828709964957
0,4799872.209980005,2282487.41736854,78.3721098701462,49.31647081508654,6.462170315958295,550.7246454243276,192.99302115483349,47.85089151315175,0.9863355222376015,0.6566194555839941,5.8350767125715024e-05,1.7938230870157927
0,4668607.630419393,2291939.4483012785,45.46425217088657,39.84279952981411,8.584356641617452,769.2661175392983,5257.471578078383,77.04599469224398,6.77966094418129,4.082076710250435,0.12323668015995096,3.069139113202467
0,4605478.741625871,2445394.587465248,198.3428399509676,37.530187393822345,8.43802704647991,422.1773512232521,815.8088490527359,56.99071684605409,0.21940917447010105,0.08834956167727476,0.02029971337097405,2.4199244036597705
0,4818585.27901575,2217298.5655607143,200.2957048892026,52.170594499441506,6.356165086784529,654.6367006522722,177.10586630651068,84.06398362181876,1.1590513762980854,0.18396926637466096,0.015543969937808799,0.9392556262730288
0,4748353.839403666,2208979.464576646,105.2998736668059,53.259474390103236,9.791378841551976,747.3778125405597,349.01328756068244,97.2991617894735,0.21993129127154554,0.29581591350394115,0.03746145548396384,1.6357428914128023
0,4743145.932340632,2363884.919160295,120.95384541349202,45.12035105459737,6.7147041512386885,460.02331394550095,285.9592962825707,259.0055094678898,0.13734709289644398,0.3322007097360828,0.0468607124290837,0.6945941294110426
0,4763210.391918614,2364670.7365071694,168.07422916711454,44.513653363482604,8.39945960639983,492.0261655578134,289.75860130327413,280.8482984099281,0.136157528205928,0.42353296128986573,0.0569524135594009,0.6760310258851634
0,4593080.504115164,2397326.0263825906,168.6575118139641,36.9255302364113,8.587180737166175,377.37374157323393,731.1604616334183,56.141113174823126,0.22523459641671512,0.08756023761238145,0.017509338798192976,2.7912222924073427
0,4786269.375943185,2392216.2802973553,266.8989927607308,42.384907870814935,10.139662142583964,597.7514445272423,280.60023189618846,285.56569920413375,0.12175681044798851,0.39094799963790444,0.06086126558078482,0.6265684464505058
0,4691149.820003806,2114213.9289821624,67.25796373124795,43.90608513794024,9.34876727306958,821.8726774377416,301.31614553784937,169.85757167719075,0.8927934551816534,0.11944008095410433,0.11787837206054401,0.690086716048063
0,4624327.523270296,2279487.4869099976,32.025727108521735,36.83357237212269,9.067091026945894,351.69801645514343,246.0536085137695,72.7142086494836,0.23028600727947035,0.12760402007797503,0.04783965303247998,2.9933266074038993
0,4810667.541481784,2184359.0156742847,61.87557952047478,52.11925475138337,5.483330260632361,826.1802740555004,278.2045313942707,126.59351987017484,0.28351603812011206,0.2242882424777014,0.0029279825170622276,1.0946316133363794
0,4841755.42782419,2328397.8760924703,109.92057692559287,45.82940087050157,9.164712216506942,485.313684764535,158.4686667697478,39.62247068556291,1.4224224734239101,0.4988722283222625,0.024064941654245737,2.1041895172525975
0,4816937.617753644,2294227.158588926,212.16717622851814,49.654677689274735,7.90116110264914,426.7586441987294,242.23935474192353,76.95840347913412,0.3763427292164662,0.31089778983503064,6.939355482150305e-05,1.0539685138461072
0,4723424.571845173,2362885.28387703,213.26114043114285,42.990364000026204,7.69100817512488,530.6353172515549,750.9257128729072,157.93977389913607,0.16264465423044216,0.1375573060143675,0.03487419055510299,0.6458027879470933
0,4733971.717671013,2354617.0019224137,79.98372122965438,45.719005813692526,7.456859966215396,453.23222500353336,283.67722845983343,206.91276975027424,0.13791986610159992,0.21437816674581237,0.036176076843498134,0.755500793924424
0,4729328.739022613,2298442.661454089,90.53736477757825,47.9446033160808,8.097103330340163,520.1323395076832,366.87556899722006,101.99689867887798,2.376052691431248,0.49012121136167075,0.04964153537049878,1.141293305289744
0,4706020.601384711,2158149.7017784887,22.108010101105126,46.45321816108014,7.984586844030684,254.52670383017113,1468.9634398356427,143.6918249872478,1.3263181553614334,0.2671663038438848,0.006276669806771464,2.4117008637505126
0,4820095.28296991,2415953.22824498,321.7389203157011,42.34377559417863,18.334756670019914,631.7534964506979,278.940038099514,159.15237144161023,0.14661121279418382,0.32752453107538804,0.060423010535924505,1.2768565483462178
0,4599954.828048728,2512812.2431588024,200.2315063928731,37.55832087701943,8.440526256689644,422.6118803049997,818.9986133640036,56.164734180117186,0.2195831215917229,0.0884176234766364,0.020468371967459584,2.4163336660787404
0,4627302.728815803,2496350.522083914,209.5341202273055,37.755640636137635,8.384722287700187,438.4765355929181,847.1856615521674,57.09917546096026,0.21734310193632156,0.08865183747536728,0.021348117652114505,2.2847759067189437
0,4653264.172842909,2278949.2873532837,28.237998233151217,39.242479234063545,7.455262803087216,625.8661291773481,358.37608941294286,90.32614708131509,0.6667764599651623,0.20263606923803734,0.07884934527471799,4.949734110184413
0,4740639.120956695,2335386.2720852974,118.52771643125119,45.17592275570552,7.176661459786387,352.9457446956143,288.73212355341616,366.6836644682099,0.1340820865672146,0.15549633906699029,0.042484683690686406,0.5646883273427644
0,4725682.894284871,2370793.611072671,211.52909900252433,43.0152214673995,7.742767339427778,536.1486228657434,752.9049264021347,148.58803732791512,0.16319964714891105,0.1407974118229861,0.034468086439743126,0.6598947143386367
0,4664127.961352143,2228034.4447527397,64.76784144158447,46.66897151483686,8.807413315289132,122.41118028922732,714.5427661303968,55.8577060891907,0.605146842686152,0.6586544791529904,0.00010191595571843682,3.058559397699758
0,4657974.909504529,2156338.1045482396,15.35042327198101,42.96454066268312,4.854714697632484,570.4556169425042,1214.1850147912378,165.39965633254172,961.9922232199541,1.7940253147774152,0.5781823235562668,7.546915992968017
0,4779511.6939776745,2202073.1875131754,95.5899681636467,53.307257134879634,8.700435127070504,666.8311267525903,175.79527466472518,112.1365849057319,0.3407111175816953,0.35955535814552597,0.02874557204627574,1.0573822977560083
0,4761861.162851509,2281225.546165338,66.1662429398858,49.792429248848755,7.319233762840003,602.4359895881863,252.22996815616057,44.73541338654098,2.5410598849137265,0.45706365932345827,0.022305755123538787,1.2768533276753744
0,4703255.260822706,2107255.740530676,62.06242884852679,43.47877241886875,8.442237634130615,672.3271956527694,746.7162241027705,155.72697411629943,1.7791664752213663,0.12635247016014242,0.42854133743952777,2.8669839459519735
0,4868300.847176112,2330121.9067814113,111.79212685685718,45.80403338002694,9.198966528488794,485.35774734322484,158.467278756955,39.63680598528545,1.414268035090808,0.5020800625632602,0.024624570626040627,2.101526810893378
0,4780984.184647093,2411917.804306455,275.6634510051073,42.32870314360573,11.653896570915522,605.3329316857972,280.2744123074986,264.6746107079252,0.1260077643484511,0.3798500855014879,0.06079269623207853,0.7312973433544653
0,4721587.934652973,2213849.151152987,164.99142975169582,51.9607769320683,8.650603259075375,954.5132111212985,612.1853707200924,93.49311159915521,0.6605477707602236,0.23144227053766775,0.14195197993673153,3.8573655613825304
0,4715562.957674059,2241559.2116751284,372.57776122303125,51.8484298457126,8.486202653085497,279.971324704336,157.16221178148004,1371.0881018241362,1.3043407750865217,0.1978025125695161,0.0320702780565214,0.5305085784340876
0,4775264.865420871,2358539.300778177,170.79748458667743,44.47935183073746,8.525239328686881,497.48130766492926,289.76582525159483,283.27304806205484,0.136151211180539,0.4229007634132212,0.05751818633714153,0.6728593761361928
0,4714771.664882505,2355274.358845868,248.9752765210488,41.89796998531265,7.8889280664346915,540.0185990822663,882.4555937098182,151.92854932574954,0.15891435164367013,0.10239096624619366,0.0313743921229583,0.540574386992239
0,4624765.110080234,2285987.2631205106,33.36648783043414,36.50373619472202,9.25427414933994,495.99255615740367,233.55447077350183,76.97381339477889,0.22453600710097477,0.08373312199914254,0.048900993931573176,2.882475489442696
0,4692902.177309226,2156182.0785134644,34.760743926094825,44.96826102712404,9.511807436392488,269.55460890588733,514.5022911365995,87.743405175455,0.364220734174149,0.12101248760100532,0.0013321752726751087,0.7157523491115304
0,4616803.017046471,2507445.4214411397,205.44583588744854,37.66866418446947,8.409544302632986,431.44482788155756,834.7439877972131,56.666320149132126,0.21834143780788734,0.08854930609909706,0.02096149675788873,2.343096948422351
0,4741727.60452792,2110222.4892662605,36.762200231500906,44.992819073247574,6.368737129796855,1010.8793815600391,2036.5619524824756,195.04746489815506,0.9007097369576035,0.1728271608579475,1.0309383487508132,9.56275210336028
0,4764785.969577169,2268426.1976768775,75.84099478690071,51.187827467214014,7.633976374177738,601.8561719491039,208.68343687154794,66.35828260594452,2.328480536426062,0.3550202446306053,0.0004505699270775507,0.6978146424236655
0,4749430.6911476245,2145410.8951966227,155.54248856253574,48.45571114795036,11.751784655723519,735.8778439270013,290.5964099310309,99.42078924644977,0.1970896910130481,0.13743061731788464,0.023749350556273783,0.7366087077080979
0,4713857.478913892,2311617.278236576,165.76631635688997,44.76460929721856,9.735204376937375,496.36249086686604,410.25017860879814,129.37782847240663,0.26669295445527397,0.10119400578176643,0.13836951553732596,0.5478851492343624
0,4807165.883523722,2245908.450980687,345.4081673071013,49.931730029676224,7.761735877989657,451.58174749836587,237.2247298810577,76.18188220595906,0.2152713801697105,0.24050229956105568,6.315720389541923e-05,0.8838751474736439
0,4807531.688438158,2174179.816965942,63.01625696151272,51.86713879357311,5.261238335961096,808.5906300305834,297.3142251584645,128.91758826215568,0.30181285424831594,0.20231990547523734,0.00036059764562255324,1.08492095756329
0,4666342.40577388,2106997.898289977,59.67319364414634,43.94080849937041,9.947754167142477,771.2639818311002,259.11873882875545,255.205454796523,0.5549888532119243,0.12668776151217173,0.10542726758547738,0.5729394340150333
0,4646792.090643537,2230073.183967648,85.66391241967315,42.60872650801976,8.642396855348832,314.82835376263887,7122.686177279868,217.01158080373037,1.8616201707766924,0.7680122754676532,0.03637500405430309,3.9205382066923513
0,4847464.955607994,2316395.4046836076,127.60757662246077,46.11526197823568,9.20055218623802,483.59694943951604,158.47891426813177,38.65496522596233,1.417082821190327,0.49737756203982547,0.01694303137317688,2.1566699227207895
0,4586214.201088535,2486693.6020434797,194.34480524839472,37.43693316590645,8.47182889399996,413.381328595148,801.8965500158839,55.87032390306317,0.2208157439678228,0.08826362769228377,0.019913510596993263,2.492829434456178
0,4719870.22013797,2139839.98781212,57.94453150718526,46.29000524819976,8.993457155185004,873.815725136515,1420.8762070604291,260.3516815673996,0.5179206834352403,0.12132837391877445,0.00021389699149068842,0.7921729354297734
0,4599384.576000399,2394523.716978724,172.08977164170153,37.0037126946157,8.560268621972657,384.4882464401296,742.710208907458,56.940772900920564,0.2241309801803125,0.08763703683085394,0.017841306745075357,2.732317067516997
0,4594765.780825735,2279541.045082295,37.71702028028621,34.855001839349704,9.50774258758427,270.3526557914497,281.92376766724885,37.85194835770758,0.2503421362811271,0.09783808368410975,0.01461970448624066,4.369126689535031
0,4693053.763112005,2317237.2928284593,93.42387182975035,42.86756986853602,9.953283567293752,381.0040635955146,4248.639471430603,140.69561552587336,5.064282304088799,0.809979653702965,0.028889024100252434,19.826399182284955
0,4764660.449867328,2248114.9447733816,78.75976979717757,52.59140493405985,9.523013167830852,1016.3554999876114,173.51989338844254,37.24176745729443,2.186233761812489,0.1967176384715208,0.02697783629027006,0.700562183165269
0,4708158.023113094,2257610.957051504,176.1243238734869,49.84080179330513,7.332653695094818,335.3195171041977,202.58873475232247,570.6442753003047,1.7461717782099218,0.12415134760279471,0.05331986473904982,0.3353245251641982
0,4734610.217731987,2350660.0736733987,84.0546824432499,45.71363163567541,7.732251864699043,440.3567566674289,286.4654348657227,224.51556332971734,0.13898885579533385,0.20221340817859446,0.036316818190910115,0.7797448667458914
0,4668166.4028094895,2270304.74325222,33.608362109444464,41.16507743560922,5.500669663617244,766.8275480869372,2656.3740939058457,138.93136027649777,1.8981116773251503,0.5587827232168721,0.09777555665473373,7.859405678171354
0,4760001.9908746295,2430125.710414097,276.540267111094,42.47283444082612,12.481557167015502,606.1429829259904,280.79497506907614,251.21469948181613,0.12954592003868293,0.3751586326930689,0.06071351881976728,0.8030844923858236
0,4704002.083679358,2328952.8304012334,235.35836875906813,41.69681530890773,8.801260833911375,547.9031817401179,887.6521533103245,110.91506966739858,0.16328864793484105,0.09099006017197113,0.030757169090204824,0.49305839348388425
0,4660673.9755503535,2297606.108689322,44.98151083473353,39.65383393188932,8.79923482519395,694.7537065159394,5489.238655203902,87.8978662727929,6.601920061483709,4.326525959134878,0.11912181732977187,3.279634734539612
0,4725167.798673763,2116075.5691788127,48.05251729761178,44.73695314571887,4.373048839233826,885.8659169641827,1992.7637007797405,157.98502482493535,1.16183596920032,0.13021406626046242,0.9866382666714051,11.852061363801093
0,4637382.071903296,2309151.5370780034,28.36204296907637,37.95305752697356,8.810216279688934,785.0304800061751,307.17221604327534,134.87380873818125,0.2681517112022371,0.12337552009032746,0.06677325476441795,1.221574445208705
0,4684296.140528897,2321364.735849011,189.28702479915628,41.74531577656833,9.059217656213296,474.33797319007004,5610.136990340148,118.75720144396747,6.1497989629414365,1.0234557659398607,0.02133859825435045,25.310816105868728
0,4684993.563203148,2167153.5242205374,16.41260329922498,43.73528581471381,6.380876049101968,951.6100761172913,507.91041603162796,128.28380383328926,72.3153701471222,0.38103708994326124,0.05473433781045257,14.693359768369296
0,4788161.126074165,2158353.5945426826,51.33933121805802,51.456468324300026,5.752261566243152,683.1879351671729,305.06455828697574,123.0197202286711,0.3513035076408543,0.19737608757247774,0.000886836044644375,0.9091358733908145
0,4786291.712195339,2196681.992051718,85.07223443553393,53.106482753532774,8.847905670806009,752.5685591178262,174.18895317874595,119.9921006611121,0.16492224921392465,0.35230520833186957,0.022448544824967397,1.1065663317061885
0,4671884.542700784,2236517.9101985693,95.94408736684571,44.64305106873821,9.077398228515438,107.40847137631852,7419.121021690346,130.5090378113162,1.7694938768939703,0.45223635776914883,0.0032426016836478717,3.2807152867309006
0,4801304.848357371,2291406.1007992537,92.49447190290512,48.80580694874197,8.161127760312903,572.4584876658373,185.02626725934098,51.7104361553275,1.389198497154467,0.699656825975458,6.21371107508802e-05,2.6876217499678807
0,4749469.584877114,2173520.625154535,62.12535822970989,51.30906163639649,8.545943908717252,723.9695872347447,261.8841853460608,69.97963636961717,0.2301031411418066,0.27797408607208,0.02381748104674531,0.8388601954116007
0,4761848.907634325,2405172.6914147153,248.47704016219396,42.794924567205086,10.058654538762736,586.9682669953429,282.7547218913133,285.4526306200328,0.12492356404424756,0.3975420826277787,0.06081265603505956,0.6335612039994057
0,4666987.590297361,2149738.912617007,26.16712049910265,43.33385091894581,5.749069951199289,613.5989233844462,752.9099990467657,184.21318769273205,845.2482625896154,1.1385788703412731,0.4877425616927569,6.905030024563882
0,4730574.421081021,2322543.4666695264,92.24051232394055,45.94424348348826,8.465768429975952,396.60325000140216,300.34531636533427,253.89018226226702,0.15636226557065513,0.2553916543239553,0.04026143025574061,1.0340068083550036
0,4680262.278109608,2253456.743561163,121.49916539687966,43.89749477105834,9.325815057647217,99.92233866028555,9402.83519135074,180.5276562310241,1.9251113981280719,0.0839461991899509,0.008617392725177302,3.5713649056550376
0,4666081.725413742,2226749.9976819167,64.81875805283612,46.66830751338629,8.806072348782582,122.68349386773973,711.7139497824892,55.86216660138969,0.6022578618329529,0.6595306933810947,0.00010147672749374984,3.0284247629370986
0,4617077.219560194,2426769.0982032237,204.12551040573564,37.65824483454844,8.397032153539318,433.3064940533129,834.4828209620119,58.02960016605397,0.21773546260381718,0.08848550932275229,0.020853035332593913,2.32771194294281
0,4725223.4456068305,2321878.1971252034,88.59884223419569,46.19309541035482,8.518580043077735,411.4248298138373,307.8024889267173,229.7341327240478,0.35968311506060113,0.3101809664348708,0.03955350989162569,1.0860035039837401
0,4820433.343684767,2446631.483698705,307.32997252493203,42.40579027221087,16.580489443460916,623.6247979204284,279.44557672156293,186.76471210770697,0.14201596811734088,0.3421315281510709,0.06050247933004369,1.135056292258839
0,4692990.6697759535,2093567.7334037533,56.114294423067854,43.46953471999753,8.228580754858775,700.8555986583235,975.9033753498896,157.79153198089617,1.701653905237927,0.1351536085319159,0.5104850403733053,4.325769977000059
0,4705175.64445626,2197492.857620254,14.85293494466194,47.61693706511171,10.211906522904869,458.5420616946585,791.9795628583984,36.083870989578294,0.6625122256108315,0.3688761062093872,0.0033433795011017916,4.945734262111869
0,4685314.775456724,2272088.107655249,139.01386544853426,43.359303072468364,8.454605218039102,248.23372696298816,6537.125928709154,135.41416434327513,1.5072540666996401,0.1760867093763916,0.02512331755364284,3.8975924549475898
0,4662072.392027165,2308202.965399563,47.69564527402417,39.553547624996966,9.063109498214695,687.7300018073263,1165.536895740895,78.36877682201398,1.7957733903647446,1.0007515629642914,0.10513707995673244,1.8074593924524933
0,4694267.126412461,2193834.6235733894,21.49674654230553,47.07856960788782,10.324096638778158,327.42138078559213,592.8799108169105,33.06129226727505,0.5158931810426766,0.3646799848428763,0.001952119528211058,4.426358474539743
0,4724672.152241346,2144581.3594525224,57.94457126100635,46.9297694661092,8.41299788583938,858.6967900163185,2057.5344660587552,200.50960109768891,0.18417848405524936,0.13803935947865642,0.0004062736171466482,1.3455230130747704
0,4670707.558047292,2337724.982070424,311.6050023150244,40.52309052919649,7.895935570951874,620.9622193980655,1150.755763758996,69.95598843717639,0.19042896817679628,0.1068451549540535,0.03354871760358639,0.627257188859175
0,4733185.085183614,2153061.621152271,83.85723593283579,48.60025695413284,7.559490891306339,723.5314570218818,1307.3112156883255,109.51073058950207,0.8960368276046883,0.16110419010106733,0.028457014246508656,2.4465946558366762
0,4837630.63386401,2346296.2858513244,110.68141903195779,45.7979165766882,9.20145160272462,485.38862932053325,158.46801719494104,39.64524421044648,1.423784215500828,0.5026560384920016,0.024789343674159383,2.1002617868095728
0,4639033.6555487355,2507457.577902904,276.53604905440375,40.31701051268334,8.717209334626093,602.3561710599998,840.2109291646192,143.8396752556519,0.16875553114120592,0.18536884265976783,0.039043819117849515,0.8376128093194734
0,4568898.368119819,2312742.863354635,37.732188919898334,34.89689729917498,9.446727456116623,276.57957436203964,285.41072750143957,48.74099983484072,0.24807657250943904,0.08332372206622592,0.019294764538262517,4.134873575465225
0,4587208.8368088305,2510934.473785994,196.45857540974987,37.478734474387984,8.462653595290515,416.2789897189414,807.6587356694603,55.82371251937349,0.22046773252922675,0.08832196246793417,0.020111470575127518,2.468827855139878
0,4660446.525628901,2347916.5098772366,280.92718130598155,40.23508844086444,7.982843606175761,657.8573512981208,1178.3436973094056,64.22649203787095,0.42684445437828655,0.2267201929356677,0.04693215202549568,0.8268748610983083
0,4801774.006281686,2280277.523850366,97.86793718431818,49.60669877076788,6.065891358095427,514.3598073828362,207.31515068218835,52.080075716643705,0.7012333836375324,0.5708816881561682,5.972817484613764e-05,1.2883981529175714
0,4857070.280559428,2298808.6253430974,259.1732250998301,49.880414778792634,7.583639228650501,412.9881737851707,250.82200789143963,82.2786409852827,0.1680009936932712,0.22692430309644987,6.672297450272059e-05,0.6859632900657048
0,4585541.323743312,2507473.0744786104,195.7785334860887,37.464693448405995,8.466291158306475,415.2083449703639,805.6791434903499,55.78817887993173,0.2206110461737584,0.0883042082459479,0.020047332203859167,2.477699526041241
0,4671865.588923287,2284846.9530284014,37.79146950551741,40.76096634353911,8.053558771603008,589.8087868438075,2698.6063521747255,65.57704818681201,3.3434578243836373,1.2651936154269643,0.0799345154284053,6.469744465575398
0,4693700.950014851,2162423.6064464366,23.89475423294984,45.86257498571272,8.943450168378789,256.26017533670836,1183.2018284241387,65.35671975485293,0.27405748128589563,0.21838798159093534,0.010985306033768169,2.4370858051025692
0,4676583.44804932,2324373.641331317,236.31747189406138,41.062708025808625,8.465038253641602,498.5011387174176,979.0331138220357,93.19705557319776,0.1864466813332377,0.11704954990405605,0.036588281745969134,0.703533412742541
0,4676774.684510623,2192517.5721068582,12.858113343036763,43.74730824597759,8.569632248264083,841.5447062969516,194.905543576167,97.51294847856073,13.802227976088208,0.15611753457689231,0.06666776309982353,1.9504119737351324
0,4682875.630002954,2165649.4403605866,16.8402415168666,43.71738746059693,6.328047793959708,947.0430405196015,496.1048380537532,127.20811389214686,71.54299565954474,0.37666937639748893,0.058492789507105014,14.255678569461924
0,4638477.741058695,2366259.7699189587,218.7997673686441,39.37385741653026,8.1074331906284,627.3818436095863,1033.9527385518595,78.1761940512394,0.35351236630265837,0.23333131071561564,0.04515430956373083,1.1535878731341058
0,4683674.825872261,2234895.6177955223,60.758957561727144,46.70108827075621,8.856199506915532,114.40950105813704,732.2730831635945,53.78990259373466,0.6367013743993133,0.6796591806026697,0.0001141561654191818,3.739118499418615
0,4680350.708422961,2347862.6324595315,330.7643863233287,40.459620706192794,7.767574958333816,622.7569576842701,1519.8974755802815,65.13831391800078,0.5943146246349316,0.1564777283297172,0.03178843766574451,2.286663794196832
0,4708812.749015052,2117047.7002142165,98.88007784443566,44.00240939163964,7.017451392605396,628.7993692521641,468.87402937304284,131.4104885681441,1.9089299448432202,0.10026729328156175,0.068048823712303,1.3112611516763801
0,4745910.788424767,2132806.7630451145,178.109580912905,48.11639073729122,12.704557547738728,764.2986325946792,235.40598602373922,118.92340375299099,0.2847298632902157,0.15918962638964165,0.012091307624691157,0.5012633395777698
0,4813750.874615298,2310612.638192008,146.59827930237225,47.08718389937682,9.392609814211891,499.8845801263687,163.46291881785646,40.34426105003899,1.3397658070399145,0.5783532034442478,0.004747212829716898,2.507617108744903
0,4769873.257962892,2359488.8194045913,168.9358980472132,44.50261046779088,8.434546523777422,493.80540308589076,289.7596256042171,281.6240049359743,0.136154829340865,0.42341921940968813,0.057137322085178306,0.6750792878228973
0,4743827.7723509455,2174658.2860363466,83.32508760774753,50.904143835945476,8.229354648267881,687.7649814750928,354.80644100178813,82.60276310309993,0.2950822527042088,0.28188814579291077,0.028837596219408734,0.9655829360909154
0,4695154.616793981,2161518.0512560233,22.852344901095748,45.86600107149132,8.956311803820212,248.86091515844825,1119.8495132603541,60.06580290661408,0.26176668005339365,0.19669230216568095,0.010436106444101461,2.332490302169398
0,4763277.195679192,2217281.3123378986,87.64943659901121,53.53969136842868,6.3092552526309085,712.0048119361192,195.00691167270645,104.40840326339882,1.082155108270742,0.17254546999567838,0.029177514673356678,1.1796672560180181
0,4713560.9008384645,2300520.487585292,173.5571178653451,45.276704781578886,9.50100523922404,504.70235403106864,376.70111337521234,134.49257091663614,0.3668033925105103,0.13405222409791545,0.15196013103747455,0.621364168962376
0,4700851.419654461,2225219.6341491756,68.76907329146323,47.118721332317456,8.93054050349248,179.27982723831357,1064.2589419983603,57.42923959452366,0.6422583987051615,0.30842415776241827,0.00014112322000993922,2.920851980672235
0,4731486.17740925,2274909.914223992,152.57321204059394,49.49507280893395,7.651259728884947,627.021495417578,319.6643663272833,127.74230748682407,3.166128152338824,0.3494289354356749,0.04434510836699846,0.8922229926411114
0,4682432.521125536,2158066.5476115923,49.05025652078263,43.8238914782718,7.969049166382713,402.16998374931325,750.7800377398626,213.99708798610945,19.756511087090374,0.18849607681687608,0.018065810005706128,4.216618515333613
0,4670775.763453626,2207877.910995107,21.089701301024366,43.848713243781454,8.463777578934122,763.5212066001777,291.61991477531825,94.42714615871911,5.146681936283514,0.19250531219947908,0.04540182038305321,2.02381095470629
0,4607205.267242903,2430233.942028248,196.69301769758331,37.500742659524136,8.441470418287848,420.6624049937344,811.991144820425,57.29684543629987,0.2195153813697122,0.0882983532812703,0.020149159979381298,2.432513217743998
0,4689087.326239095,2111212.1121740486,69.82927959616727,43.80678787057164,9.149413414376717,771.1621224552382,353.8458112800585,178.1871169705312,1.147769779592028,0.11969398236735367,0.16402257358550676,0.8273872044809214
0,4750074.579019913,2306097.100851918,63.90273600380026,46.997430858818745,10.038548994046572,485.83144892628553,316.13138516490665,94.47017825128145,0.2116168898258526,0.3467796916874007,0.03425129198951437,1.6129354582131146
0,4752507.963848153,2249522.6348571135,74.94643215998745,51.89921493172875,9.493031180663603,784.1482997827558,203.13952312098436,74.3563054902107,2.1971006923488137,0.2595012418934126,0.03658300482961357,0.8061321769249036
0,4698079.336823748,2395563.135384052,267.7105236785193,41.369936871405585,8.097903505324735,558.6741332030197,973.2497628249861,124.70135394433939,0.164247883206288,0.09297194576944857,0.030666427372552846,0.526467542004441
0,4805288.809125802,2208151.7487625834,101.60488282307051,53.244216569341724,6.522834715274687,753.5091914420694,167.03966745546379,108.8967231354108,0.8853266953602724,0.23471809721060002,0.023216892990884135,1.061273719557489
0,4628743.352669133,2329552.586151642,32.32316612280285,35.65442618879998,8.646699376349808,491.4740141337239,522.6433034379771,104.12866951475017,0.29970893636332724,0.16495895968551194,0.019843454047011315,2.850847423674545
0,4719738.882714224,2307339.2960915253,157.70384513920817,45.85503357724442,9.193881775586885,507.4394016505848,376.25352498207445,128.50355493616658,0.8104215320900814,0.2323323935129941,0.13542103022669444,0.7323931171750355
0,4782855.58112522,2393441.655376603,263.3550510846311,42.468668266985674,10.125318427799282,595.4152393908653,281.03332077160525,285.574826997487,0.1223491430871101,0.39216804546662987,0.06083333565144814,0.6279581476326919
0,4638986.391283794,2269042.58627228,23.368112661880478,39.348112017865866,7.572425830441263,688.2666112348059,627.8322264559747,80.0622352078515,0.6484648286054858,0.2789989684281624,0.05837443413158069,4.547054097579642
0,4675952.301088229,2317035.174754968,49.30282675359755,41.92653501112841,9.435008472509544,194.14610280079611,8166.7162461360385,88.19475028153016,9.853035346317533,1.5836115448796566,0.04565920503041183,40.38873101150471
0,4710191.54163237,2226271.542591341,127.09305719033756,49.09424885911268,8.889700277755063,373.881217117421,1319.4451561829667,257.03242653116246,1.6098810912125618,0.2876765427881663,0.007884000230329105,2.7481124705970124
0,4675403.2322284775,2143713.469572613,52.692057631329476,44.23991862581195,9.809808255791518,383.0536354005665,375.1107133157391,302.63191434164816,0.1398846711335623,0.12519871339520453,0.0004089272831957377,0.41938483341420635
0,4592617.510475194,2397474.7905881447,168.3943298374516,36.91960046681512,8.589168070745226,376.8434549960938,730.2887326188039,56.08532050760879,0.22531583728967033,0.08755423436284768,0.017483959843038695,2.795613250885214
0,4561639.706460365,2429382.637781091,170.34074320755482,36.935992672291775,8.606454386214887,374.34561021688546,730.8893442468732,54.16493183043255,0.22615104990452733,0.08764628281340336,0.0176437471262727,2.8162585680995105
0,4756694.318937926,2426501.2346112784,246.9835970638477,42.80512003483088,10.091377164142393,586.5993642054684,282.8447512324786,285.3679066884931,0.12510836063740835,0.3976749059580669,0.06080603403396912,0.6339281288908528
0,4589087.680720621,2332810.133535742,36.59461873625412,34.95933639606412,9.340031641397779,297.3135799812917,307.8127491911062,57.555329474740574,0.24390099145472427,0.08319617709285353,0.018679708369925035,3.9589756343760976
0,4758238.00779666,2443388.0341165676,278.7518580462204,42.485009700348314,12.885563894694199,607.4847568403898,280.7671375573147,244.90527764791602,0.13090884571820338,0.37219415394148014,0.06068758631468854,0.8357987328253152
0,4743715.764690282,2212514.8587495103,132.1084634214955,53.203118383969546,9.388654385410778,808.301463565679,354.13452742231925,102.58798678126952,0.21894824969855525,0.2521319978971984,0.06731426328448692,2.2859428700076156
0,4693969.73834431,2324497.2403712934,218.26749264880172,41.78617422350553,8.94719537641904,532.1932064262913,840.0280451039915,118.54476146140988,0.15074953130446184,0.08930946540490521,0.027251941885680458,0.4651119315160029
