IG_EST,IG_DEP,IG_MUN,IG_POB,IG_LAT_W84,IG_LON_W84,D_PR_PAL1,D_MI_PAL1,D_CLAS_DEP,R_RO_HUES,EdadMa_best,Moho_Z_best,Moho_Z_var,Bario_ppm_best,Azufre_ppm_best,Cromo_ppm_best,Plata_ppm_best,Bismuto_ppm_best,Mercurio_ppm_best,Antimonio_ppm_best,X,Y
Ocurrencia,Caldas,Neira,Neira,5.157379,-75.60561,Crisotilo-Mg3Si2O5(OH)4,Crisotilo-Mg3(Si2O5)(OH)4,Asociado_a_magmas_máficos_básicos,ROCA_METAMÓRFICA,74.16409706165247,44.76112214393571,8.73255575559536,477.7121561099368,198.1595238621022,211.46222689254424,0.24334358958762592,0.12632657512628528,6.428673653475369e-05,0.33898224812181704,-75.60561,5.157379
Productor - Cielo abierto,Caldas,Filadelfia,Filadelfia,5.330765,-75.55583,Crisotilo-Mg3Si2O5(OH)4,Crisotilo-Mg3(Si2O5)(OH)4,Asociado_a_magmas_máficos_básicos,ROCA_METAMÓRFICA,24.469879894147294,46.62124534815997,8.379027710490995,156.13069241692443,2756.142411657449,626.2537420620278,0.1113057999833165,0.1479299735278017,0.0001192343874641426,0.6811670233592367,-75.55583,5.330765
Productor - Cielo abierto,Caldas,La Merced,La Merced,5.385162,-75.563087,Talco-Mg3Si4O10(OH)2,Talco-Mg3Si4O10(OH)2,Asociado_a_magmas_máficos_básicos,ROCA_METAMÓRFICA,31.422562568804526,47.03010448494979,7.0717672502241555,438.038815550111,1735.0634490372236,1046.9712625853458,0.14258868365244043,0.11532619797427972,0.004203465907117639,1.0857993897767317,-75.563087,5.385162
Productor - Cielo abierto,Caldas,La Merced,La Merced,5.401767,-75.55408,Crisotilo-Mg3Si2O5(OH)4,Crisotilo-Mg3(Si2O5)(OH)4,Asociado_a_magmas_máficos_básicos,ROCA_METAMÓRFICA,43.68310408669295,47.27153455533178,6.36213225205364,727.9569274490857,1927.8351582947514,253.89655800012906,0.15055845600088902,0.12252731958601017,0.01671255199068262,1.5161819303497184,-75.55408,5.401767
Productor - Cielo abierto,Caldas,Aguadas,Pácora,5.537187,-75.46792,Crisotilo-Mg3Si2O5(OH)4,Crisotilo-Mg3(Si2O5)(OH)4,Asociado_a_magmas_máficos_básicos,ROCA_ÍGNEA_PLUTÓNICA,75.34929720667783,49.48881506056171,3.261512920890908,160.2526635127566,1467.574207269073,201.68487675983687,0.10596838087263483,0.10021289446354524,0.004635347456112022,0.13441708755373794,-75.46792,5.537187
Productor pasado - Cielo abierto,Antioquia,Envigado,Envigado,6.154063,-75.50255,Cromo-Cr,Cromita-Fe+2Cr2O4,Asociado_a_magmas_máficos_básicos,ROCA_ÍGNEA_PLUTÓNICA,398.9150012202239,52.4827819387451,7.703717387234072,359.4180531545541,320.2683556141243,463.1443627648625,1.5480942279840635,0.24980865532822494,0.03091844689744466,0.8543382344140052,-75.50255,6.154063
Ocurrencia,Antioquia,Medellín,Medellín,6.156155,-75.488802,Cromo-Cr,<Nulo>,Asociado_a_magmas_máficos_básicos,ROCA_ÍGNEA_PLUTÓNICA,625.3473494386635,52.609475999392025,7.771634874191563,328.67651874637284,332.54703033885863,402.31874478096057,1.8273011713588576,0.28547461045393835,0.03223607881169299,0.8577165344036585,-75.488802,6.156155
Productor pasado - Cielo abierto,Antioquia,Envigado,Envigado,6.176904,-75.50795,Cromo-Cr,Cromita-Fe+2Cr2O4,Asociado_a_magmas_máficos_básicos,ROCA_ÍGNEA_PLUTÓNICA,303.30181926947716,52.14094012728339,8.248186563074196,282.8030261901051,218.82049169228324,749.1828752299556,1.5585623183195934,0.25928428456056,0.03108942270374556,0.5728904478110765,-75.50795,6.176904
Productor pasado - Cielo abierto,Antioquia,Envigado,Envigado,6.177848,-75.5079,Cromo-Cr,Cromita-Fe+2Cr2O4,Asociado_a_magmas_máficos_básicos,ROCA_ÍGNEA_PLUTÓNICA,315.1203594937223,52.13021680021906,8.26720567885651,283.91371009171513,218.28049570652814,761.9707169088589,1.5606631383907321,0.25710667553025174,0.031075042348216887,0.5718530499018639,-75.5079,6.177848
Productor pasado - Cielo abierto,Antioquia,Medellín,Medellín,6.185087,-75.51457,Cromo-Cr,<Nulo>,Asociado_a_magmas_máficos_básicos,ROCA_ÍGNEA_PLUTÓNICA,399.56025601265264,51.96232262749258,8.416702093374546,286.00338950458996,166.05085252372243,1080.602524782953,1.4351506132296448,0.21064586943694039,0.03187657179618398,0.5658592462864134,-75.51457,6.185087
Productor pasado - Cielo abierto,Antioquia,Medellín,Medellín,6.186832,-75.5274,Cromo-Cr,Cromita-Fe+2Cr2O4,Asociado_a_magmas_máficos_básicos,ROCA_ÍGNEA_PLUTÓNICA,393.10984386989315,51.77581150689689,8.48766773262966,289.4210461250883,161.37274341037008,1497.3792966227556,1.154668768341424,0.18280500249227813,0.03203523160590828,0.5465457485896437,-75.5274,6.186832
Productor pasado - Cielo abierto,Antioquia,Medellín,Medellín,6.189506,-75.52061,Cromo-Cr,Cromita-Fe+2Cr2O4,Asociado_a_magmas_máficos_básicos,ROCA_ÍGNEA_PLUTÓNICA,365.1020609902563,51.83375941877342,8.50883979974914,286.14217995857666,162.12752854425227,1341.5123734120443,1.3348403456946025,0.19081358083289057,0.031878950360454045,0.549456909265592,-75.52061,6.189506
Productor pasado - Cielo abierto,Antioquia,Medellín,Medellín,6.189593,-75.522606,Cromo-Cr,Cromita-Fe+2Cr2O4,Asociado_a_magmas_máficos_básicos,ROCA_ÍGNEA_PLUTÓNICA,372.63743575376134,51.806912685829786,8.516553115819601,285.3244933003785,161.45204978164153,1420.5995064262638,1.3046031652852603,0.1875358457195483,0.03190587345492253,0.5476758202660583,-75.522606,6.189593
Productor pasado - Cielo abierto,Antioquia,Medellín,Medellín,6.195197,-75.52227,Cromo-Cr,Cromita-Fe+2Cr2O4,Asociado_a_magmas_máficos_básicos,ROCA_ÍGNEA_PLUTÓNICA,387.0600266802827,51.745905130658755,8.603718165356975,270.140883825655,110.47054965917077,1560.673806541058,1.2173849974109867,0.1798602944256496,0.03290149278655547,0.4668156209233144,-75.52227,6.195197
Productor pasado - Cielo abierto,Antioquia,Medellín,Medellín,6.196714,-75.52684,Cromo-Cr,Cromita-Fe+2Cr2O4,Asociado_a_magmas_máficos_básicos,ROCA_ÍGNEA_PLUTÓNICA,395.26643922609617,51.66858653114393,8.641456936521847,259.44561006314837,109.16345444468345,1936.1931901414787,1.1466960199969152,0.16900689727669227,0.03295423917380725,0.4633663861678391,-75.52684,6.196714
Ocurrencia,Antioquia,Medellín,Medellín,6.272201,-75.532875,Cromo-Cr,Cromita-Fe+2Cr2O4,Asociado_a_magmas_máficos_básicos,ROCA_ÍGNEA_PLUTÓNICA,208.11443800895518,50.75246383051653,8.979520670080241,227.9915209049742,45.6846684560155,669.0792251531158,1.6948260135240902,0.1686209741413067,0.05054374665278871,0.3273228220545385,-75.532875,6.272201
Productor pasado - Cielo abierto,Antioquia,Bello,Bello,6.396567,-75.56212,Cromo-Cr,Cromita-Fe+2Cr2O4,Asociado_a_magmas_máficos_básicos,ROCA_ÍGNEA_PLUTÓNICA,113.14575200722194,49.152723550538056,6.674526334432795,372.8967477774113,254.38804248622705,244.8382804533198,1.939223168534621,0.10073081377812225,0.05909649050261297,0.2937862057577808,-75.56212,6.396567
Productor pasado - Cielo abierto,Antioquia,Bello,Bello,6.396794,-75.562035,Cromo-Cr,Cromita-Fe+2Cr2O4,Asociado_a_magmas_máficos_básicos,ROCA_ÍGNEA_PLUTÓNICA,112.69676874691696,49.151740390574226,6.665575781730937,361.8127363132917,254.45872300845235,259.7782367583554,1.9382892046591917,0.10095233798454241,0.05909173556597503,0.2938988392282432,-75.562035,6.396794
Productor pasado - Cielo abierto,Antioquia,Bello,Bello,6.396983,-75.56202,Cromo-Cr,Cromita-Fe+2Cr2O4,Asociado_a_magmas_máficos_básicos,ROCA_ÍGNEA_PLUTÓNICA,112.19066264905031,49.15019947846813,6.659223513631314,361.3414933613958,254.51816899299388,260.6995090812097,1.9363493218894456,0.10109794321503536,0.05806783069067591,0.2939936499642054,-75.56202,6.396983
Productor pasado - Cielo abierto,Antioquia,Bello,Bello,6.398262,-75.56398,Cromo-Cr,Cromita-Fe+2Cr2O4,Asociado_a_magmas_máficos_básicos,ROCA_ÍGNEA_PLUTÓNICA,104.1242194992794,49.11301140591919,6.658123620405025,398.84484821490395,254.91915821540414,230.2430475640363,1.842150973584895,0.10054366733013091,0.0619232660712248,0.2946950003096171,-75.56398,6.398262
Productor - Cielo abierto,Antioquia,Yarumal,Yarumal,6.996571,-75.381958,Talco-Mg3Si4O10(OH)2,Talco-Mg3Si4O10(OH)2,Asociado_a_magmas_máficos_básicos,ROCA_ÍGNEA_PLUTÓNICA,138.1262165758804,44.77726206153418,6.550204051199126,314.9696520215241,286.27451756916616,445.7222518021164,0.1256390541184852,0.10836374426897318,0.04524773345927458,0.36704510830009873,-75.381958,6.996571
Ocurrencia,Caldas,Neira,Anserma,5.2514,-75.6833,Uranio-U,<Nulo>,Depósitos_Uranio,ROCA_ÍGNEA_PLUTÓNICA,68.63509691877675,44.81189220455589,10.168893203060204,1450.3736059289668,160.77974069440586,245.50251148387903,0.9328684748543896,0.24433654032382993,0.00015785423311971382,0.559345454338823,-75.6833,5.2514
Prospecto desarrollado,Caldas,Samaná,Norcasia,5.5856,-74.9661,Uranio-U,Uraninita-UO2,Depósitos_Uranio,ROCA_SEDIMENTARIA,94.50070878370046,52.53457395926299,5.686595247706504,1104.6338424395096,169.60759735250136,148.0820955395321,0.13774329374921204,0.2220084529297857,5.014107131492966e-05,1.1830881678075902,-74.9661,5.5856
Productor pasado - Subterráneo,Caldas,Villamaría,La Enea,4.939749,-75.420014,Oro-Au,Oro-Au,Epitermal,ROCA_ÍGNEA_VOLCÁNICA,18.841276126239062,44.49638861063899,7.0393485269478155,1041.9427780537744,4189.755717780043,211.88713694841655,0.09562952118149184,0.2185936323265876,1.0440402576314862,19.452066270939284,-75.420014,4.939749
Ocurrencia,Caldas,Villamaría,La Enea,4.942165,-75.43691,Oro-Au,Oro-Au,Epitermal,ROCA_METAMÓRFICA,12.72886619348274,44.376614423445986,6.0877313668979705,1034.7656419590471,3666.6780866352674,225.34247858536074,0.0972704281945579,0.22739207000623268,1.0466930596613027,19.93214431270401,-75.43691,4.942165
Prospecto,Caldas,Villamaría,La Enea,4.946926,-75.438254,Oro-Au,Pirita-FeS2,Epitermal,ROCA_METAMÓRFICA,13.1759430962013,44.38765525270474,5.797320092226781,1043.0633871251875,3649.0248536157515,206.41150307598363,0.09969041176367344,0.2392607482365607,1.0443420425938776,19.88808956637273,-75.438254,4.946926
Productor pasado - Subterráneo,Caldas,Villamaría,La Enea,4.947356,-75.435858,Oro-Au,Oro-Au,Epitermal,ROCA_METAMÓRFICA,14.453109091554758,44.40845241724446,5.8983475524475475,1053.2624142241837,3655.662411382417,205.10508403722406,0.09966861853658661,0.2462547944175267,1.044709426814371,19.891640911945395,-75.435858,4.947356
Productor pasado - Subterráneo,Caldas,Villamaría,La Enea,4.947456,-75.435867,Oro-Au,Oro-Au,Epitermal,ROCA_METAMÓRFICA,14.476474197682327,44.40884367846789,5.893369461959471,1053.7411151619242,3655.3705037606287,204.78416520610276,0.0996697914185757,0.24664503414451272,1.0446666317901485,19.89081138637266,-75.435867,4.947456
Productor pasado - Subterráneo,Caldas,Villamaría,La Enea,4.947529,-75.435299,Oro-Au,Oro-Au,Epitermal,ROCA_METAMÓRFICA,14.754616804828302,44.41365372107032,5.918967519655313,1055.9459676068661,3656.9759948159804,204.61802943004272,0.09611881294409287,0.24820626571602064,1.0447592021054706,19.8917788662939,-75.435299,4.947529
Productor pasado - Subterráneo,Caldas,Villamaría,La Enea,4.947628,-75.435561,Oro-Au,Oro-Au,Epitermal,ROCA_METAMÓRFICA,14.66342968529757,44.4120490166422,5.901173232729834,1055.627771939093,3655.88911910804,204.27882397439944,0.09966835000731249,0.24805301162975169,1.0446630313505787,19.890278817387685,-75.435561,4.947628
Productor pasado - Subterráneo,Caldas,Villamaría,La Enea,4.947744,-75.436598,Oro-Au,Oro-Au,Epitermal,ROCA_METAMÓRFICA,14.218953035831245,44.40441840027189,5.843228643242757,1052.712374331545,3652.2779546166494,203.75297075354706,0.09968081925223903,0.24656167580227423,1.0443857018225626,19.886379988138838,-75.436598,4.947744
Productor pasado - Subterráneo,Caldas,Villamaría,La Enea,4.947785,-75.438518,Oro-Au,Oro-Au,Epitermal,ROCA_METAMÓRFICA,13.306944942717784,44.38949822176572,5.744367190645678,1045.8166142930413,3645.8979799858616,203.1197457822354,0.09970270994067491,0.24150253895572107,1.0439110560088392,19.879959131007922,-75.438518,4.947785
Productor pasado - Subterráneo,Caldas,Villamaría,La Enea,4.947809,-75.435479,Oro-Au,Oro-Au,Epitermal,ROCA_METAMÓRFICA,14.750295153638236,44.41353422249908,5.897217902985819,1056.8518637853113,3655.6743730934204,203.72432469583208,0.09966940640827138,0.24901253861653577,1.0446075129009291,19.88906196147659,-75.435479,4.947809
Productor pasado - Subterráneo,Caldas,Villamaría,La Enea,4.947888,-75.436192,Oro-Au,Oro-Au,Epitermal,ROCA_METAMÓRFICA,14.448743633585401,44.40828129414296,5.857341314169611,1054.8605309087463,3653.20370381293,203.37807651686862,0.09967793136422881,0.24767013160940307,1.0444183483143492,19.88640660294121,-75.436192,4.947888
Productor pasado - Subterráneo,Caldas,Villamaría,La Enea,4.947889,-75.435751,Oro-Au,Oro-Au,Epitermal,ROCA_METAMÓRFICA,14.650069339318206,44.4117613452502,5.879755221893296,1056.3731412340192,3654.604750739973,203.44262538810696,0.09967317622368034,0.24873016785769533,1.0445158380599457,19.887663760597597,-75.435751,4.947889
Productor pasado - Subterráneo,Caldas,Villamaría,La Enea,4.94793,-75.438184,Oro-Au,Oro-Au,Epitermal,ROCA_METAMÓRFICA,13.516707939858762,44.39278843323278,5.754518616214378,1047.7508056534432,3646.626965820493,202.77102980931795,0.09970046838192283,0.24297782834772744,1.0439323571207781,19.879856767346137,-75.438184,4.94793
Productor pasado - Subterráneo,Caldas,Villamaría,La Enea,4.947941,-75.437274,Oro-Au,Oro-Au,Epitermal,ROCA_METAMÓRFICA,13.958550373475365,44.40000248540711,5.800009775327706,1051.24054590427,3649.57890409848,202.9890442320108,0.09969037987275721,0.24556252836356462,1.0441473443677058,19.882703588366393,-75.437274,4.947941
Productor pasado - Subterráneo,Caldas,Villamaría,La Enea,4.947988,-75.436643,Oro-Au,Oro-Au,Epitermal,ROCA_METAMÓRFICA,14.26933559135078,44.40518956700228,5.829890081041494,1053.7775936146427,3651.4976133557384,202.9852826719884,0.09968391753860938,0.24743394768579494,1.0442749557816438,19.884259886568444,-75.436643,4.947988
Productor pasado - Subterráneo,Caldas,Villamaría,La Enea,4.947997,-75.436301,Oro-Au,Oro-Au,Epitermal,ROCA_METAMÓRFICA,14.43013563202492,44.4079263072026,5.846876365019934,1055.0416549240429,3652.571528333137,203.02292146469256,0.09968027744900614,0.24785541927394988,1.0443492418541875,19.88520724811334,-75.436301,4.947997
Productor pasado - Subterráneo,Caldas,Villamaría,La Enea,4.948142,-75.436309,Oro-Au,Oro-Au,Epitermal,ROCA_METAMÓRFICA,14.468766352898697,44.40853391436199,5.839931409852159,1055.7652643089914,3652.169536269632,202.5782008721937,0.09968190542340313,0.24844299790275876,1.0442881826913732,19.88401297742357,-75.436309,4.948142
Productor pasado - Subterráneo,Caldas,Villamaría,La Enea,4.948391,-75.438221,Oro-Au,Oro-Au,Epitermal,ROCA_METAMÓRFICA,13.645701952294793,44.39460924343504,5.731535920047831,1049.731428014624,3645.3157917072094,201.34406766731854,0.09970579333818197,0.24456736176221716,1.0437289784640584,19.87587533686248,-75.438221,4.948391
Productor pasado - Subterráneo,Caldas,Villamaría,La Enea,4.948474,-75.437392,Oro-Au,Oro-Au,Epitermal,ROCA_METAMÓRFICA,14.06689582227193,44.40152637114943,5.769807769923616,1053.4088052861634,3647.818581405879,201.33502657547075,0.0996973515937668,0.2473354534252743,1.043897948257274,19.877942965388865,-75.437392,4.948474
Productor pasado - Subterráneo,Caldas,Villamaría,La Enea,4.948711,-75.436726,Oro-Au,Oro-Au,Epitermal,ROCA_METAMÓRFICA,14.44904471761516,44.40787703447318,5.793047948144453,1057.2037376188887,3649.365905909121,200.79621977344004,0.09969247379683463,0.24974654853137968,1.0439592633747024,19.878138371996492,-75.436726,4.948711
Productor pasado - Subterráneo,Caldas,Villamaría,La Enea,4.948872,-75.437339,Oro-Au,Oro-Au,Epitermal,ROCA_METAMÓRFICA,14.21755556013714,44.403780879870396,5.754504857984275,1055.6274266175133,3646.9728810935894,200.1767182944546,0.09970094618424247,0.2491095998376175,1.0437464065052406,19.874854427465834,-75.437339,4.948872
Productor pasado - Subterráneo,Caldas,Villamaría,La Enea,4.949478,-75.43743,Oro-Au,Oro-Au,Epitermal,ROCA_METAMÓRFICA,14.3727425449087,44.405864215785456,5.722579123137357,1058.4049098651808,3645.1432095529767,198.43158593120913,0.09970826755630767,0.2513718889005054,1.0434751418218091,19.86960464229564,-75.43743,4.949478
Productor pasado - Subterráneo,Caldas,Villamaría,La Enea,4.949661,-75.436322,Oro-Au,Oro-Au,Epitermal,ROCA_METAMÓRFICA,14.926314849687772,44.41548568329181,5.77135263425903,1064.054935120061,3648.2507512496086,198.20834582800703,0.0996979187810241,0.2551659348687747,1.0436701443648457,19.871796006672316,-75.436322,4.949661
Productor pasado - Subterráneo,Caldas,Villamaría,La Enea,4.949786,-75.436926,Oro-Au,Oro-Au,Epitermal,ROCA_METAMÓRFICA,14.700854094299105,44.41128321871746,5.734687488499065,1062.2365185383348,3646.000878487685,197.72540895166168,0.09970584056500788,0.25388198628723,1.0434740466039225,19.868814376907544,-75.436926,4.949786
Productor pasado - Subterráneo,Caldas,Villamaría,La Enea,4.949877,-75.436844,Oro-Au,Oro-Au,Epitermal,ROCA_METAMÓRFICA,14.76696377375826,44.41235621334158,5.7348603454490465,1063.1009353541936,3646.0372290729733,197.50178939079447,0.09970586810087814,0.2545580540123328,1.0434573273743528,19.86835784689087,-75.436844,4.949877
Productor pasado - Subterráneo,Caldas,Villamaría,La Enea,4.950021,-75.436882,Oro-Au,Oro-Au,Epitermal,ROCA_METAMÓRFICA,14.797662462877783,44.412725429060146,5.726503049293159,1063.7549439282423,3645.555733719054,197.1081946673258,0.09970776142925646,0.2551000307561897,1.0433898963155286,19.867074983447196,-75.436882,4.950021
Productor pasado - Subterráneo,Caldas,Villamaría,La Enea,4.950045,-75.438333,Oro-Au,Oro-Au,Epitermal,ROCA_METAMÓRFICA,14.153497608579043,44.40133965199534,5.650832099844947,1057.3314124601618,3640.7740374042423,196.59929219266854,0.09972428112653053,0.2506827624630722,1.043011643447685,19.861763605575643,-75.438333,4.950045
Productor pasado - Subterráneo,Caldas,Villamaría,La Enea,4.95036,-75.439019,Oro-Au,Oro-Au,Epitermal,ROCA_METAMÓRFICA,13.951129771552026,44.39735976759338,5.601494638966513,1055.6482108887242,3637.727117530931,195.5069438842118,0.09973535649254148,0.24942454098143702,1.0426981677268248,19.856569345983544,-75.439019,4.95036
Productor pasado - Subterráneo,Caldas,Villamaría,La Enea,4.950427,-75.437081,Oro-Au,Oro-Au,Epitermal,ROCA_METAMÓRFICA,14.846713937864365,44.413038649232504,5.6982227185271315,1065.1961931769338,3643.9079472050885,195.9939649368509,0.09971409694990034,0.256327643637799,1.0431768840366527,19.863138026985474,-75.437081,4.950427
Productor pasado - Subterráneo,Caldas,Villamaría,La Enea,4.950576,-75.439686,Oro-Au,Oro-Au,Epitermal,ROCA_METAMÓRFICA,13.72246418577431,44.39306935348555,5.557591720412837,1053.3898768760748,3438.565980840072,194.6618316218731,0.09974529894592928,0.24767349937704314,1.0384265885113724,19.820116443628475,-75.439686,4.950576
Productor pasado - Subterráneo,Caldas,Villamaría,La Enea,4.950632,-75.438902,Oro-Au,Oro-Au,Epitermal,ROCA_METAMÓRFICA,14.1060442523269,44.39954315004161,5.595249459225304,1057.5756301877655,3637.449204051315,194.84727565738496,0.09973676326760099,0.2508247766370535,1.0426174058662894,19.854770115463772,-75.438902,4.950632
Productor pasado - Subterráneo,Caldas,Villamaría,La Enea,4.95067,-75.437712,Oro-Au,Oro-Au,Epitermal,ROCA_METAMÓRFICA,14.65436914373868,44.40916183246386,5.654841396642016,1063.6110377571604,3641.265954684536,195.1811708668481,0.09972360362434352,0.2554959605090116,1.0429179194906384,19.85893648990921,-75.437712,4.95067
Productor pasado - Subterráneo,Caldas,Villamaría,La Enea,4.951012,-75.438732,Oro-Au,Oro-Au,Epitermal,ROCA_METAMÓRFICA,14.325379771285256,44.40265115157051,5.586970795601372,1060.3834662434735,3637.0868701143545,193.95364860472372,0.09973863138372217,0.2530563961658797,1.0425074275594506,19.852303563697397,-75.438732,4.951012
Productor pasado - Subterráneo,Caldas,Villamaría,La Enea,4.951022,-75.438146,Oro-Au,Oro-Au,Epitermal,ROCA_METAMÓRFICA,14.589750233150777,44.40735225345163,5.616776843315234,1063.422295958014,3638.9900381296557,194.1502654767766,0.09973204377900256,0.25542044176946954,1.0426611605063358,19.854473482156997,-75.438146,4.951022
Productor pasado - Subterráneo,Caldas,Villamaría,La Enea,4.951177,-75.437479,Oro-Au,Oro-Au,Epitermal,ROCA_METAMÓRFICA,14.935995561341793,44.413376194349034,5.644464972303041,1067.664362317477,3640.78560113221,193.99807960176636,0.099726075966762,0.2587285771495792,1.0427738767153967,19.85570602425242,-75.437479,4.951177
Productor pasado - Subterráneo,Caldas,Villamaría,La Enea,4.951214,-75.437326,Oro-Au,Oro-Au,Epitermal,ROCA_METAMÓRFICA,15.014601288513141,44.41476586909379,5.6507796926753375,1068.6494922230593,3641.1907152564686,193.9572222444729,0.09972473472515672,0.2594954164580873,1.042798657585398,19.85596866082242,-75.437326,4.951214
Productor pasado - Subterráneo,Caldas,Villamaría,La Enea,4.951646,-75.4292,Oro-Au,Oro-Au,Epitermal,ROCA_METAMÓRFICA,17.99613777658932,44.48162923374451,6.061452244096623,1104.8753202097994,3664.763728510024,192.1110471414108,0.0960890957203381,0.28112699869933216,1.0444157126673497,19.876448393726847,-75.4292,4.951646
Productor pasado - Subterráneo,Caldas,Villamaría,La Enea,4.951736,-75.438174,Oro-Au,Oro-Au,Epitermal,ROCA_METAMÓRFICA,14.843064947337796,44.41045547666344,5.583719814316604,1067.2915438543962,3637.17654216099,192.42253995105781,0.09973945748032015,0.25854964200677283,1.0423649632770373,19.84858916721191,-75.438174,4.951736
Productor pasado - Subterráneo,Caldas,Villamaría,La Enea,4.951881,-75.438193,Oro-Au,Oro-Au,Epitermal,ROCA_METAMÓRFICA,14.88980337428361,44.410981028836645,5.576342588377045,1068.023167553077,3636.7679431926394,189.74764527859253,0.0997411010195114,0.25914430829653684,1.042301497046407,19.847346903882865,-75.438193,4.951881
Ocurrencia,Caldas,Villamaría,La Enea,4.951885,-75.42747,Oro-Au,Oro-Au,Epitermal,ROCA_METAMÓRFICA,18.472622872013655,44.49662992132754,6.144662138744013,1108.0584426351322,3982.763345851275,191.43940697208518,0.0972613992042988,0.2826526696571148,1.0715114267182368,19.978379257570797,-75.42747,4.951885
Productor pasado - Subterráneo,Caldas,Villamaría,La Enea,4.951934,-75.438499,Oro-Au,Oro-Au,Epitermal,ROCA_METAMÓRFICA,14.779111335836955,44.408790893002994,5.558091571166679,1066.6322555622241,3438.6670696119977,189.4928654209253,0.09974510808159343,0.2580612548900859,1.0382173016804312,19.8142216176228,-75.438499,4.951934
Ocurrencia,Caldas,Villamaría,La Enea,4.956326,-75.43497,Oro-Au,Oro-Au,Epitermal,ROCA_METAMÓRFICA,17.702763692179726,44.458033230062206,5.560218133499351,1124.1446722806843,3438.193291318925,183.629799757797,0.09974723773575327,0.30403960725123846,1.037467855016562,19.79437962400386,-75.43497,4.956326
Ocurrencia,Caldas,Villamaría,Villamaría,4.958201,-75.502174,Oro-Au,Oro-Au,Epitermal,ROCA_ÍGNEA_VOLCÁNICA,50.6486637559739,43.96344127207797,3.023901620158192,638.7997394956458,2968.283366582626,175.70847495753995,0.7680991679550825,0.1520258161161056,0.9504599828253665,18.303555548581695,-75.502174,4.958201
Ocurrencia,Caldas,Villamaría,Villamaría,5.026054,-75.510112,Antimonio-Sb,Estibina o Antimonita-Sb2S3,Epitermal,ROCA_ÍGNEA_VOLCÁNICA,57.11085365385632,44.28207915701948,1.9546745532719485,785.6454202742044,2632.169839001374,104.84223809396974,1.237122051086485,0.09941209714585299,0.9426086954960999,18.083355906813452,-75.510112,5.026054
Productor - Subterráneo,Caldas,Manizales,Manizales,5.038183,-75.402111,Oro-Au,<Nulo>,Epitermal,ROCA_ÍGNEA_PLUTÓNICA,55.98156166562138,45.270985228870735,6.676607983422363,1038.92961893652,824.9903951917952,180.0548447299649,1.3631298024620304,0.12520640288333745,1.0264707223497878,2.1971634463560603,-75.402111,5.038183
Productor - Subterráneo,Caldas,Manizales,La Enea,5.048387,-75.409,Oro-Au,<Nulo>,Epitermal,ROCA_ÍGNEA_PLUTÓNICA,47.11486714607192,45.29400838406231,6.485128749416575,969.8665713825576,800.5915618006708,206.32850726731587,1.2899933540408999,0.12838562557827535,1.0184188142983497,1.0595319804223642,-75.409,5.048387
Productor - Subterráneo,Caldas,Manizales,Manizales,5.049284,-75.407065,Oro-Au,<Nulo>,Epitermal,ROCA_ÍGNEA_PLUTÓNICA,47.561068797127774,45.317913171250154,6.5959065390355445,979.317448788723,470.6417425767075,201.9879811415607,1.2931307161564622,0.12645388827370221,1.019000610441068,0.921816103668977,-75.407065,5.049284
Productor - Subterráneo,Caldas,Manizales,Manizales,5.05183,-75.408765,Oro-Au,<Nulo>,Epitermal,ROCA_ÍGNEA_PLUTÓNICA,46.261484382149035,45.324331830887004,6.561075510439979,946.5878485908988,469.32593213768115,208.3213339889945,1.30024570349933,0.1267979394749128,1.0180605710995105,0.9196354338925096,-75.408765,5.05183
Ocurrencia,Caldas,Palestina,Palestina,5.052227,-75.61419,Oro-Au,Oro-Au,Epitermal,ROCA_METAMÓRFICA,100.52250203080105,43.95857476438998,6.874895070780744,622.05189266682,481.3830635159165,126.56031841205194,2.060162617152369,0.10171384338015342,0.06711677140248071,1.2402908681224099,-75.61419,5.052227
Ocurrencia,Caldas,Manizales,Santagueda,5.081053,-75.6633,Oro-Au,Oro-Au,Epitermal,ROCA_SEDIMENTARIA,95.51760984444549,43.86918778247813,8.523335095964365,716.5842139714134,195.59749917998937,122.70301456429551,1.1694280993475936,0.09653538982289651,4.539490535558659e-05,0.46661097846372057,-75.6633,5.081053
Productor pasado - Subterráneo,Caldas,Manizales,Manizales,5.08466,-75.58304,Oro-Au,Oro-Au,Epitermal,ROCA_METAMÓRFICA,113.18030033810224,44.353875357678945,6.621499841560105,478.26287370962353,425.7047410294219,221.9798388286658,1.8610434256665833,0.07516102248531886,0.05637476359008163,1.095113850422854,-75.58304,5.08466
Ocurrencia,Caldas,Anserma,Neira,5.17633,-75.70942,Oro-Au,Oro-Au,Epitermal,ROCA_SEDIMENTARIA,58.16416090149967,44.128385026337696,10.01330706499281,720.537424358262,178.9229905100345,173.17781368111946,0.05114650696874907,0.1612867910638976,6.655320544988647e-05,0.42891395493895823,-75.70942,5.17633
Ocurrencia,Caldas,Manzanares,Aguabonita,5.179382,-75.16245,Cobre-Cu,Arsenopirita-FeAsS,Epitermal,ROCA_METAMÓRFICA,205.4903432629495,48.269009448875025,14.081789925370376,633.4243850739844,268.3409663278967,103.69335587532872,0.0815250834049926,0.15175300882396356,0.0025131753120576014,0.32333712079616717,-75.16245,5.179382
Ocurrencia,Caldas,Neira,Neira,5.183835,-75.644135,Oro-Au,Oro-Au,Epitermal,ROCA_SEDIMENTARIA,52.56211696223811,44.671204510907344,9.546497637246937,928.3548224499758,173.03456929808752,111.34374668560484,0.04690271551407341,0.10097872135761105,7.198795923652977e-05,0.3319167869022426,-75.644135,5.183835
Productor - Subterráneo,Caldas,Manzanares,Aguabonita,5.18466,-75.1997,Oro-Au,Oro-Au,Epitermal,ROCA_METAMÓRFICA,150.32557044992993,48.09541051505269,13.361658740387288,623.3744852732771,142.284956693878,120.4472422809735,0.24868824704651382,0.09784990529072962,0.006213719585764118,0.37528155585576384,-75.1997,5.18466
Ocurrencia,Caldas,Anserma,Neira,5.184666,-75.69831,Oro-Au,Oro-Au,Epitermal,ROCA_SEDIMENTARIA,58.781123929965105,44.262652630563906,10.011080513077307,1120.2454755214394,174.65798294692306,236.10345487867562,0.04964259839405461,0.13469358482592164,7.38262972241699e-05,0.3481333928887676,-75.69831,5.184666
Ocurrencia,Caldas,Neira,Neira,5.186885,-75.653305,Oro-Au,Oro-Au,Epitermal,ROCA_SEDIMENTARIA,52.21198862115335,44.622446374595945,9.666940801344452,970.9138701696156,175.54833475197267,114.27128288615009,0.04710147514399966,0.09299151053359105,7.262114614819945e-05,0.3301257916340508,-75.653305,5.186885
Ocurrencia,Caldas,Neira,Neira,5.189114,-75.640526,Oro-Au,Oro-Au,Epitermal,ROCA_SEDIMENTARIA,51.41861793153787,44.73637902461458,9.560521821692546,910.8923211692278,172.63569081792812,95.59309670831232,0.04140366134758755,0.10244562845539879,7.13737821566345e-05,0.32711114499144284,-75.640526,5.189114
Ocurrencia,Caldas,Neira,Neira,5.194108,-75.653305,Oro-Au,Oro-Au,Epitermal,ROCA_SEDIMENTARIA,46.64136534887892,44.67250565785601,9.728101567774669,986.5819213354491,171.84170783597688,119.2409079761569,0.03990425134705588,0.10608008699937631,7.254667480282119e-05,0.3234214910130185,-75.653305,5.194108
Ocurrencia,Caldas,Neira,Neira,5.198002,-75.636086,Oro-Au,Oro-Au,Epitermal,ROCA_SEDIMENTARIA,44.69630470815077,44.83504472980804,9.595707116918637,869.173938220674,192.50387665985184,157.53823341724606,0.03902681714693051,0.10833851889583354,0.0001018688043600479,0.42808717080585146,-75.636086,5.198002
Ocurrencia,Caldas,Neira,Neira,5.199943,-75.64414,Oro-Au,Oro-Au,Epitermal,ROCA_SEDIMENTARIA,44.90827281162355,44.78555069125285,9.688450885961885,935.840494187479,168.3091995694701,140.46697915470577,0.03910614015788373,0.10826144715182907,0.00010151141829448023,0.5457056335769761,-75.64414,5.199943
Ocurrencia,Caldas,Anserma,Neira,5.202443,-75.70303,Oro-Au,Oro-Au,Epitermal,ROCA_SEDIMENTARIA,55.765649821567926,44.33369303861471,10.145704070419752,1571.6749602834768,162.34974597903573,194.2479175733912,0.04485502503377447,0.10628560378781728,9.831081281545295e-05,0.29648070722621866,-75.70303,5.202443
Ocurrencia,Caldas,Neira,Neira,5.228282,-75.70109,Oro-Au,Oro-Au,Epitermal,ROCA_SEDIMENTARIA,58.095852866309535,44.508663009288014,10.2367974969246,2414.086339804644,162.79833163731638,160.17743090440644,0.037308632329988475,0.1636740027055099,0.00011591759970546263,0.4378044755380302,-75.70109,5.228282
Ocurrencia,Caldas,Anserma,Anserma,5.2405,-75.72331,Oro-Au,Oro-Au,Epitermal,ROCA_ÍGNEA_VOLCÁNICA,55.788535663425705,44.39086757190549,10.340821605770492,569.8681658769476,163.034075003581,301.08198408402194,0.03411278145544777,0.13616052978320137,9.725889987353593e-05,0.351710289842407,-75.72331,5.2405
Ocurrencia,Caldas,Anserma,Anserma,5.247449,-75.69969,Oro-Au,Oro-Au,Epitermal,ROCA_ÍGNEA_PLUTÓNICA,62.8041820833495,44.64108143885943,10.25770248724569,1458.6937648831936,161.07717453326273,121.23368224531995,0.034696437882245044,0.23062069358392565,0.00011466888492857736,0.49857885170841887,-75.69969,5.247449
Ocurrencia,Caldas,Neira,Irra,5.248558,-75.694145,Oro-Au,Oro-Au,Epitermal,ROCA_ÍGNEA_PLUTÓNICA,65.8399585298973,44.6971992978733,10.230214377605932,1577.1128918666966,163.0385763701506,132.44800063904282,0.03494498487583723,0.25354025335231634,0.00014958147720787288,0.7605434061718106,-75.694145,5.248558
Ocurrencia,Caldas,Neira,Irra,5.251331,-75.6772,Oro-Au,Oro-Au,Epitermal,ROCA_ÍGNEA_PLUTÓNICA,67.79672541548689,44.86552999720516,10.130516591786277,1279.9488931986757,160.6987525529415,236.02610476550927,1.094945959176418,0.21828017824913684,0.00016063953426921618,0.5667462087466117,-75.6772,5.251331
Productor pasado - Subterráneo,Caldas,Anserma,Anserma,5.26799,-75.76639,Oro-Au,Oro-Au,Epitermal,ROCA_ÍGNEA_PLUTÓNICA,54.302316917574935,44.151866811637035,10.35033844085846,489.7408685341416,190.33110936799304,630.5554980655759,0.038124823153263224,0.12395550987553741,5.227616013884633e-05,0.4243684362258767,-75.76639,5.26799
Ocurrencia,Caldas,Filadelfia,Filadelfia,5.268909,-75.542354,Mercurio-Hg,Mercurio-Hg,Epitermal,ROCA_ÍGNEA_VOLCÁNICA,63.429223645766854,46.19923134499308,9.091058962973982,908.732340413543,1273.3707106440631,169.90705931844653,0.5940285154225668,0.1190358762739526,0.0002020713837225954,0.7374136957471125,-75.542354,5.268909
Ocurrencia,Caldas,Filadelfia,Filadelfia,5.276404,-75.546159,Mercurio-Hg,Mercurio-Hg,Epitermal,ROCA_ÍGNEA_VOLCÁNICA,56.577062188522234,46.231569571565146,9.063182670531194,889.2995102670658,1358.3084594039904,193.04050755743665,0.5584473368124695,0.11824262623418823,0.00019618784915692206,0.7194276027974622,-75.546159,5.276404
Ocurrencia,Caldas,Filadelfia,Filadelfia,5.284331,-75.55432,Mercurio-Hg,Mercurio-Hg,Epitermal,ROCA_ÍGNEA_PLUTÓNICA,42.27023034693255,46.227619291045215,9.044366571182998,825.2303268959507,1418.1379806137563,849.7869011712179,0.5410370861633845,0.11681535800023352,0.00018678930085535664,0.6732456414773955,-75.55432,5.284331
Prospecto,Risaralda,Quinchía,Quinchía,5.294444,-75.6925,Oro-Au,Pirita-FeS2,Epitermal,ROCA_ÍGNEA_PLUTÓNICA,71.53534680648393,45.01240182452084,10.108587392995116,890.9945973687383,174.25616512302125,189.19472008198966,5.719820703429775,0.402870522921442,0.00017313638150927865,1.0402959893650219,-75.6925,5.294444
Ocurrencia,Caldas,Marulanda,Marulanda,5.3155,-75.32941,Oro-Au,Oro-Au,Epitermal,ROCA_SEDIMENTARIA,134.73861186051448,48.476977548925426,10.197976346396944,732.1350242957998,134.7508227767349,81.77871862228078,0.0679792559376765,0.1089433798840231,0.04258277897563474,0.8164042357270672,-75.32941,5.3155
Ocurrencia,Caldas,Marquetalia,Victoria,5.31901,-74.961596,Cobre-Cu,Pirita-FeS2,Epitermal,ROCA_METAMÓRFICA,75.820654383811,50.3933237529255,11.684435962142011,634.3442009367635,147.65165873373297,112.03151971895046,0.28241157095886726,0.22947424804049463,0.004893807256134593,0.7868291718076194,-74.961596,5.31901
Ocurrencia,Caldas,Aranzazu,Aranzazu,5.320167,-75.50263,Mercurio-Hg,Mercurio-Hg,Epitermal,ROCA_ÍGNEA_VOLCÁNICA,60.02076701681377,47.026449512490984,8.358491117356468,891.9007373198356,2129.7840245539346,150.80171950457472,0.13877324589498025,0.14075747992433324,0.0003752444215239282,1.4531724100903134,-75.50263,5.320167
Productor pasado - Subterráneo,Caldas,Aranzazu,Aranzazu,5.320639,-75.502531,Mercurio-Hg,Mercurio-Hg,Epitermal,ROCA_ÍGNEA_VOLCANICLÁSTICA,59.95906506782556,47.03177700873628,8.349033775170982,884.594344361569,2127.957144105852,149.03876559252473,0.13877367633775745,0.1405186033323954,0.00038675604978344465,1.454787997479694,-75.502531,5.320639
Ocurrencia,Caldas,Aranzazu,Aranzazu,5.320711,-75.50279,Mercurio-Hg,Mercurio-Hg,Epitermal,ROCA_ÍGNEA_VOLCÁNICA,59.825116539154784,47.03005635239679,8.347550762975404,885.129511717206,2129.136196653723,147.95368115363132,0.1387248601072827,0.1404996725273812,0.00038964831255334457,1.4518622775009282,-75.50279,5.320711
Ocurrencia,Caldas,Riosucio,Quinchia,5.340226,-75.63802,Oro-Au,Oro-Au,Epitermal,ROCA_SUBVOLCÁNICA_HIPOABISAL,12.288159665461999,45.8849418817016,9.203518727218714,282.0678058965816,822.2653754067071,113.30749458713072,0.9456459318265248,0.10274344408164159,1.580799638129574e-05,0.6838540682202894,-75.63802,5.340226
Ocurrencia,Caldas,Filadelfia,La Felisa,5.358275,-75.60692,Oro-Au,Oro-Au,Epitermal,ROCA_SEDIMENTARIA,8.090863322206388,46.3481346358893,8.472055128553883,139.95513101456444,1726.0226590618272,196.09936527732236,0.16429445879844898,0.10520226969472372,9.443237715159902e-05,0.6418315321316199,-75.60692,5.358275
Productor pasado - Subterráneo,Caldas,Riosucio,Riosucio,5.386923,-75.75627,Antimonio-Sb,Estibina o Antimonita-Sb2S3,Epitermal,ROCA_ÍGNEA_VOLCANICLÁSTICA,37.101106899802915,44.90315959648518,9.62410980139999,239.6649969471205,445.2417709857368,67.61627227105893,0.11036615616191227,0.10644100116250818,0.00010949265139715802,0.4102837533548258,-75.75627,5.386923
Ocurrencia,Caldas,Riosucio,Mistrató,5.395224,-75.852196,Oro-Au,Oro-Au,Epitermal,ROCA_ÍGNEA_PLUTÓNICA,63.34746723205008,43.793301100124665,8.551260795885934,190.53037547707208,878.0416790332107,260.26416010249056,0.0997030284387458,0.11743035930444354,0.001198856383853347,0.29481215979094877,-75.852196,5.395224
Ocurrencia,Caldas,Salamina,San Félix,5.413,-75.395515,Oro-Au,Oro-Au,Epitermal,ROCA_SEDIMENTARIA,86.70207081528524,48.91781772964306,7.309118337529853,722.7800719970966,1261.0315605779863,112.54653070108924,1.356925505684707,0.16360540923274022,0.037575154596965955,2.67808879655957,-75.395515,5.413
Ocurrencia,Caldas,Salamina,Salamina,5.41799,-75.49971,Plata-Ag,Pirita-FeS2,Epitermal,ROCA_ÍGNEA_VOLCÁNICA,64.2128530541561,47.978258495262985,5.025036478192549,386.30210174350634,2167.607160820835,65.01770036361252,0.34366848488430424,0.10063643623314737,0.008918021665843209,5.566980341842042,-75.49971,5.41799
Productor pasado - Subterráneo,Caldas,Riosucio,Ríosucio,5.436988,-75.699845,Oro-Au,Oro-Au,Epitermal,ROCA_ÍGNEA_VOLCANICLÁSTICA,18.634005759810506,45.902432315331865,8.932985129187264,236.22724024468903,837.751465809371,41.652321789385766,0.23021401637866026,0.11674691670846395,0.0003648116519282661,2.014418404963228,-75.699845,5.436988
Productor pasado - Subterráneo,Caldas,Riosucio,Ríosucio,5.450945,-75.69968,Oro-Au,Oro-Au,Epitermal,ROCA_SUBVOLCÁNICA_HIPOABISAL,17.83861357170742,46.00283322676856,8.833868764404542,204.4848165488082,1109.6609196439965,51.64463768477383,0.23864422885986714,0.1369947030857916,0.01799000708285142,2.3096951001289376,-75.69968,5.450945
Productor - Subterráneo,Caldas,Marmato,Marmato,5.474,-75.601,Oro-Au,Oro-Au,Epitermal,ROCA_ÍGNEA_VOLCÁNICA,42.33847135634778,47.39322453310757,6.027178759121556,202.94920394478967,1997.2703846835132,86.52202619251771,6.13333333248932,0.9409589113497301,0.0004638927795568636,5.527112875962411,-75.601,5.474
Ocurrencia,Caldas,Marmato,Marmato,5.48,-75.61,Oro-Au,Oro-Au,Epitermal,ROCA_SUBVOLCÁNICA_HIPOABISAL,20.005900922845598,47.338637012997474,6.329851097995134,187.05052868558104,2866.5462967012827,66.34752963409206,3.300550749531514,0.5526966225736305,0.008588555957963501,3.9847996989751744,-75.61,5.48
Productor pasado - Subterráneo,Caldas,Aguadas,Pácora,5.48464,-75.3497,Oro-Au,Galena-PbS,Epitermal,ROCA_ÍGNEA_PLUTÓNICA,86.94483056646479,50.043637678843034,7.671343534752831,705.4804944713106,251.05298363996584,70.75441901237774,0.5492256735090109,0.2389077175787169,0.028459168939080827,1.829566006574224,-75.3497,5.48464
Productor pasado - Subterráneo,Caldas,Aguadas,Pácora,5.493835,-75.3394,Oro-Au,Oro-Au,Epitermal,ROCA_ÍGNEA_PLUTÓNICA,92.41100221366693,50.22108466852726,7.920464990237361,659.0587188056644,253.30585698974272,74.17103897911574,0.31853012932270286,0.2986854599443127,0.028982207788419843,0.7386578797948969,-75.3394,5.493835
Ocurrencia,Caldas,Pácora,Pácora,5.503001,-75.5233,Oro-Au,Oro-Au,Epitermal,ROCA_ÍGNEA_VOLCÁNICA,66.59737620121503,48.543631739702704,1.659346632754703,1528.5505717791098,2423.1115454601118,101.05448938938844,1.206267509194946,0.15972028483195047,0.13880005327961512,2.510231032087517,-75.5233,5.503001
Ocurrencia,Antioquia,Andes,La Mesenia,5.520984,-75.908668,Oro-Au,,Epitermal,ROCA SEDIMENTARIA,20.427379891387897,43.45956103132311,5.570279027921793,759.8309649801581,403.1648265970086,164.7217549485277,68.09091415374893,0.25652162723643307,0.11537657941830803,4.4584024648368,-75.908668,5.520984
Productor pasado - Subterráneo,Caldas,Pácora,Miraflores,5.548006,-75.565796,Plata-Ag,Oro-Au,Epitermal,ROCA_SUBVOLCÁNICA_HIPOABISAL,18.765724703566118,48.498931320105726,4.996637849873189,211.62330222763268,2404.3658316204246,46.19765757572338,2.0419300522938455,1.1928542824038253,0.005477799993166176,3.7460902169884434,-75.565796,5.548006
Ocurrencia,Antioquia,Andes,La Borraja,5.549473,-75.90873,Oro-Au,,Epitermal,ROCA SEDIMENTARIA,15.729710088062859,43.5671027473839,6.013273737759444,891.8064508584871,301.1640873279937,146.24444711378925,164.9226688486767,0.27152885529287185,0.051148378968170954,8.893639727213536,-75.90873,5.549473
Ocurrencia,Antioquia,Andes,La Avanzada,5.549692,-75.896268,Oro-Au,Pirita-FeS2,Epitermal,ROCA SEDIMENTARIA,15.903202296570752,43.75737141943297,6.468153851573854,991.6855720424579,677.1218568685548,127.98442095303227,87.28064302075366,0.43904334257713024,0.03471773275357427,21.761784510100227,-75.896268,5.549692
Productor - Subterráneo,Antioquia,Andes,La Avanzada,5.55013,-75.898171,Oro-Au,Pirita-FeS2,Epitermal,ROCA SEDIMENTARIA,15.859322751127836,43.730164365332335,6.40869842749157,978.2887652034472,602.2510135007634,127.14823785537305,96.82749177211136,0.41443052476475845,0.04051938688301218,17.585642917123465,-75.898171,5.55013
Ocurrencia,Caldas,Pácora,Pácora,5.55179,-75.489449,Mercurio-Hg,Mercurio-Hg,Epitermal,ROCA_ÍGNEA_PLUTÓNICA,74.05261659375037,49.41333386555494,3.476940657403793,658.2091780083942,1386.9387085996268,184.6692297520694,0.2908645244836524,0.10192956435938101,0.25761529042876424,0.9585734292644048,-75.489449,5.55179
Productor pasado - Subterráneo,Caldas,Aguadas,Marmato,5.552862,-75.575516,Plata-Ag,Oro-Au,Epitermal,ROCA_METAMÓRFICA,6.206943411210074,48.42655789060151,5.503401784966055,157.7559722239319,1629.8724665760235,38.65955323276485,1.4931312154461567,1.4713693911217718,0.00037096905217472555,3.024846377005739,-75.575516,5.552862
Productor pasado - Subterráneo,Antioquia,Andes,La Borraja,5.555676,-75.909358,Oro-Au,,Epitermal,ROCA SEDIMENTARIA,15.401512639835977,43.5821513517691,6.12127689845635,990.8326426246426,489.33445782149295,119.97535329190818,127.06219627200018,0.37032098289556475,0.05269178746316852,8.817134112739279,-75.909358,5.555676
Productor - Subterráneo,Antioquia,Andes,Reserva Forestal,5.556553,-75.937095,Oro-Au,Pirita-FeS2,Epitermal,ROCA ÍGNEA PLUTÓNICA,14.634866883710332,43.167836038400765,5.146011210507875,768.6579411261636,1227.2481424720736,162.83319008017182,2570.6692268313063,2.5988913765544486,1.6308272790510356,11.213159592714067,-75.937095,5.556553
Productor - Subterráneo,Antioquia,Andes,Reserva Forestal,5.560073,-75.938802,Oro-Au,Arsenopirita-FeAsS,Epitermal,ROCA ÍGNEA PLUTÓNICA,14.38966620932072,43.15583934136196,5.201261928098752,788.542690140981,1224.6822783285152,172.77246590115737,2709.1341192689783,2.6336374148983364,1.6325108247060425,13.692249007405085,-75.938802,5.560073
Ocurrencia,Antioquia,Andes,San Antonio,5.580549,-75.896604,Oro-Au,,Epitermal,ROCA SEDIMENTARIA,13.202946864942675,43.879872528109175,7.071302344513519,1130.1915141955071,343.0366796252205,128.73787211264474,162.77921094994676,0.2939475808256713,0.027834817901336985,7.152166861318455,-75.896604,5.580549
Prospecto,Caldas,Aguadas,El Jordán,5.581554,-75.525152,Plata-Ag,Plata-Ag,Epitermal,ROCA_ÍGNEA_PLUTÓNICA,74.75579508236477,49.32273571524723,5.175654553665456,755.8566202254481,1817.3917071618341,116.93608092098516,0.5792747117732466,0.1769111171670989,0.5266915318531179,1.518403269490246,-75.525152,5.581554
Productor pasado - Subterráneo,Antioquia,Andes,Reserva Forestal,5.581628,-75.965771,Oro-Au,Pirita-FeS2,Epitermal,ROCA ÍGNEA PLUTÓNICA,11.734399439426857,42.842198197855176,5.334542855388065,487.7615063979713,1182.2344835688832,114.47439003480764,2.1588906251727518,0.8578239576454596,0.16354816401572658,2.5628120540166934,-75.965771,5.581628
Ocurrencia,Antioquia,Andes,San Antonio,5.590575,-75.918882,Oro-Au,,Epitermal,ROCA SEDIMENTARIA,12.593695102923776,43.574946299478825,6.7240242231939025,1025.4128270952601,1015.9211738278963,123.85299923834916,260.82548066184347,0.9226918420402932,0.02274617458545646,7.047605159300498,-75.918882,5.590575
Productor pasado - Subterráneo,Antioquia,Andes,La Soledad,5.590788,-75.927641,Oro-Au,Pirita-FeS2,Epitermal,ROCA SEDIMENTARIA,12.364312908310337,43.441422408659584,6.511647110630223,800.9851224642858,1758.451660501914,109.61313076755431,341.1553080659103,1.6537186923883012,0.023535328718748857,9.318073123134221,-75.927641,5.590788
Productor pasado - Subterráneo,Antioquia,Valparaíso,Valparaiso,5.591746,-75.63433,Oro-Au,Oro-Au,Epitermal,ROCA_SUBVOLCÁNICA_HIPOABISAL,23.355206700918195,48.00672988853093,8.060472958610106,256.1114432686698,5857.399374329487,37.8061964253705,0.6212995914755374,0.6867386239524815,0.0011911982916190077,6.4354158427643515,-75.63433,5.591746
Productor pasado - Subterráneo,Antioquia,Valparaíso,Valparaiso,5.591933,-75.62194,Oro-Au,Oro-Au,Epitermal,ROCA_SUBVOLCÁNICA_HIPOABISAL,24.065645713418714,48.18246859602071,7.780168002260097,233.78294917430213,3389.6527303713624,45.649721648228855,0.7154273022488709,0.8855056586932841,0.00043373432368785513,13.035790536645171,-75.62194,5.591933
Productor pasado - Subterráneo,Antioquia,Valparaíso,Valparaiso,5.592814,-75.62743,Oro-Au,Oro-Au,Epitermal,ROCA_SUBVOLCÁNICA_HIPOABISAL,24.44884120091443,48.11364999049638,7.923402419487507,243.66684325493952,4866.942448118682,25.17474853579883,0.6950523885695052,0.9762839686570146,0.0001693423565290084,2.6000786975871524,-75.62743,5.592814
Productor pasado - Subterráneo,Antioquia,Andes,Reserva Forestal,5.593879,-75.97844,Oro-Au,Pirita-FeS2,Epitermal,ROCA ÍGNEA PLUTÓNICA,11.238828425210517,42.70507917602859,5.702656438316589,447.9110689298629,1524.6255610244655,166.52318785910524,0.5154290750721365,0.8950692097559687,0.10665778518570491,3.11412767225108,-75.97844,5.593879
Productor pasado - Subterráneo,Antioquia,Valparaíso,Valparaiso,5.594754,-75.62224,Oro-Au,Oro-Au,Epitermal,ROCA_ÍGNEA_VOLCÁNICA,24.367435811985594,48.20400271745171,7.8395020199152405,241.68206353025812,4197.960587354861,42.49447424916112,0.7172101196872749,0.9375056807983732,0.0008042450257721561,9.087527307598092,-75.62224,5.594754
Productor - Subterráneo,Antioquia,Andes,Reserva Forestal,5.596861,-75.955306,Oro-Au,,Epitermal,ROCA ÍGNEA PLUTÓNICA,11.531782258568727,43.04839944594125,6.13110316547973,475.7662404685217,2899.8736315328238,128.28374323030422,9.986860217240478,2.931806465457232,0.03151655564080424,9.097913966139878,-75.955306,5.596861
Productor - Subterráneo,Antioquia,Andes,San Agustín,5.597083,-75.947111,Oro-Au,,Epitermal,ROCA ÍGNEA PLUTÓNICA,11.726646585193073,43.17072292390442,6.288706651500482,434.2607241923725,7306.144184094982,117.82989808027186,13.510907099230208,3.944757416705358,0.008536480764407519,14.043348623867459,-75.947111,5.597083
Productor pasado - Subterráneo,Antioquia,Andes,La Soledad,5.601583,-75.931806,Oro-Au,,Epitermal,ROCA SEDIMENTARIA,11.43233036953137,43.41854092122062,6.748037310029329,754.3954197757084,1304.2659698650464,101.39366428863406,4.749036952731376,1.3238920111751378,0.012392941235372852,5.351485275149207,-75.931806,5.601583
Productor - Subterráneo,Antioquia,Andes,La Soledad,5.602595,-75.930427,Oro-Au,,Epitermal,ROCA SEDIMENTARIA,11.453234157140948,43.44342252630609,6.8079381423246685,783.3231229758447,1158.275486555748,103.61203310520163,4.242951015041164,1.2106080729485376,0.011734963716846132,4.6610052799033355,-75.930427,5.602595
Ocurrencia,Antioquia,Andes,Reserva Forestal,5.604718,-75.949305,Oro-Au,,Epitermal,ROCA ÍGNEA PLUTÓNICA,11.078690940520934,43.165144127949816,6.517419465734042,627.9430732674324,1712.297039350398,102.71161786835536,13.835906598657209,1.59184189896133,0.024826233602541152,13.195485959939878,-75.949305,5.604718
Ocurrencia,Antioquia,Andes,Reserva Forestal,5.605054,-75.950153,Oro-Au,Pirita-FeS2,Epitermal,ROCA ÍGNEA PLUTÓNICA,11.06027099284134,43.15365075977199,6.515012395847113,637.8498891821188,1713.0833310229427,102.96870120612904,13.67449508326356,1.598270125712511,0.027157844760815918,12.798798535576918,-75.950153,5.605054
Productor pasado - Subterráneo,Antioquia,Andes,La Soledad,5.608306,-75.923111,Oro-Au,,Epitermal,ROCA SEDIMENTARIA,11.577656412849086,43.577662808019554,7.125935886166574,1006.5296523214529,490.2535383487888,90.31164434500279,0.8022773803307468,0.7295413570058508,0.009788625140566939,3.0534387697996155,-75.923111,5.608306
Ocurrencia,Antioquia,Andes,La Clara,5.610284,-75.905117,Oro-Au,,Epitermal,ROCA SEDIMENTARIA,11.963150090886622,43.86743862706216,7.551724855342475,1034.9168695105402,349.84049154309804,87.58454567474205,2.0901665814779062,0.3309024959752171,0.032239852258192786,3.507286472140919,-75.905117,5.610284
Productor pasado - Subterráneo,Antioquia,Andes,Egipto,5.612491,-75.909986,Oro-Au,Pirita-FeS2,Epitermal,ROCA SEDIMENTARIA,11.85751976805353,43.79913995333492,7.504420644638195,1086.363915605193,341.0412222756598,87.50796474836035,0.4569410663550171,0.3367685408370636,0.02883321834081453,5.674001241955857,-75.909986,5.612491
Productor pasado - Subterráneo,Antioquia,Andes,San Agustín,5.614292,-75.926182,Oro-Au,Pirita-FeS2,Epitermal,ROCA SEDIMENTARIA,11.488738445692427,43.55223876770376,7.233787661238302,956.5376141544855,423.5504585003224,96.64894103355208,0.6256608467307584,0.5766295280027204,0.13999454224347113,3.135219229161887,-75.926182,5.614292
Productor pasado - Subterráneo,Antioquia,Andes,San Agustín,5.622309,-75.928141,Oro-Au,,Epitermal,ROCA SEDIMENTARIA,11.420892428938824,43.550834893754754,7.421463672186456,962.2896270987274,152.49447425817058,78.38216208436609,0.3644228826527367,0.23278928827613712,0.256631936040647,2.249656227142897,-75.928141,5.622309
Productor pasado - Subterráneo,Antioquia,Andes,San Agustín,5.630247,-75.942078,Oro-Au,,Epitermal,ROCA ÍGNEA PLUTÓNICA,11.397095544487732,43.36207271650738,7.43517003473834,1371.8074846087634,156.4727522653609,80.08478503619432,0.4910367962217655,0.2063704342189213,0.17537127551928938,2.3044756518954834,-75.942078,5.630247
Ocurrencia,Antioquia,Andes,La Piedra,5.637197,-75.941661,Oro-Au,Pirita-FeS2,Epitermal,ROCA SEDIMENTARIA,11.421270658559584,43.391267065342284,7.634282924297424,1214.1260408431044,193.31232329447818,71.20693677250512,0.35704086533965257,0.19026936090775162,0.17577952507996686,2.1229911203666214,-75.941661,5.637197
Ocurrencia,Antioquia,Andes,La Piedra,5.637731,-75.942157,Oro-Au,Pirita-FeS2,Epitermal,ROCA SEDIMENTARIA,11.40588686493586,43.38529507024038,7.642825707270613,1205.4938251027986,195.8229216783831,69.70686577768559,0.3557229398881005,0.18984974871658103,0.16775697868734843,2.1070256214111946,-75.942157,5.637731
Productor pasado - Subterráneo,Antioquia,Andes,La Piedra,5.637948,-75.941958,Oro-Au,Pirita-FeS2,Epitermal,ROCA SEDIMENTARIA,11.413729625039196,43.38908064641196,7.651071797343626,1206.8977445904386,196.7307917126569,69.49050919630253,0.35365783758198144,0.1896452536965503,0.16926219630867997,2.103518197184283,-75.941958,5.637948
Productor pasado - Subterráneo,Antioquia,Andes,La Piedra,5.638425,-75.941036,Oro-Au,Pirita-FeS2,Epitermal,ROCA SEDIMENTARIA,11.44815266210157,43.40493654253707,7.674931391026608,1224.736779756071,199.14417916736443,69.09237863985442,0.34780406074604214,0.1890976051456491,0.17876557245939173,2.1009818188199607,-75.941036,5.638425
Ocurrencia,Antioquia,Andes,La Piedra,5.63848,-75.941352,Oro-Au,Pirita-FeS2,Epitermal,ROCA SEDIMENTARIA,11.437280507035032,43.40020276554528,7.672627057089818,1212.5863809927616,199.2213658178156,68.95786995724207,0.3483128235621104,0.18921910362962885,0.17442757744547044,2.0969443804774497,-75.941352,5.63848
Ocurrencia,Antioquia,Andes,La Piedra,5.639934,-75.940591,Oro-Au,,Epitermal,ROCA SEDIMENTARIA,11.471276094224539,43.416715510241744,7.720389567570794,1241.7478328789498,206.63401639460903,67.33931567359224,0.3373545890907248,0.188486509066782,0.19154458189398726,2.1091608980421994,-75.940591,5.639934
Ocurrencia,Antioquia,Andes,La Piedra,5.642589,-75.943456,Oro-Au,,Epitermal,ROCA SEDIMENTARIA,11.386692911011238,43.38055684524608,7.757707392633038,1147.7694124957732,206.97679376988276,61.22039957872823,0.3338665718704355,0.19087423115524776,0.1292743135822677,1.9186891435426434,-75.943456,5.642589
Productor pasado - Cielo abierto,Antioquia,Abejorral,Purina,5.711906,-75.438735,Oro-Au,Pirita-FeS2,Epitermal,ROCA METAMÓRFICA,186.27892371047957,51.66208078237353,9.017772887083272,935.8898302061029,800.1574500017615,136.95451649008237,0.6306338446134933,0.27089728364524496,0.09742941719615451,7.028750444704826,-75.438735,5.711906
Productor pasado - Subterráneo,Antioquia,Abejorral,Purina,5.71868,-75.441458,Oro-Au,Oro-Au,Epitermal,ROCA METAMÓRFICA,181.1354414757425,51.711502283311255,9.057900738329765,963.2931320867984,924.5970792009948,127.5215729998237,0.7144779123172217,0.2728485282969036,0.1049022476379981,8.088870372509327,-75.441458,5.71868
Prospecto,Antioquia,Titiribí,Vereda Otramina,6.065138,-75.802864,Oro-Au,Oro-Au,Epitermal,ROCA_SUBVOLCÁNICA_HIPOABISAL,30.59606157742917,46.72088811966566,8.884751790338226,107.19184634424366,576.715212068321,67.97444159803182,0.7644900991943981,0.5752273710816357,0.00011741383098429218,3.5401438345849217,-75.802864,6.065138
Productor - Subterráneo,Antioquia,Titiribí,Vereda El Zancudo,6.087459,-75.79489,Oro-Au,Oro-Au,Epitermal,ROCA_METAMÓRFICA,76.07668236300772,46.870948854884524,9.159027967982688,62.80761023267885,2170.09993359901,65.65346759166515,1.607336476047774,0.16799057590022792,0.0002548967886673894,13.12929962753281,-75.79489,6.087459
Productor pasado - Subterráneo,Antioquia,Alejandría,La Pava,6.330607,-75.085156,Oro-Au,,Epitermal,ROCA ÍGNEA PLUTÓNICA,81.00582096633423,51.696904554550485,8.646057293875234,672.1858961448605,190.34344378931962,92.34229255643197,2.2667177321701004,0.266757848484771,4.363825033480967e-05,0.711881134599185,-75.085156,6.330607
Productor pasado - Subterráneo,Antioquia,Anzá,Anzá,6.337285,-75.88971,Oro-Au,Oro-Au,Epitermal,ROCA_ÍGNEA_VOLCANICLÁSTICA,234.63618661668923,43.92443420559176,8.842668710737454,127.85047208661307,479.2669207969034,86.45206063005405,0.10610777159910459,0.09164810174803167,0.0007864580137268663,2.9729683639180187,-75.88971,6.337285
Productor pasado - Subterráneo,Antioquia,Alejandría,Tocaima,6.374374,-75.127264,Oro-Au,Pirita-FeS2,Epitermal,ROCA ÍGNEA PLUTÓNICA,79.63325884163825,51.34668778976217,8.478957035064038,625.0298987371177,213.7779774518254,87.59407845513583,2.5956195792503722,0.5483946865485236,4.668166048724347e-05,0.6834283819999943,-75.127264,6.374374
Productor pasado - Subterráneo,Antioquia,Alejandría,San Lorenzo,6.386737,-75.046404,Oro-Au,Pirita-FeS2,Epitermal,ROCA ÍGNEA PLUTÓNICA,63.99477976010041,51.12684664866828,6.732125619217567,469.0655981043647,212.2336279834107,68.54480543426753,2.124589884066078,0.1105681697872205,4.6388438821261714e-05,0.6838183182347086,-75.046404,6.386737
Productor pasado - Subterráneo,Antioquia,Alejandría,San Miguel,6.388041,-75.073971,Oro-Au,,Epitermal,ROCA ÍGNEA PLUTÓNICA,75.88059610957154,51.155482039309746,7.164860740446527,640.6301987547005,213.07174951340005,49.35626491338718,2.2006129644768055,0.31033586031550925,4.65328657483731e-05,0.683768688398028,-75.073971,6.388041
Productor pasado - Subterráneo,Antioquia,Alejandría,San Miguel,6.395294,-75.063591,Oro-Au,Pirita-FeS2,Epitermal,ROCA ÍGNEA PLUTÓNICA,75.47237255011356,51.07307733573421,6.745668186839126,629.2633708788499,213.0603713164178,43.18264018106181,2.1581813368839913,0.25772367901190035,4.6514623903841854e-05,0.6839649855189007,-75.063591,6.395294
Productor - Subterráneo,Antioquia,Abriaquí,Piedras,6.627685,-76.143682,Oro-Au,Pirita-FeS2,Epitermal,ROCA SEDIMENTARIA,29.213569393784407,38.61150243426299,8.804814457166025,457.01176843904574,161.94902662199738,142.00231492154654,0.22382960616351733,0.08957365772682974,0.09730714240433178,0.9162583973618631,-76.143682,6.627685
Productor pasado - Subterráneo,Antioquia,Abriaquí,Santa Teresa,6.635903,-76.13074,Oro-Au,Oro-Au,Epitermal,ROCA SEDIMENTARIA,29.5477302938804,38.77860370978927,8.72676340901101,417.8564527693853,216.28773996949448,148.51601818006318,0.23518006489060242,0.0948618540824324,0.0954222264997869,0.8454749565128511,-76.13074,6.635903
Productor pasado - Subterráneo,Antioquia,Abriaquí,Potreros,6.657979,-76.094731,Oro-Au,Pirita-FeS2,Epitermal,ROCA SEDIMENTARIA,35.152795363875654,39.2431908458441,8.576793980072376,492.2067418656186,256.62145552316906,157.80710724816026,0.37192743983653026,0.1028402065219588,0.08930101992004831,0.7548652691014988,-76.094731,6.657979
Productor - Subterráneo,Antioquia,Abriaquí,Potreros,6.676438,-76.044099,Oro-Au,Pirita-FeS2,Epitermal,ROCA ÍGNEA PLUTÓNICA,45.01768310235678,39.92595300987056,8.402391099586728,799.9738590594421,2054.7163620028914,67.96071914675782,4.212281106479707,1.7151106615249787,0.12422688615544689,1.7484649409247544,-76.044099,6.676438
Prospecto,Antioquia,Buriticá,Vereda El Naranjo,6.678514,-75.90163,Oro-Au,<Nulo>,Epitermal,ROCA_ÍGNEA_VOLCÁNICA,45.490934802408354,42.00864792754338,8.940616243002534,355.1240923470017,2061.9189909922557,48.67090288995165,0.8420423298132137,0.14417877114048858,0.0024696980616081073,3.35543622061993,-75.90163,6.678514
Productor - Subterráneo,Antioquia,Abriaquí,Santa Teresa,6.682584,-76.044124,Oro-Au,Pirita-FeS2,Epitermal,ROCA ÍGNEA PLUTÓNICA,44.75501947795209,39.90601821228581,8.515153188834509,780.7873158186453,3180.714240784474,70.86887927759494,5.822646412410158,2.5460428250520986,0.12581936755745446,2.2454190876591817,-76.044124,6.682584
Productor pasado - Subterráneo,Antioquia,Abriaquí,Santa Teresa,6.68915,-76.051924,Oro-Au,Pirita-FeS2,Epitermal,ROCA ÍGNEA PLUTÓNICA,45.81749959195448,39.772445911405164,8.676359669143531,747.7422791521003,7165.585873371922,83.08994717465455,8.729040128631354,5.62145613950208,0.12241982765673397,3.8307800224721444,-76.051924,6.68915
Productor pasado - Subterráneo,Antioquia,Abriaquí,Potreros,6.689399,-76.057438,Oro-Au,Pirita-FeS2,Epitermal,ROCA SEDIMENTARIA,44.964226700567515,39.69212661221471,8.720615510956415,739.8226170956898,4917.556744944816,89.27055077224382,6.788062371181839,3.8558006098933184,0.11890300325510823,2.7895616792280347,-76.057438,6.689399
Productor - Subterráneo,Antioquia,Abriaquí,Santa Teresa,6.693289,-76.056279,Oro-Au,Pirita-FeS2,Epitermal,ROCA SEDIMENTARIA,45.4295479435333,39.696945307456765,8.768803100930976,714.4848374057622,8289.88294730936,82.5448629547832,9.040411995386508,6.446683971693337,0.12149276573534795,4.417884033405575,-76.056279,6.693289
Productor - Subterráneo,Antioquia,Abriaquí,Santa Teresa,6.695451,-76.058005,Oro-Au,Pirita-FeS2,Epitermal,ROCA SEDIMENTARIA,45.312529323002074,39.66555343767513,8.811348395719115,681.6191151113576,6045.377248383623,81.80734002435534,7.47650351182542,4.798360997707144,0.11983622995743191,3.58004063973003,-76.058005,6.695451
Prospecto,Antioquia,Buriticá,Vereda Los Asientos,6.695978,-75.910656,Oro-Au,<Nulo>,Epitermal,ROCA_SUBVOLCÁNICA_HIPOABISAL,27.446035749916955,41.793859125640445,9.073585334445438,142.08989706319005,4105.115562453739,29.042655261990628,0.35347876237712245,0.2041293305152243,0.034811775849119576,10.471489615929592,-75.910656,6.695978
Prospecto,Antioquia,Buriticá,Vereda El Naranjo,6.697939,-75.90625,Oro-Au,<Nulo>,Epitermal,ROCA_SUBVOLCÁNICA_HIPOABISAL,15.448523406319858,41.84789222609654,9.136893866151311,227.51980181766683,2625.7528335027987,28.068983920142603,0.7910233547652757,0.2793253799444221,0.009426760436437445,8.278865477167823,-75.90625,6.697939
Productor - Subterráneo,Antioquia,Abriaquí,Santa Teresa,6.70125,-76.04972,Oro-Au,Oro-Au,Epitermal,ROCA SEDIMENTARIA,46.98178484555844,39.76658349254793,8.83077591040432,724.3870831365039,6235.855295137933,87.43031644495076,9.515006943574953,6.805164781270277,0.11398147707289934,4.575672224978459,-76.04972,6.70125
Prospecto,Antioquia,Buriticá,Vereda Los Asientos,6.701526,-75.909597,Oro-Au,Oro-Au,Epitermal,ROCA_SUBVOLCÁNICA_HIPOABISAL,12.948236799781704,41.78281473614598,9.143788990640711,161.63795439600884,3269.1464298580318,30.320250417622784,0.48089156048087267,0.5313598283857067,0.04664056847731384,17.776176743571416,-75.909597,6.701526
Productor - Subterráneo,Antioquia,Buriticá,Vereda Los Asientos,6.704625,-75.905283,Oro-Au,Oro-Au,Epitermal,ROCA_SUBVOLCÁNICA_HIPOABISAL,8.556169694304275,41.82972461663016,9.213507374269193,166.2814115866277,4043.5769454557917,31.058807516135943,5.391568337531791,0.7299626622970069,0.04480585148427972,20.48834758163798,-75.905283,6.704625
Prospecto,Antioquia,Buriticá,Vereda Los Asientos,6.70833,-75.906124,Oro-Au,<Nulo>,Epitermal,ROCA_SUBVOLCÁNICA_HIPOABISAL,13.834710725871515,41.80003439505841,9.239569918368154,135.12351956395236,5135.8938669573145,41.131016037191806,9.757191179521275,0.9098872947852581,0.07500463086714697,24.122403488916145,-75.906124,6.70833
Prospecto,Antioquia,Buriticá,Vereda Higabra,6.714684,-75.887985,Oro-Au,<Nulo>,Epitermal,ROCA_ÍGNEA_VOLCÁNICA,26.49591426479151,42.025465674520774,9.450827333580492,45.38229486192231,54585.388127606064,21.459920201411485,67.60450288574482,10.585298610627541,0.021596688528177928,279.34431143739505,-75.887985,6.714684
Prospecto,Antioquia,Buriticá,Vereda Pajarito,6.715677,-75.92782,Oro-Au,<Nulo>,Epitermal,ROCA_ÍGNEA_VOLCÁNICA,63.039421872711934,41.45786016763832,9.12408743516112,109.54368285913915,1109.5515612828947,94.83981525605546,0.3785769176526107,0.2134832683708973,0.16746295138098316,2.4452556508128187,-75.92782,6.715677
Productor pasado - Subterráneo,Antioquia,Abriaquí,La Antigua,6.720199,-76.06145,Oro-Au,Pirita-FeS2,Epitermal,ROCA SEDIMENTARIA,47.907452445524584,39.54211900164342,9.09352889573195,739.9286346223535,1036.3343386667018,65.95984495031004,1.1031196970142456,0.7424541507327493,0.10250308925003747,1.670872935959504,-76.06145,6.720199
Productor pasado - Subterráneo,Antioquia,Abriaquí,La Antigua,6.72047,-76.061451,Oro-Au,Pirita-FeS2,Epitermal,ROCA SEDIMENTARIA,47.95640619210225,39.54129897382253,9.09551746560446,740.9653579037689,1022.8499735694865,66.53678165155715,1.0915588731532253,0.7318148165125584,0.10240117720792478,1.6663303206091564,-76.061451,6.72047
Prospecto,Antioquia,Buriticá,Vereda de Guarco,6.723343,-75.943394,Oro-Au,<Nulo>,Epitermal,ROCA_ÍGNEA_VOLCÁNICA,53.158114098914254,41.20384027095311,9.076364351997267,67.21804457708555,461.04913886195686,56.44558413134971,0.27061866672800866,0.3019458453470488,0.007193908579747576,0.7425760163637725,-75.943394,6.723343
Productor - Subterráneo,Antioquia,Abriaquí,La Timotea,6.731938,-76.063667,Oro-Au,Pirita-FeS2,Epitermal,ROCA SEDIMENTARIA,50.17205694684831,39.4762476961786,9.177111857436065,709.1518267523226,589.3228013308739,89.25356062537469,0.35862758102916736,0.5389496398996224,0.08942396180079938,1.5168052642356205,-76.063667,6.731938
Productor - Subterráneo,Antioquia,Amalfi,Guayabito,6.78457,-75.0497,Oro-Au,,Epitermal,ROCA ÍGNEA PLUTÓNICA,47.584294802587266,47.545139039662054,8.96983931927808,498.3426706363185,312.2126922083165,68.74788731326997,0.37419895913864104,0.27498791247406784,0.025832837460294036,1.3585538999233642,-75.0497,6.78457
Productor pasado - Subterráneo,Antioquia,Liborina,Vereda La Honda,6.785337,-75.821313,Oro-Au,Oro-Au,Epitermal,ROCA_ÍGNEA_PLUTÓNICA,97.37612076179504,42.53691544487635,10.002981422573509,375.5769202158472,486.9168885090908,309.43976324197956,0.04972826151600295,0.07667268406760135,0.005121914127970952,0.25472836995623416,-75.821313,6.785337
Ocurrencia,Antioquia,Gómez Plata,Cañaveral,6.786686,-75.198087,Antimonio-Sb,Pirita-FeS2,Epitermal,ROCA ÍGNEA VOLCÁNICA,82.07900145187565,47.294958935810435,10.114664208688737,513.1069056353267,325.2471540487771,77.68029769810755,0.3350471871337241,0.28359297477414375,0.03082172154549707,1.6169110802928233,-75.198087,6.786686
Ocurrencia,Antioquia,Amalfi,El Guiaco,6.870664,-75.154996,Oro-Au,Pirita-FeS2,Epitermal,ROCA METAMÓRFICA,34.89824391830779,46.59359920475662,8.98039723369374,523.1664265472708,309.13510897600224,66.03529079982101,0.18277359164021012,0.3123623896168094,0.02963205194260846,1.2657741936364544,-75.154996,6.870664
Productor pasado - Subterráneo,Antioquia,Amalfi,Las Ánimas,6.918424,-75.014871,Oro-Au,Oro-Au,Epitermal,ROCA METAMÓRFICA,76.22909064191606,46.37474497268158,5.055072374940737,528.106760202516,309.2825850304597,97.52719851857104,0.25633387324155477,0.3782652267535075,0.03532032653400729,1.167897989637653,-75.014871,6.918424
Productor pasado - Subterráneo,Antioquia,Amalfi,La Cristalina,6.925894,-75.118479,Oro-Au,Pirita-FeS2,Epitermal,ROCA METAMÓRFICA,55.62637402304862,46.15234805219369,7.349494887049642,534.737980673037,278.467863907826,90.05182793387327,0.147155813807371,0.2507481857653337,0.034112085909664545,0.9520897633509607,-75.118479,6.925894
Productor pasado - Subterráneo,Antioquia,Amalfi,La Víbora,6.926936,-75.05334,Oro-Au,Pirita-FeS2,Epitermal,ROCA METAMÓRFICA,65.752884739993,46.24169407717553,5.417598186377486,530.3907098942484,297.16467944265713,99.77659352017722,0.2545950895077295,0.36316896392934717,0.03453496852416994,1.127575432212574,-75.05334,6.926936
Productor pasado - Subterráneo,Antioquia,Amalfi,Las Ánimas,6.937801,-75.045672,Oro-Au,Pirita-FeS2,Epitermal,ROCA METAMÓRFICA,72.18303792279549,46.15359568439322,4.779612036020956,522.0715197142281,300.4675378396165,103.32311528163713,0.2571876380355119,0.369275311520598,0.03499638729040044,1.024320125903697,-75.045672,6.937801
Productor pasado - Subterráneo,Antioquia,Amalfi,Las Ánimas,6.948676,-75.033027,Oro-Au,Pirita-FeS2,Epitermal,ROCA METAMÓRFICA,77.5152375335978,46.07243042716669,3.9351501208868354,522.2399473923306,293.10773946227175,105.56062244491581,0.26091916667896325,0.37699293285290536,0.03730752489244378,1.0118975506402963,-75.033027,6.948676
Productor pasado - Subterráneo,Antioquia,Amalfi,Salazar,6.959974,-75.034859,Oro-Au,,Epitermal,ROCA METAMÓRFICA,78.94686595003814,45.9673015532146,3.490121657479893,501.50448228241737,292.71384272624636,164.64063635225946,0.2658077150759981,0.40673568303214863,0.04014274908273478,0.9459539149819011,-75.034859,6.959974
Productor pasado - Subterráneo,Antioquia,Amalfi,La Manguita,6.970814,-75.039405,Oro-Au,Pirita-FeS2,Epitermal,ROCA METAMÓRFICA,79.78482121440035,45.86352561090943,3.2562371792489464,488.4485237969211,281.9245926538982,177.22808582656495,0.26455974680318617,0.4098894431176211,0.040860742580814034,0.9338764506134656,-75.039405,6.970814
Productor - Subterráneo,Antioquia,Amalfi,Los Mangos,6.972582,-75.058863,Oro-Au,Oro-Au,Epitermal,ROCA METAMÓRFICA,71.96876348910817,45.822039611468654,4.145554402787098,480.92061806904536,285.2213208370751,178.98428817577093,0.148382959463867,0.412924855264621,0.04140758620596483,0.8826708899262129,-75.058863,6.972582
Productor pasado - Subterráneo,Antioquia,Amalfi,Romazón,6.992588,-75.001897,Oro-Au,Oro-Au,Epitermal,ROCA METAMÓRFICA,90.01305879349519,45.717491043653695,0.5605647015739608,471.2898092779159,282.07858868096093,193.2864995436635,0.273198375161048,0.4472804461015651,0.043548954222768825,0.9324631897405414,-75.001897,6.992588
Productor - Subterráneo,Antioquia,Amalfi,Romazón,7.019264,-74.999687,Oro-Au,Pirita-FeS2,Epitermal,ROCA METAMÓRFICA,92.77143200006437,45.50421530466779,1.3743075247090761,454.23812858999287,289.13657575087217,209.6655074882135,0.14965480011628723,0.4630453876099902,0.04553986241066579,0.8228458095817066,-74.999687,7.019264
Productor - Subterráneo,Antioquia,Amalfi,La Vetilla,7.173091,-74.933909,Oro-Au,Oro-Au,Epitermal,ROCA METAMÓRFICA,174.4835711715944,44.445795289459355,8.62694890535219,476.3355728802056,289.7778310940081,298.24523479887597,0.13613115792190567,0.42024160916331593,0.056543665323754405,0.6661899991132316,-74.933909,7.173091
Productor - Subterráneo,Antioquia,Amalfi,La Vetilla,7.183049,-74.926685,Oro-Au,Pirita-FeS2,Epitermal,ROCA METAMÓRFICA,176.97224839148052,44.38499625191953,8.886387014761523,511.4232148281624,289.81626093876156,290.12196413392707,0.1361444033103683,0.4223255635681275,0.058559297515529504,0.6662110686287775,-74.926685,7.183049
Productor - Subterráneo,Antioquia,Segovia,Fraguas,7.253,-74.823935,Oro-Au,Pirita-FeS2,Epitermal,ROCA METAMÓRFICA,197.1042249941135,44.121807989300166,10.836438208080999,563.6328241103674,290.23009884819925,279.1358957247448,0.1363594068180757,0.4122978927835473,0.06041941888931202,0.6728701018665856,-74.823935,7.253
Ocurrencia,Bolivar,El Bagre,El Bagre,7.704814,-74.48787,Oro-Au,<Nulo>,Epitermal,ROCA_METAMÓRFICA,361.51188606075124,42.32625088793363,23.341681949517888,652.1185007540092,290.87274024812825,77.90911744567414,0.13662666317155603,0.2879804681648503,0.06025843849898966,1.6946352883712141,-74.48787,7.704814
Ocurrencia,Bolivar,El Bagre,El Bagre,7.704837,-74.4815,Oro-Au,Pirita-FeS2,Epitermal,ROCA_METAMÓRFICA,361.89889825582964,42.34441713140453,23.528046107146377,652.8617580530663,263.6280901911981,77.6542875047604,0.19037497962825722,0.2858531967696899,0.06002548006339092,1.699634167577676,-74.4815,7.704837
Productor pasado - Subterráneo,Caldas,Anserma,Anserma,5.240128,-75.722607,Cobre-Cu,Bornita-Cu5FeS4,Otros_depósitos_asociados_a_intrusivos,ROCA_ÍGNEA_PLUTÓNICA,55.946046380092255,44.394840189018495,10.338548256371737,597.3341270232269,162.9408821475891,297.02003413279147,0.034310158572337456,0.13579376566421378,9.774154937901081e-05,0.35570193655083016,-75.722607,5.240128
Productor pasado - Subterráneo,Caldas,Samaná,Samaná,5.381458,-74.99422,Plata-Ag,Galena-PbS,Otros_depósitos_asociados_a_intrusivos,ROCA_ÍGNEA_PLUTÓNICA,87.36541935806396,50.95732646321938,7.787285713344884,695.0000656799624,256.7143922810707,131.18316836101164,0.13561628475167467,0.22488589190275277,5.999871711342106e-05,1.1873536497570696,-74.99422,5.381458
Ocurrencia,Caldas,Samaná,Samaná,5.417504,-75.003238,Oro-Au,Pirita-FeS2,Otros_depósitos_asociados_a_intrusivos,ROCA_ÍGNEA_PLUTÓNICA,101.66352115546657,51.307267817652196,5.588214091920389,671.7252497890337,287.0398074295448,131.3960978828442,0.8787555299988896,0.22380617111819687,6.178543612653475e-05,1.3720541238299682,-75.003238,5.417504
Ocurrencia,Caldas,Samaná,Samaná,5.450068,-74.994226,Oro-Au,Pirita-FeS2,Otros_depósitos_asociados_a_intrusivos,ROCA_ÍGNEA_PLUTÓNICA,69.51212282374787,51.651123884536986,3.558825673019213,667.6841363868427,303.92815955403546,137.53265760216698,0.8748657356980646,0.21934386260320077,6.190283770424575e-05,1.3826314715719228,-74.994226,5.450068
Ocurrencia,Caldas,Samaná,Rancho Largo,5.481763,-74.961831,Cobre-Cu,Pirita-FeS2,Otros_depósitos_asociados_a_intrusivos,ROCA_ÍGNEA_PLUTÓNICA,59.51928529179613,51.93648400467455,3.075657535805366,769.985833148342,655.4656143579274,106.42883674013319,0.08847178949248069,0.17190726692964478,4.559518542221707e-05,0.8661093691337699,-74.961831,5.481763
Ocurrencia,Caldas,Samaná,Florencia,5.526823,-75.056645,Plata-Ag,Plata-Ag,Otros_depósitos_asociados_a_intrusivos,ROCA_ÍGNEA_PLUTÓNICA,54.07887623686024,52.13512154674012,4.028692886457299,846.5508356204239,212.23928513410925,109.45530052898702,0.06672947004795243,0.23232967342397629,0.0014861875347113333,0.6669221424541862,-75.056645,5.526823
Productor pasado - Subterráneo,Antioquia,Anzá,Anzá,6.286357,-75.958496,Oro-Au,Oro-Au,Otros_depósitos_asociados_a_intrusivos,ROCA_ÍGNEA_VOLCANICLÁSTICA,97.06420444550967,42.80482116584265,8.925211375733284,181.16433985359458,62.09681181878938,161.9358226860947,0.4072832806897141,0.3284754083420776,0.0003650869357701576,2.1953471626434617,-75.958496,6.286357
Productor pasado - Subterráneo,Antioquia,Anzá,La Chuscalita (Güintar),6.321818,-75.896021,Oro-Au,Pirita-FeS2,Otros_depósitos_asociados_a_intrusivos,ROCA ÍGNEA PLUTÓNICA,213.49440623522548,43.87141005654362,8.994079609120432,120.36277205232442,1093.9008057630804,90.2592958268607,0.123333286005282,0.095105404197297,0.0021071171936012188,5.974972512306314,-75.896021,6.321818
Productor - Subterráneo,Antioquia,Anzá,Chuscalita,6.324517,-75.98205,Oro-Au,Calcopirita-CuFeS2,Otros_depósitos_asociados_a_intrusivos,ROCA ÍGNEA VOLCÁNICA,83.1810650405205,42.24346469083258,8.265303500500535,454.6486733670718,263.6848389419724,621.9865278094434,1.439210576500661,4.154227886542998,0.15353069276820638,5.823519114710134,-75.98205,6.324517
Prospecto,Antioquia,Concepción,Concepción,6.338431,-75.26078,Oro-Au,Oro-Au,Otros_depósitos_asociados_a_intrusivos,ROCA_METAMÓRFICA,63.00730694491434,51.69328568851296,9.956177241427445,684.6007442558956,172.90872556350422,82.17944044088495,2.1704523808767333,0.22698245724648708,0.054338091556695514,0.8328691570821404,-75.26078,6.338431
Productor pasado - Subterráneo,Antioquia,Concepción,Concepción,6.345164,-75.25637,Oro-Au,Oro-Au,Otros_depósitos_asociados_a_intrusivos,ROCA_METAMÓRFICA,57.98425929904441,51.63107056908755,9.9109523534166,691.2467440318717,224.634966545783,87.34084038140264,2.17012016827577,0.24210963814211287,0.05476082462419977,0.8669300227520683,-75.25637,6.345164
Productor - Subterráneo,Antioquia,Barbosa,La Chorrera,6.403343,-75.344752,Oro-Au,Pirita-FeS2,Otros_depósitos_asociados_a_intrusivos,ROCA METAMORFICA,378.0760939421927,50.82081347597455,8.53617625345747,854.2596741399633,247.81306520066508,89.94303799052737,2.1464582425699676,0.3150865864970196,0.05401037725386444,0.6765369702394786,-75.344752,6.403343
Productor - Subterráneo,Antioquia,Concepción,Concepción,6.406145,-75.301895,Oro-Au,Oro-Au,Otros_depósitos_asociados_a_intrusivos,ROCA_ÍGNEA_PLUTÓNICA,141.7749920673666,50.9241703808202,9.133565422187765,874.5133029881686,333.90525942665244,99.13114696537504,2.137227405634416,0.4237891474108157,0.054537297363120914,1.0651541504812545,-75.301895,6.406145
Productor - Subterráneo,Antioquia,Girardota,La Holanda,6.406844,-75.478742,Oro-Au,Pirita-FeS2,Otros_depósitos_asociados_a_intrusivos,ROCA METAMÓRFICA,154.57896973442993,49.974052724980474,5.635163997211538,430.2170626637541,255.12514252222496,237.2070300892995,5.094101169747234,0.10653099399912246,0.056186804408175965,0.30873383585997594,-75.478742,6.406844
Productor - Subterráneo,Antioquia,Puerto Berrío,Caracolí,6.41584,-74.62584,Oro-Au,Pirita-FeS2,Otros_depósitos_asociados_a_intrusivos,ROCA_SEDIMENTARIA,442.9102613592078,50.03859436061932,8.08827091558455,419.58825641418554,187.04354357910185,83.04065774665972,0.24927491044758454,0.21738069305394012,5.0901027230376034e-05,1.1567357207478928,-74.62584,6.41584
Productor - Subterráneo,Antioquia,Puerto Berrío,Caracolí,6.433556,-74.6269,Oro-Au,Oro-Au,Otros_depósitos_asociados_a_intrusivos,ROCA_ÍGNEA_PLUTÓNICA,388.93901924606865,49.933137225321154,7.710676043782108,443.88285519813127,244.31735131309452,74.70667447882661,0.23804348342763654,0.23181268705561842,5.870665744068355e-05,0.9022883104109178,-74.6269,6.433556
Productor - Subterráneo,Antioquia,Puerto Berrío,Caracolí,6.434366,-74.63071,Oro-Au,Oro-Au,Otros_depósitos_asociados_a_intrusivos,ROCA_ÍGNEA_PLUTÓNICA,361.154290663152,49.93811952239423,7.797469005472273,457.8213879972358,238.0010280452067,72.63475005536186,0.22673313118602637,0.25730555644369074,6.500738929782352e-05,0.9174188126493503,-74.63071,6.434366
Productor - Subterráneo,Antioquia,Puerto Berrío,Caracolí,6.436061,-74.62677,Oro-Au,Oro-Au,Otros_depósitos_asociados_a_intrusivos,ROCA_SEDIMENTARIA,364.48751274945664,49.91746696453224,7.655043206544481,467.7826692496553,244.57186343612128,79.71848574404939,0.2312544724167852,0.23010039719230305,5.936541181642704e-05,0.8650200509728432,-74.62677,6.436061
Productor - Subterráneo,Antioquia,Puerto Berrío,Caracolí,6.437968,-74.627884,Oro-Au,Oro-Au,Otros_depósitos_asociados_a_intrusivos,ROCA_SEDIMENTARIA,336.212288885893,49.90868965873909,7.647753478929187,456.82925022597976,245.89048308120806,78.3911997299824,0.22531716034728463,0.23294728763710063,6.112100911592854e-05,0.847430672524261,-74.627884,6.437968
Productor - Subterráneo,Antioquia,Puerto Berrío,Caracolí,6.440064,-74.63783,Oro-Au,Oro-Au,Otros_depósitos_asociados_a_intrusivos,ROCA_ÍGNEA_PLUTÓNICA,295.6167665253095,49.92145428056982,7.879966307562041,482.4374666297712,254.42089253873306,66.79838234719303,0.19267612585063018,0.2771016733721021,7.58852540576144e-05,0.7670895473388871,-74.63783,6.440064
Productor - Subterráneo,Antioquia,Puerto Berrío,Caracolí,6.442077,-74.63219,Oro-Au,Oro-Au,Otros_depósitos_asociados_a_intrusivos,ROCA_ÍGNEA_PLUTÓNICA,280.8027999744413,49.89460426688219,7.690445542258222,449.9013530983898,243.44100451244694,74.9356138790478,0.1950363312984916,0.257615865908819,7.564892105787109e-05,0.7800778871225882,-74.63219,6.442077
Productor - Subterráneo,Antioquia,Puerto Berrío,Caracolí,6.44229,-74.62778,Oro-Au,Oro-Au,Otros_depósitos_asociados_a_intrusivos,ROCA_SEDIMENTARIA,272.8281430198077,49.881954219003724,7.560993891813163,438.47771460241046,248.24328988817885,78.48848612451815,0.15529724762207997,0.22217792281875112,6.0567385476133006e-05,0.7858812359282344,-74.62778,6.44229
Productor - Subterráneo,Antioquia,Puerto Berrío,Caracolí,6.44794,-74.629456,Oro-Au,Oro-Au,Otros_depósitos_asociados_a_intrusivos,ROCA_SEDIMENTARIA,177.93954638431518,49.85164670343994,7.5080232682372445,383.38154877125606,252.89397280859512,84.18841196397499,0.1020830675267927,0.21690110315403732,7.161892968590133e-05,0.5042234419043411,-74.629456,6.44794
Productor - Subterráneo,Antioquia,Puerto Berrío,Caracolí,6.450381,-74.62941,Oro-Au,Oro-Au,Otros_depósitos_asociados_a_intrusivos,ROCA_SEDIMENTARIA,137.6835378020278,49.83657965891742,7.465387180551689,349.559162934467,260.67488890109723,90.76683739134188,0.10211376305176346,0.21012125509387286,7.345389303783134e-05,0.4464556486474542,-74.62941,6.450381
Productor - Subterráneo,Antioquia,Puerto Berrío,Caracolí,6.452668,-74.629906,Oro-Au,Oro-Au,Otros_depósitos_asociados_a_intrusivos,ROCA_SEDIMENTARIA,126.073941053786,49.823831631448094,7.443147024149423,320.18735334097596,265.60479295245284,96.18313499006125,0.10177063685530673,0.21511877171521765,7.279823078365952e-05,0.38005029687455166,-74.629906,6.452668
Prospecto desarrollado,Antioquia,San Roque,San Roque,6.50383,-74.93714,Oro-Au,Oro-Au,Otros_depósitos_asociados_a_intrusivos,ROCA_ÍGNEA_PLUTÓNICA,66.36494737715542,49.944734211450125,4.0433714335587325,497.3841359582774,208.7596266894169,42.4499904366242,0.537673804443737,0.520518680902276,5.1953161189351324e-05,0.7671230477898235,-74.93714,6.50383
Prospecto,Antioquia,San Roque,San Roque,6.506181,-74.92619,Oro-Au,Oro-Au,Otros_depósitos_asociados_a_intrusivos,ROCA_ÍGNEA_PLUTÓNICA,62.75686535245596,49.92051608682383,4.624841154498027,501.14354779507977,205.9568359130082,40.270137278874856,0.4586371543134687,0.5649347059630202,5.40697273284189e-05,0.7556426139545769,-74.92619,6.506181
Prospecto desarrollado,Antioquia,San Roque,San Roque,6.508802,-74.91362,Oro-Au,Oro-Au,Otros_depósitos_asociados_a_intrusivos,ROCA_ÍGNEA_PLUTÓNICA,59.35198599294317,49.892628010107664,5.247216524071048,521.3696206110739,206.58292054988087,48.21372455131843,0.383694979118645,0.7047813678986627,5.456954086320828e-05,0.7699866868728275,-74.91362,6.508802
Productor - Subterráneo,Antioquia,Don Matías,La Montera,6.51542,-75.294521,Oro-Au,Oro-Au,Otros_depósitos_asociados_a_intrusivos,ROCA ÍGNEA PLUTÓNICA,100.96963791825348,49.803548065455544,8.726029690830552,911.1560849217504,358.6656007318634,69.23096602102727,2.862345554689627,0.47111683991955017,0.02366327762621088,1.2827211854030443,-75.294521,6.51542
Productor - Subterráneo,Antioquia,Santo Domingo,Cisneros,6.52429,-75.11799,Oro-Au,Oro-Au,Otros_depósitos_asociados_a_intrusivos,ROCA_ÍGNEA_PLUTÓNICA,62.55397838293681,49.89682988535759,6.643448060990874,651.3255757084534,197.48027582678912,41.33491600650185,2.4686711557934267,0.517146785390867,0.006242374282933879,0.9022437285639465,-75.11799,6.52429
Prospecto desarrollado,Antioquia,San Roque,San Roque,6.525542,-74.944824,Oro-Au,Oro-Au,Otros_depósitos_asociados_a_intrusivos,ROCA_ÍGNEA_PLUTÓNICA,69.38093441825909,49.7689325081273,3.9235370803182583,539.3257649773475,182.1178422431855,35.072569665651564,0.8063062465354,0.6282238217162677,5.445452269548044e-05,0.8357637263240574,-74.944824,6.525542
Productor pasado - Subterráneo,Antioquia,Santo Domingo,Cisneros,6.528658,-75.12332,Oro-Au,Oro-Au,Otros_depósitos_asociados_a_intrusivos,ROCA_ÍGNEA_PLUTÓNICA,60.000000707773715,49.85662287533523,6.866189501591515,652.1155451798761,209.42613540644086,41.41501202270614,2.478642850836111,0.4906295035006806,0.013700817786687232,1.0662605476815987,-75.12332,6.528658
Prospecto desarrollado,Antioquia,Santo Domingo,Cisneros,6.532483,-75.13222,Oro-Au,Oro-Au,Otros_depósitos_asociados_a_intrusivos,ROCA_ÍGNEA_PLUTÓNICA,65.09943130434114,49.82124171162906,7.190005853544613,626.0923898547879,243.9425564203704,43.372346583917015,2.5166908242464525,0.4539164200208198,0.023456768625933464,1.1924137980529512,-75.13222,6.532483
Productor - Subterráneo,Antioquia,Santo Domindo,Limón,6.532838,-75.130835,Oro-Au,Pirita-FeS2,Otros_depósitos_asociados_a_intrusivos,ROCA ÍGNEA PLUTÓNICA,64.86375645158444,49.81773958322726,7.149451424095337,621.5661277387522,243.5972448296747,43.00055973911208,2.513833376554819,0.45772330068120515,0.022020831967683868,1.189926120174231,-75.130835,6.532838
Productor pasado - Subterráneo,Antioquia,Santo Domingo,Cisneros,6.539236,-75.14113,Oro-Au,Oro-Au,Otros_depósitos_asociados_a_intrusivos,ROCA_ÍGNEA_PLUTÓNICA,67.91167105423348,49.75606109645251,7.515330550254995,572.2348243491479,268.77458251523854,46.122596150360536,2.576976984823625,0.4476167074049968,0.025326671950225754,1.406558122634232,-75.14113,6.539236
Productor - Subterráneo,Antioquia,Santa Rosa de Osos,San Ramón,6.611574,-75.370344,Oro-Au,Pirita-FeS2,Otros_depósitos_asociados_a_intrusivos,ROCA ÍGNEA PLUTÓNICA,83.22800476789378,48.50694701971284,8.280005116263595,597.3688833355046,372.30370671180765,85.86810459732354,2.602784870797985,0.22242156615809658,0.02688322148395065,1.226296597531153,-75.370344,6.611574
Ocurrencia,Antioquia,Santa Rosa de Osos,Playa Larga,6.615917,-75.401629,Oro-Au,,Otros_depósitos_asociados_a_intrusivos,ROCA ÍGNEA PLUTÓNICA,80.28273922468739,48.30248387664035,7.746766225955446,519.6731861044299,373.27630647717024,88.61002688274223,2.859724177433101,0.34951505215379874,0.03908811305601898,1.1940158054075871,-75.401629,6.615917
Productor - Subterráneo,Antioquia,Santa Rosa de Osos,Playa Larga,6.625394,-75.405612,Oro-Au,Pirita-FeS2,Otros_depósitos_asociados_a_intrusivos,ROCA ÍGNEA PLUTÓNICA,80.13423654073726,48.17772910462547,7.886419508949333,522.2852180607697,374.9187705446491,100.86228596472994,2.715863291067548,0.47912471386918437,0.039749336761778165,1.1852610806423818,-75.405612,6.625394
Productor - Subterráneo,Antioquia,Santa Rosa de Osos,Malambo,6.630846,-75.415517,Oro-Au,,Otros_depósitos_asociados_a_intrusivos,ROCA ÍGNEA PLUTÓNICA,79.40793555669562,48.06198489076857,7.84124691196484,470.9563073061653,375.48348518821126,111.6723445966752,2.490374425396645,0.8547121303218708,0.04000519928349826,1.1733706392454568,-75.415517,6.630846
Productor - Subterráneo,Antioquia,Gómez Plata,Angosturita,6.666415,-75.222407,Oro-Au,Pirita-FeS2,Otros_depósitos_asociados_a_intrusivos,ROCA ÍGNEA PLUTÓNICA,63.27537940566817,48.416411729024105,9.947465369101952,701.2838193262352,354.1624708443978,42.2927261412198,1.9254685469616406,0.16527966532337376,0.02179116567517451,1.464827355233832,-75.222407,6.666415
Ocurrencia,Antioquia,Liborina,Vereda San Diego,6.72435,-75.782732,Oro-Au,Oro-Au,Otros_depósitos_asociados_a_intrusivos,ROCA_METAMÓRFICA,108.47395320908669,43.407117250054185,10.232253444824334,399.7165995030693,564.3432265117877,149.55876032578504,0.15782104924844473,0.11663850935329033,0.0352880895770867,0.3943551051528398,-75.782732,6.72435
Ocurrencia,Antioquia,Sabanalarga,Vereda La Pedrona,6.787458,-75.802505,Oro-Au,Oro-Au,Otros_depósitos_asociados_a_intrusivos,ROCA_METAMÓRFICA,93.73491122050399,42.760939180636896,10.106727086633768,461.53051543232846,448.3127386756576,54.80404986550634,0.09247294577053547,0.07642411031395574,0.006982784950985322,0.2791056507990151,-75.802505,6.787458
Productor pasado - Subterráneo,Antioquia,Gómez Plata,Guadalupe,6.796625,-75.196754,Oro-Au,Oro-Au,Otros_depósitos_asociados_a_intrusivos,ROCA_ÍGNEA_PLUTÓNICA,76.22129813113771,47.2030398232525,10.062105388488817,519.1195185889085,324.3251793881854,75.71185456858858,0.24131485547572637,0.32584231404171277,0.03192358057321956,1.5912155801609758,-75.196754,6.796625
Productor pasado - Subterráneo,Antioquia,Guadalupe,Guadalupe,6.811369,-75.235916,Oro-Au,Oro-Au,Otros_depósitos_asociados_a_intrusivos,ROCA_ÍGNEA_PLUTÓNICA,61.062404254513005,46.966798597157684,10.128456337710261,548.1177389928181,319.4381224184073,85.33001999043496,0.14187443829831206,0.2449232457782642,0.027785310092818986,1.7719681023754603,-75.235916,6.811369
Productor pasado - Subterráneo,Antioquia,Guadalupe,Guadalupe,6.814571,-75.21202,Oro-Au,Oro-Au,Otros_depósitos_asociados_a_intrusivos,ROCA_SEDIMENTARIA,60.15966498703086,46.99710974659387,10.03615539721172,452.8546393296332,311.5574210951503,102.77054976020496,0.2131475682549648,0.4301819936208237,0.03919712083699423,1.596387249984523,-75.21202,6.814571
Ocurrencia,Antioquia,Guadalupe,Guanteros,6.828521,-75.227517,Oro-Au,Pirita-FeS2,Otros_depósitos_asociados_a_intrusivos,ROCA ÍGNEA PLUTÓNICA,58.5115887620611,46.82604641867679,10.001262967624806,505.02660423299454,310.67942267868864,87.350072931713,0.1733126125606388,0.3278338477053486,0.03099121189175008,1.5790348742786484,-75.227517,6.828521
Ocurrencia,Antioquia,Vegachí,Moná,6.880928,-74.758532,Oro-Au,Pirita-FeS2,Otros_depósitos_asociados_a_intrusivos,ROCA METAMORFICA,168.2576732892133,47.06692342792882,9.627796931168703,473.42903759061255,158.47635466195126,35.51521822709751,1.2180467692259898,0.5639979259488485,5.984805509301037e-05,2.365413456239938,-74.758532,6.880928
Productor pasado - Cielo abierto,Antioquia,Guadalupe,Amalfi,6.902773,-75.17522,Oro-Au,Pirita-FeS2,Otros_depósitos_asociados_a_intrusivos,ROCA_METAMÓRFICA,43.617677724594564,46.25706824114429,8.876289454768575,517.383962566979,278.7259240977903,78.17242553872309,0.14403501474266575,0.24527788643083362,0.027192149305375744,0.9224221038431237,-75.17522,6.902773
Productor - Subterráneo,Antioquia,Remedios,San Cristobal,6.924787,-74.740987,Oro-Au,Pirita-FeS2,Otros_depósitos_asociados_a_intrusivos,ROCA ÍGNEA PLUTÓNICA,187.33429471497928,46.76640144010221,9.28313534554291,482.87290709579656,158.49082741342596,36.01298469390518,1.287145770936054,0.49445476835518815,5.982891638958801e-05,2.2711539813127843,-74.740987,6.924787
Productor - Subterráneo,Antioquia,Amalfi,Romazón,6.992471,-75.001227,Oro-Au,Oro-Au,Otros_depósitos_asociados_a_intrusivos,ROCA METAMÓRFICA,90.13752421348629,45.719661822309305,0.5589376339774337,471.2770609845471,282.0815869676755,193.19059271985932,0.27335405013226866,0.4471362947982241,0.04352946202066809,0.9327947470606552,-75.001227,6.992471
Productor - Subterráneo,Antioquia,Amalfi,Romazón,6.997011,-75.000639,Oro-Au,Oro-Au,Otros_depósitos_asociados_a_intrusivos,ROCA METAMÓRFICA,90.76850822707657,45.67900695171991,0.22633803342375172,459.2210593286371,282.0801651859184,195.2103914333923,0.27327782628017533,0.44979843582768303,0.043744320994242566,0.8890962492608296,-75.000639,6.997011
Prospecto desarrollado,Antioquia,Remedios,Remedios,7.0245,-74.6972,Oro-Au,Oro-Au,Otros_depósitos_asociados_a_intrusivos,ROCA_ÍGNEA_PLUTÓNICA,125.95063820853801,46.12071446990562,8.756268068257826,484.961693206964,158.5041900824494,39.48050490776317,1.543821409247207,0.39113035277607877,0.007994302793605943,2.1290824400806416,-74.6972,7.0245
Productor - Subterráneo,Antioquia,Remedios,Segovia,7.0395,-74.8006,Oro-Au,<Nulo>,Otros_depósitos_asociados_a_intrusivos,ROCA_ÍGNEA_PLUTÓNICA,125.19696841912396,45.79731881814028,8.833642441135567,500.09543737468005,191.69742652091335,40.43913906518645,0.9623698776657817,0.650206186974453,0.04296331099020461,2.2088668456298466,-74.8006,7.0395
Productor - Subterráneo,Antioquia,Remedios,Segovia,7.042,-74.788,Oro-Au,<Nulo>,Otros_depósitos_asociados_a_intrusivos,ROCA_ÍGNEA_PLUTÓNICA,120.16580577016012,45.80579365259702,9.005903974203417,485.5484421502878,166.63952446100137,36.90904702848778,0.983427559438155,0.6510226667062339,0.042909886871251524,2.1374385506984175,-74.788,7.042
Productor - Subterráneo,Antioquia,Remedios,Segovia,7.04355,-74.7348,Oro-Au,<Nulo>,Otros_depósitos_asociados_a_intrusivos,ROCA_ÍGNEA_PLUTÓNICA,103.68999005327488,45.90775710063653,9.209478968494487,484.49045788118497,158.42574077296595,39.423569009806215,1.128469385319902,0.5470739306207049,0.028256166092823297,2.1330720665437717,-74.7348,7.04355
Productor - Subterráneo,Antioquia,Remedios,Segovia,7.0442,-74.7721,Oro-Au,<Nulo>,Otros_depósitos_asociados_a_intrusivos,ROCA_ÍGNEA_PLUTÓNICA,111.89178036039188,45.82367423079401,9.156927998624813,491.914275977304,158.47191580693274,39.500569934117536,1.0084225679127428,0.6182378943827804,0.03926322162006701,2.151884399360838,-74.7721,7.0442
Prospecto desarrollado,Antioquia,Remedios,Segovia,7.0604,-74.6943,Oro-Au,Oro-Au,Otros_depósitos_asociados_a_intrusivos,ROCA_ÍGNEA_PLUTÓNICA,107.05089482811802,45.87236413008159,9.021491645612189,485.451360792843,158.48393995828138,39.64695313073533,1.5243726399765967,0.4918912523830954,0.023775564201311303,2.100989786864803,-74.6943,7.0604
Prospecto desarrollado,Antioquia,Remedios,Segovia,7.0675,-74.7171,Oro-Au,Oro-Au,Otros_depósitos_asociados_a_intrusivos,ROCA_ÍGNEA_PLUTÓNICA,122.99630529314912,45.772537821057426,9.32920370809099,485.0901010509127,158.44402778874831,39.581354281698005,1.262732790951422,0.5465994426892352,0.028612350380489968,2.108879139092099,-74.7171,7.0675
Productor - Subterráneo,Antioquia,Remedios,Juan Bran,7.068246,-74.710556,Oro-Au,Pirita-FeS2,Otros_depósitos_asociados_a_intrusivos,ROCA ÍGNEA PLUTÓNICA,122.16295108070085,45.78152056281399,9.286141997852937,485.2166496603987,158.45398397432427,39.608665064264656,1.2686849331805161,0.5158085562044306,0.028355971095859706,2.1062186436254904,-74.710556,7.068246
Productor - Subterráneo,Antioquia,Remedios,Juan Bran,7.080558,-74.681191,Oro-Au,Pirita-FeS2,Otros_depósitos_asociados_a_intrusivos,ROCA ÍGNEA PLUTÓNICA,99.74740310120205,45.759095799687294,9.106233508129577,485.89770171842486,158.49060518861404,39.77341154002485,1.6866930226260486,0.4828347978199174,0.024182877529374126,2.0826949884842785,-74.681191,7.080558
Productor - Subterráneo,Antioquia,Segovia,Popales,7.082995,-74.709,Oro-Au,Oro-Au,Otros_depósitos_asociados_a_intrusivos,ROCA ÍGNEA PLUTÓNICA,115.65713345269224,45.67964573818724,9.451590062937045,485.38910790468645,158.44879855176518,39.66541685529382,1.3296442124022827,0.5341492874967276,0.028955107175197097,2.0956026989620904,-74.709,7.082995
Productor - Subterráneo,Antioquia,Segovia,El Aporriado,7.08593,-74.687458,Oro-Au,Oro-Au,Otros_depósitos_asociados_a_intrusivos,ROCA ÍGNEA PLUTÓNICA,84.03069202755654,45.70743443578759,9.271541341531083,485.8149084550801,158.47848915176505,39.76170148109611,1.5046820710251751,0.5120707208519435,0.026000121363631744,2.081716253909647,-74.687458,7.08593
Productor - Subterráneo,Antioquia,Segovia,Fraguas,7.290834,-74.84087,Oro-Au,Pirita-FeS2,Otros_depósitos_asociados_a_intrusivos,ROCA METAMÓRFICA,226.20564801627313,43.78196776865196,10.635605937939566,570.3075135625235,290.19077615192043,286.8014097174523,0.1362933407081139,0.41386231617460245,0.060297682216255914,0.6283069111861465,-74.84087,7.290834
Productor - Subterráneo,Antioquia,Zaragoza,El Limón,7.449128,-74.863153,Oro-Au,Oro-Au,Otros_depósitos_asociados_a_intrusivos,ROCA METAMÓRFICA,307.07217522758384,42.518010805061884,8.506572815359169,601.899977732915,279.2292590918645,289.35178077881903,0.11583968054597762,0.39335695269589127,0.06110624381220203,0.6211613889043658,-74.863153,7.449128
Productor - Subterráneo,Antioquia,Zaragoza,Vereda Cordero,7.528556,-74.804886,Oro-Au,Oro-Au,Otros_depósitos_asociados_a_intrusivos,ROCA_ÍGNEA_PLUTÓNICA,167.00010133169786,42.23453540993445,11.050144516740907,606.8708979253295,279.24434175681887,288.37585152139076,0.11578621014444536,0.38715742662587893,0.06093057496011924,0.6240257326250539,-74.804886,7.528556
Productor pasado - Subterráneo,Antioquia,Zaragoza,Naranjal,7.562547,-74.830091,Oro-Au,,Otros_depósitos_asociados_a_intrusivos,ROCA ÍGNEA PLUTÓNICA,304.03512299085145,41.930293241901005,10.321978861191807,605.7357189726598,279.274187041831,283.085725445885,0.1247833414488044,0.3849028088203052,0.06089078444698223,0.6222708586375406,-74.830091,7.562547
Productor - Subterráneo,Antioquia,Zaragoza,Naranjal,7.566028,-74.819028,Oro-Au,Oro-Au,Otros_depósitos_asociados_a_intrusivos,ROCA ÍGNEA PLUTÓNICA,301.56310828209376,41.95451617500554,10.823435784597642,603.7112761543291,279.2696392547281,283.09279422798204,0.12043121410361159,0.3847244904279744,0.06088149039886241,0.6228822513607809,-74.819028,7.566028
Prospecto,Risaralda,Santa Rosa De Cabal,<Nulo>,4.91706,-75.698348,Oro-Au,Oro-Au,Pórfido,ROCA ÍGNEA VOLCÁNICA,40.61124575943265,42.93708152569128,9.973248973844349,701.8880757056506,666.2882195897606,159.47697813641147,2.1734851211639126,0.14253313166316636,0.6109945824828501,1.5430710990836938,-75.698348,4.91706
Productor pasado - Subterráneo,Caldas,Villamaría,La Enea,5.014385,-75.42163,Oro-Au,Oro-Au,Pórfido,ROCA_ÍGNEA_VOLCÁNICA,27.126688258182444,44.921274474182496,5.351608031505705,932.3688016226938,3168.4769937382976,175.21820445411825,1.1046048443357117,0.15547691983612696,1.019118931063642,19.09152977206311,-75.42163,5.014385
Ocurrencia,Caldas,Neira,Neira,5.195965,-75.41624,Oro-Au,Oro-Au,Pórfido,ROCA_ÍGNEA_VOLCÁNICA,215.0019708076383,46.585383890960614,9.34234317833414,1066.2456699080801,196.53729682356195,185.69023417462896,1.228208712284166,0.26022877029993197,0.02212463726929735,0.9075778451345557,-75.41624,5.195965
Ocurrencia,Caldas,Anserma,Anserma,5.23465,-75.76639,Molibdeno-Mo,Molibdenita-MoS2,Pórfido,ROCA_ÍGNEA_VOLCÁNICA,63.42174851156152,43.98245452003236,10.352744803578487,362.12804873267646,154.1913166483431,301.01839296213257,0.05129184113974748,0.10646864547121752,0.0003322316216349627,0.2740110591700146,-75.76639,5.23465
Productor pasado - Subterráneo,Caldas,Anserma,Anserma,5.244323,-75.725903,Cobre-Cu,Calcosina-β-Cu2S,Pórfido,ROCA_ÍGNEA_PLUTÓNICA,57.302389998873956,44.390394697120115,10.350572649345473,427.3745393099733,165.01074133305067,284.46820777666636,0.0321233304700012,0.14820256041854485,9.412096059740326e-05,0.32181983519280544,-75.725903,5.244323
Ocurrencia,Caldas,Neira,Irra,5.245389,-75.684469,Oro-Au,Oro-Au,Pórfido,ROCA_ÍGNEA_PLUTÓNICA,68.9039940410479,44.76179262896215,10.174468432933107,1414.4513884949804,165.54301655239925,190.85225922603684,0.5889333313840908,0.21514956539034338,0.00015547590280501952,0.6729650289189439,-75.684469,5.245389
Ocurrencia,Caldas,Neira,Irra,5.2475,-75.677999,Oro-Au,Oro-Au,Pórfido,ROCA_ÍGNEA_PLUTÓNICA,66.02080059811684,44.83267180832844,10.135235816575493,1293.0582880219183,163.1580126963789,219.41570024256944,0.9633801145472473,0.2083961488239384,0.000159664760526147,0.5567694951278375,-75.677999,5.2475
Ocurrencia,Caldas,Neira,Irra,5.248063,-75.687159,Oro-Au,Oro-Au,Pórfido,ROCA_ÍGNEA_PLUTÓNICA,69.58938779426184,44.75571575358036,10.191528958552533,1487.5244485588892,163.12838763945436,211.92002168997215,0.5821564761087145,0.2374194614465923,0.0001554460399584686,0.6730988808846368,-75.687159,5.248063
Ocurrencia,Caldas,Neira,Irra,5.248992,-75.678131,Oro-Au,Oro-Au,Pórfido,ROCA_ÍGNEA_PLUTÓNICA,66.75435367916529,44.84153974786155,10.136488312391428,1299.3767598134064,160.72416635304774,226.63744393877803,1.0006182489878288,0.21388334487386648,0.00015894450083888694,0.56007737993874,-75.678131,5.248992
Ocurrencia,Caldas,Neira,Irra,5.256142,-75.682038,Oro-Au,Oro-Au,Pórfido,ROCA_ÍGNEA_PLUTÓNICA,70.32930299474938,44.85473454137701,10.1591295347527,1460.3464721927596,160.73406680037604,269.53098090400226,1.128794572197069,0.2609863098371455,0.0001615980027496056,0.8863329509232163,-75.682038,5.256142
Ocurrencia,Caldas,Neira,Irra,5.25777,-75.68297,Oro-Au,Oro-Au,Pórfido,ROCA_ÍGNEA_PLUTÓNICA,70.67117565013496,44.857239837062856,10.163517682215682,1524.6591415138796,160.73564473937816,284.6184945928216,1.1655167422401127,0.2757426394969151,0.00016236661243787385,0.891519366091317,-75.68297,5.25777
Prospecto,Risaralda,Quinchía,Quinchía,5.288013,-75.687157,Oro-Au,<Nulo>,Pórfido,ROCA_SEDIMENTARIA,63.09223901827167,45.020815644335045,10.106423994838803,912.1337020049717,180.48664654369605,209.38086474917816,4.829024664882483,0.4200246051563726,0.00017133519287921688,1.035293255340816,-75.687157,5.288013
Prospecto,Risaralda,Quinchía,Quinchía,5.293579,-75.714225,Oro-Au,Calcopirita-CuFeS2,Pórfido,ROCA_ÍGNEA_VOLCÁNICA,10.353624652057286,44.795969448523536,10.220118255285348,500.3536503955838,163.4779374869483,176.81145660483628,0.928579903187807,0.15459521641949053,0.0002037435602600024,1.238358132413915,-75.714225,5.293579
Prospecto,Risaralda,Quinchía,Quinchía,5.300283,-75.711633,Oro-Au,Calcopirita-CuFeS2,Pórfido,ROCA_ÍGNEA_VOLCÁNICA,13.364711761640825,44.86342560864448,10.17734931592522,486.96379113267403,176.91691944334144,129.2086783608347,1.5008456898673914,0.15952787687202988,0.00018923823624066269,1.127907181416512,-75.711633,5.300283
Prospecto,Risaralda,Quinchía,Quinchía,5.307351,-75.711402,Oro-Au,Calcopirita-CuFeS2,Pórfido,ROCA_ÍGNEA_VOLCÁNICA,8.72674687116062,44.91046188163493,10.137667621761716,413.1140182403785,183.75480369578696,131.9872703209706,1.3551682450094225,0.14360167489112965,0.0001618127234723187,0.9318634360409999,-75.711402,5.307351
Productor pasado - Subterráneo,Caldas,Aguadas,Pácora,5.492469,-75.34369,Oro-Au,Oro-Au,Pórfido,ROCA_ÍGNEA_PLUTÓNICA,90.5327361000096,50.172623827356105,7.8116224888600305,662.0928157824553,252.34126603800857,74.0141715824211,0.3321783910212914,0.30573984124416664,0.02822471243514888,1.2387193072856975,-75.34369,5.492469
Prospecto,Caldas,Pensilvania,Pensilvania,5.4985,-75.16944,Oro-Au,Oro-Au,Pórfido,ROCA_SUBVOLCÁNICA_HIPOABISAL,2.3000092488365422,51.392703107898974,8.155250599408138,653.5325905293003,222.6385662262885,64.54073509859583,0.0664232074041645,0.24623298112891173,0.011418246286673081,0.4153658209624716,-75.16944,5.4985
Prospecto,Antioquia,Caramanta,Caramanta,5.5458,-75.5819,Oro-Au,Pirita-FeS2,Pórfido,ROCA_METAMÓRFICA,14.018414017448453,48.27974291701178,5.577091645536697,159.29896072195717,2458.136612597096,35.57623721967283,2.208432711717347,1.602820314309815,0.0005893365855509106,3.3696783283701324,-75.5819,5.5458
Prospecto,Antioquia,Caramanta,Caramanta,5.552413,-75.687975,Oro-Au,Electrum,Pórfido,ROCA_ÍGNEA_VOLCÁNICA,13.161698537989787,46.913831033615814,8.676249746146583,396.87610387049256,2315.2102360106574,32.87673202637793,0.47326746720198876,0.4405189884578981,0.03354141857896139,4.889959962064775,-75.687975,5.552413
Prospecto,Antioquia,Caramanta,Caramanta,5.556044,-75.688958,Oro-Au,Electrum,Pórfido,ROCA_ÍGNEA_VOLCÁNICA,12.634883991715407,46.92790999193973,8.717566610316602,399.2827157563432,2212.774325001106,32.92392693143749,0.47520933304131785,0.4737124062830702,0.028426271187554104,5.188137017595295,-75.688958,5.556044
Prospecto,Antioquia,Caramanta,Caramanta,5.558479,-75.686242,Oro-Au,Electrum,Pórfido,ROCA_ÍGNEA_VOLCÁNICA,12.540384685168961,46.98595251446305,8.693605833524034,381.47516679360945,2241.6554172079996,32.047865364160195,0.4673710424903824,0.49969299268491846,0.02498779993400416,5.459964220043602,-75.686242,5.558479
Ocurrencia,Caldas,Aguadas,Salineros,5.56217,-75.55739,Oro-Au,Oro-Au,Pórfido,ROCA_METAMÓRFICA,25.620378661392326,48.74038275079849,5.1492435642746,323.1887878883652,2206.7336349280677,48.57228243488986,1.1951344657656384,0.6921864067804844,0.08449509516476518,3.836520097041632,-75.55739,5.56217
Prospecto,Antioquia,Caramanta,Caramanta,5.57628,-75.687452,Oro-Au,Electrum,Pórfido,ROCA_ÍGNEA_VOLCÁNICA,10.488151015254207,47.107862743136636,8.863308849522484,170.72246564527276,1401.5238852089728,34.58241925876591,0.5990749604736549,0.4688994853247941,0.00013834884853447047,3.5828321061283903,-75.687452,5.57628
Productor pasado - Subterráneo,Antioquia,Nariño,Nariño,5.578852,-75.14449,Oro-Au,Oro-Au,Pórfido,ROCA_SUBVOLCÁNICA_HIPOABISAL,12.944583894078471,52.17783693370754,8.087980107679103,738.731523543285,216.6795798987065,54.29349011523467,0.046810260386295086,0.21040152952659263,4.747509329838676e-05,0.4538999564957,-75.14449,5.578852
Prospecto,Antioquia,Nariño,Nariño,5.613104,-75.10746,Oro-Au,Oro-Au,Pórfido,ROCA_SUBVOLCÁNICA_HIPOABISAL,23.12390088226994,52.53602623062345,7.878126085274395,788.4830943834913,217.86293155692263,66.25715369771468,0.04822139029267926,0.21164085326648463,0.0004262423403219934,0.4385863326960972,-75.10746,5.613104
Prospecto,Caldas,Samaná,Samaná,5.62423,-75.06035,Oro-Au,Oro-Au,Pórfido,ROCA_SUBVOLCÁNICA_HIPOABISAL,5.942158073635033,52.69454058849201,7.299276203549026,976.73750886507,151.6095173228283,144.32525147282487,0.07720590394374682,0.14918216328815587,4.163692208047874e-05,1.560934613357625,-75.06035,5.62423
Prospecto,Antioquia,Jericó,Jericó,5.721734,-75.730804,Oro-Au,Oro-Au,Pórfido,ROCA_ÍGNEA_VOLCANICLÁSTICA,19.82701663504102,47.46928919800104,10.277548377859501,335.4095531404494,680.1795223423509,38.41712774832547,0.21267125385567043,0.18415073108513974,0.009230305272430133,2.572009744123731,-75.730804,5.721734
Prospecto,Antioquia,Jericó,Jericó,5.736068,-75.77406,Oro-Au,Oro-Au,Pórfido,ROCA_ÍGNEA_VOLCANICLÁSTICA,22.83496640348786,46.73912045413889,10.292927523808373,442.9593021352894,410.0943955430002,48.38728171129132,0.16219978574103308,0.19444594573214016,0.0002760482090371116,3.8516259053633273,-75.77406,5.736068
Prospecto desarrollado,Antioquia,Jericó,Jericó,5.745157,-75.73768,Cobre-Cu,Calcopirita-CuFeS2,Pórfido,ROCA_ÍGNEA_VOLCÁNICA,17.736542137954615,47.491400031152885,10.325276604632968,429.9644787109431,916.489212303058,63.36560737663351,0.85014979704388,0.6077175768544224,0.002263376386261844,7.026275839099828,-75.73768,5.745157
Prospecto,Antioquia,Jericó,Jericó,5.745233,-75.75939,Oro-Au,Oro-Au,Pórfido,ROCA_ÍGNEA_VOLCANICLÁSTICA,21.727964907026315,47.0726295782664,10.326803474974751,318.3128718084127,591.7868116901466,32.08520038679177,0.5038080863746129,0.36739429588177475,0.001877284831925849,4.403858994351711,-75.75939,5.745233
Prospecto,Antioquia,Jericó,Jericó,5.754103,-75.72752,Cobre-Cu,Calcopirita-CuFeS2,Pórfido,ROCA_ÍGNEA_VOLCANICLÁSTICA,8.791076084297897,47.744795134168044,10.30823665543589,584.4590136013237,698.5949831711351,24.46903004423147,0.45013587294533114,0.39273626740719686,0.0014666287047382597,5.699600955976755,-75.72752,5.754103
Prospecto,Antioquia,Jericó,Jericó,5.755554,-75.725204,Cobre-Cu,Calcopirita-CuFeS2,Pórfido,ROCA_ÍGNEA_VOLCANICLÁSTICA,8.053424741234686,47.79918527352563,10.302178516785022,480.2639903952377,687.8495628801854,27.140420586275432,0.4440174268252272,0.34446148781700064,0.00503986818707419,4.750756364297251,-75.725204,5.755554
Prospecto desarrollado,Antioquia,Fredonia,Venecia,5.921741,-75.73086,Oro-Au,Oro-Au,Pórfido,ROCA_ÍGNEA_VOLCANICLÁSTICA,7.751371070097991,48.50563038303315,9.269120696872927,463.6909277271614,1818.6606867426478,27.790891614755154,2.4127138731912607,0.40918090992093314,0.0006776703279788338,4.413747764912963,-75.73086,5.921741
Prospecto desarrollado,Antioquia,Fredonia,Fredonia,5.922205,-75.723015,Oro-Au,Oro-Au,Pórfido,ROCA_SUBVOLCÁNICA_HIPOABISAL,33.59331631083205,48.69813192828,9.224137943241514,526.5478108952509,1757.854869098808,35.06755800101486,2.9601040857499745,0.3483103659004529,0.0010425741362067452,5.594182318860772,-75.723015,5.922205
Prospecto desarrollado,Antioquia,Fredonia,Venecia,5.927006,-75.730576,Oro-Au,Oro-Au,Pórfido,ROCA_SUBVOLCÁNICA_HIPOABISAL,17.134002156101655,48.526754262643045,9.229771549576677,483.1087909415347,2139.305033897467,31.509076772054954,2.4116346959728667,0.36594292813710505,0.0005990820322074274,4.1469126238400404,-75.730576,5.927006
Prospecto desarrollado,Antioquia,Venecia,Venecia,5.930725,-75.731346,Oro-Au,Oro-Au,Pórfido,ROCA_SUBVOLCÁNICA_HIPOABISAL,36.53345755833843,48.5172879811771,9.207414791266828,490.2612215671754,2217.9336469503496,33.213988623281715,1.6873856094742303,0.37180786543264693,0.00046358972199262496,2.8464230101369052,-75.731346,5.930725
Prospecto,Antioquia,Titiribí,Vereda La Meseta,6.035682,-75.80598,Oro-Au,Oro-Au,Pórfido,ROCA_SUBVOLCÁNICA_HIPOABISAL,90.65943058214349,46.68573413491903,8.65399812842418,196.14652478661043,1139.3004748597223,75.87752445286506,0.46644350210362495,0.36142023799739303,7.168228133630596e-05,0.9637857800849515,-75.80598,6.035682
Prospecto,Antioquia,Titiribí,Vereda El Porvenir,6.037978,-75.77931,Oro-Au,Oro-Au,Pórfido,ROCA_SUBVOLCÁNICA_HIPOABISAL,100.82748442951734,47.34986055379944,8.966203318437282,160.4547124839676,839.2746297825036,46.86140550027972,0.21881056721382938,0.1316347833711399,7.437749772922183e-05,0.5763524720258225,-75.77931,6.037978
Prospecto,Antioquia,Titiribí,Vereda La Meseta,6.044502,-75.80062,Oro-Au,Oro-Au,Pórfido,ROCA_SUBVOLCÁNICA_HIPOABISAL,79.99583390113303,46.80846166342626,8.775288031064534,137.99948190122436,793.3033764799837,62.95789416057078,0.5048486356134236,0.4051427840210968,8.952819812707817e-05,1.901500592576213,-75.80062,6.044502
Prospecto,Antioquia,Titiribí,Vereda La Meseta,6.050973,-75.81137,Oro-Au,Oro-Au,Pórfido,ROCA_SUBVOLCÁNICA_HIPOABISAL,76.12389191665363,46.53259034205579,8.661011396113455,126.12658675385701,758.3065820289579,60.738320748189274,0.5277818355205426,0.609389049856043,9.15908217069439e-05,1.7828782914169334,-75.81137,6.050973
Prospecto,Antioquia,Titiribí,Vereda La Meseta,6.052212,-75.78873,Oro-Au,Oro-Au,Pórfido,ROCA_SUBVOLCÁNICA_HIPOABISAL,62.33085722615419,47.09310427786862,8.956304079935713,180.44350287057972,1079.7373778048643,68.50385085134585,0.26507289686018115,0.22031566187045706,0.0001167142280170768,2.6566124569228013,-75.78873,6.052212
Prospecto,Antioquia,Titiribí,Vereda La Meseta,6.057015,-75.80117,Oro-Au,<Nulo>,Pórfido,ROCA_SUBVOLCÁNICA_HIPOABISAL,46.83763711813209,46.77637062565243,8.846807203713816,117.92990277324564,44.738018913418486,43.168834388708326,0.254305062837984,0.4002927946404381,3.220811128587092e-05,0.7919460398478753,-75.80117,6.057015
Prospecto,Antioquia,Titiribí,Vereda La Meseta,6.063294,-75.810776,Oro-Au,Oro-Au,Pórfido,ROCA_SUBVOLCÁNICA_HIPOABISAL,57.83595767489075,46.52891127150391,8.761891258311987,115.71405054290986,324.9722095922388,45.24163067176707,0.47721757168023343,1.162488848235545,9.31082677957528e-05,2.1387740497322114,-75.810776,6.063294
Prospecto,Antioquia,Titiribí,Vereda Otramina,6.066661,-75.812355,Oro-Au,<Nulo>,Pórfido,ROCA_SUBVOLCÁNICA_HIPOABISAL,60.40705338023037,46.48454979046797,8.76630406948969,110.46374230884828,87.95740030584749,28.32969587601037,0.35272999517413944,1.4458530991643552,8.001938245490391e-05,1.3365682579776736,-75.812355,6.066661
Prospecto,Antioquia,Frontino,Pantanos,6.715179,-76.557967,Cobre-Cu,Calcopirita-CuFeS2,Pórfido,ROCA ÍGNEA PLUTÓNICA,42.80827293745911,33.90262235453856,9.639642497425257,63.883207088538676,269.70275802631994,5.000001762846166,0.2809541550700103,0.08553372480210412,0.005147838765570244,5.332359058993545,-76.557967,6.715179
Prospecto desarrollado,Antioquia,Dabeiba,Murindó,6.719704,-76.56147,Cobre-Cu,Calcopirita-CuFeS2,Pórfido,ROCA_ÍGNEA_PLUTÓNICA,42.749666360317896,33.88429283597304,9.739064770810861,65.72378109800522,261.57464838620626,17.508208321094568,0.27808051203444495,0.08525377642138264,0.005153482369451469,5.29924508292429,-76.56147,6.719704
Prospecto desarrollado,Antioquia,Dabeiba,Murindó,6.734895,-76.56998,Cobre-Cu,Calcopirita-CuFeS2,Pórfido,ROCA_ÍGNEA_PLUTÓNICA,43.1001979092783,33.841963925772745,9.983566943326561,91.00670453336724,274.6080655888738,10.962390998181297,0.2669949649335911,0.08440966432197283,0.005168711113810882,5.288073747227235,-76.56998,6.734895
Prospecto,Antioquia,Dabeiba,Dabeiba,6.869618,-76.40377,Cobre-Cu,Cobre-Cu,Pórfido,ROCA_ÍGNEA_PLUTÓNICA,26.106320851769965,35.0989202542338,8.039261710242794,410.89930586441494,552.2900116623748,143.31315663473646,0.19753874232944513,0.08201121930866702,0.005011457754433688,2.4967470273635777,-76.40377,6.869618
Ocurrencia,Caldas,Samaná,Samaná,5.421325,-74.955815,Oro-Au,Oro-Au,Pórfido,ROCA_SUBVOLCÁNICA_HIPOABISAL,17.289006308694358,51.38037851389869,6.311684597572046,619.976811505589,222.5738028576686,122.19145679586745,0.2747088831755454,0.1807599421164242,0.0012971109624469518,0.6402628256289226,-74.955815,5.421325
Productor pasado - Subterráneo,Caldas,Manzanares,Aguabonita,5.186912,-75.12082,Manganeso-Mn,Oro-Au,Sin_Clasificar,ROCA_METAMÓRFICA,218.27967401270496,48.566222088891564,14.578888088998468,826.7394510392328,383.2935910703022,102.50266652014146,0.17950912318614845,0.18626496584645,0.0012450297909117486,0.37808582877196684,-75.12082,5.186912
Productor pasado - Subterráneo,Caldas,Manzanares,Aguabonita,5.186957,-75.12085,Manganeso-Mn,Pirolusita-MnO2,Sin_Clasificar,ROCA_METAMÓRFICA,218.21692728649955,48.56649942064948,14.57729718608365,828.0582040568762,384.1523534569132,102.68026420001151,0.17906200404828343,0.18627900862846394,0.0012473155352843131,0.3780660346653231,-75.12085,5.186957
Productor pasado - Subterráneo,Caldas,Manzanares,Aguabonita,5.189547,-75.12936,Manganeso-Mn,Pirolusita-MnO2,Sin_Clasificar,ROCA_METAMÓRFICA,216.50849093644362,48.54748216065637,14.38422393553632,911.6653407038889,464.262078808388,120.94424837279423,0.10301512285545512,0.20231546747915413,0.0010501519307432449,0.37739807632909483,-75.12936,5.189547
Productor pasado - Subterráneo,Caldas,Manzanares,Aguabonita,5.189574,-75.12931,Manganeso-Mn,Pirolusita-MnO2,Sin_Clasificar,ROCA_METAMÓRFICA,216.44945914814457,48.54800136377796,14.384324085644243,912.450738369117,463.8868421142264,121.85190614397972,0.10250846567326011,0.20263444559406843,0.00104920124884531,0.3775698045711477,-75.12931,5.189574
Productor pasado - Subterráneo,Caldas,Manzanares,Aguabonita,5.189692,-75.129196,Manganeso-Mn,Pirolusita-MnO2,Sin_Clasificar,ROCA_METAMÓRFICA,216.2042089893438,48.549725611250395,14.383188551480941,914.4878548068245,461.5391505561991,122.89884908858116,0.10163457261799508,0.2038757697957906,0.0010727075019996383,0.37923680550443384,-75.129196,5.189692
Productor pasado - Subterráneo,Caldas,Manzanares,Aguabonita,5.20494,-75.18637,Manganeso-Mn,Pirolusita-MnO2,Sin_Clasificar,ROCA_METAMÓRFICA,152.0155690984262,48.373897871239166,13.246913998656831,638.5138617080247,148.37696151861093,100.9348620100215,0.14960422021466374,0.14896341802519472,0.009358805321256202,0.3921443353750262,-75.18637,5.20494
Productor - Subterráneo,Antioquia,Andes,La Cristalina,5.531889,-75.886694,Oro-Au,,Sin_Clasificar,ROCA SEDIMENTARIA,16.95139422086964,43.829957505509945,6.565327191895755,974.5885564234521,154.7003359221086,99.26484767955805,15.863232308174538,0.3186734383054353,0.07653302749835231,5.875234869751253,-75.886694,5.531889
Productor pasado - Subterráneo,Antioquia,Andes,Reserva Forestal,5.53362,-75.981415,Oro-Au,,Sin_Clasificar,ROCA ÍGNEA PLUTÓNICA,20.020801346372693,42.44549655013363,2.6192324568130463,240.32983067187737,618.5623423291526,225.9635094972671,856.3865071241466,1.6224173876691537,0.2532014774003226,6.94731329355102,-75.981415,5.53362
Productor - Subterráneo,Antioquia,Andes,La Avanzada,5.549417,-75.896139,Oro-Au,,Sin_Clasificar,ROCA SEDIMENTARIA,15.91821704926278,43.75821559720998,6.467987137797586,996.0039646901756,690.0196561033167,127.12254544084375,86.38220259525177,0.45035948735007714,0.03410364708374454,22.640685331162153,-75.896139,5.549417
Productor - Subterráneo,Antioquia,Andes,La Avanzada,5.549833,-75.896194,Oro-Au,,Sin_Clasificar,ROCA SEDIMENTARIA,15.897059680979256,43.759073901906575,6.473171216803211,990.5423482915244,675.9016904175086,128.42957100100224,86.86985245424671,0.4386700066707591,0.03456699846172249,21.62536156770583,-75.896194,5.549833
Productor - Subterráneo,Antioquia,Andes,La Avanzada,5.550028,-75.898472,Oro-Au,,Sin_Clasificar,ROCA SEDIMENTARIA,15.860648488701939,43.72516673221244,6.396236634762714,976.6120435668537,594.1947367347293,126.64485450789823,98.74972567137993,0.4112940063427282,0.04145316606611214,17.208718977526697,-75.898472,5.550028
Productor - Subterráneo,Antioquia,Andes,La Avanzada,5.550556,-75.898167,Oro-Au,,Sin_Clasificar,ROCA SEDIMENTARIA,15.838318774364044,43.73195473330784,6.416396799366439,978.3192219616282,594.7395191408756,127.04013651415406,96.70528215209532,0.4114752979680661,0.040338606866298136,17.15132042801061,-75.898167,5.550556
Productor - Subterráneo,Antioquia,Andes,La Borraja,5.552278,-75.907944,Oro-Au,,Sin_Clasificar,ROCA SEDIMENTARIA,15.598476606196826,43.59013219045594,6.099577170033961,965.2140368126162,386.2651395538244,103.64270551463679,101.67532866158221,0.34158632799672656,0.04744393332416305,9.534564686277568,-75.907944,5.552278
Productor - Subterráneo,Antioquia,Andes,La Borraja,5.553618,-75.91365,Oro-Au,,Sin_Clasificar,ROCA SEDIMENTARIA,15.413009584216699,43.50886586819975,5.921096252563844,867.319728168728,750.5837893374962,134.87740264141047,99.4066146293131,0.39976857729885834,0.04340904460602837,10.674303823650677,-75.91365,5.553618
Productor - Subterráneo,Antioquia,Andes,La Avanzada,5.553644,-75.894722,Oro-Au,,Sin_Clasificar,ROCA SEDIMENTARIA,13.648793869466694,43.797161169702235,6.590383890843255,937.1268599947376,585.6549027866847,148.71354605709777,90.41420987430772,0.3819956880828539,0.03679058360085655,14.702945871176961,-75.894722,5.553644
Productor pasado - Subterráneo,Antioquia,Andes,La Borraja,5.554944,-75.908306,Oro-Au,,Sin_Clasificar,ROCA SEDIMENTARIA,15.458521815613663,43.59523609943785,6.142760415127219,1030.9260530410456,469.27672679516985,108.90723000531523,111.77021899722055,0.37477206435620963,0.06470961672896694,9.199851558429812,-75.908306,5.554944
Productor pasado - Subterráneo,Antioquia,Andes,La Borraja,5.555111,-75.908639,Oro-Au,,Sin_Clasificar,ROCA SEDIMENTARIA,15.443713431642687,43.59083680280791,6.134518039636691,1014.2827814130936,475.545226095783,112.86638901452973,116.97109913314709,0.37442813264608715,0.06001143770110676,9.109955113692797,-75.908639,5.555111
Productor pasado - Subterráneo,Antioquia,Andes,Reserva Forestal,5.555596,-75.937264,Oro-Au,Oro-Au,Sin_Clasificar,ROCA ÍGNEA PLUTÓNICA,14.684081177358198,43.16168926324084,5.1094619356345055,779.5469216232215,1230.4330352753032,163.37367312182477,1301.9990978170647,2.1922207283001267,0.7471755903169712,10.344742903752051,-75.937264,5.555596
Productor - Subterráneo,Antioquia,Andes,Reserva Forestal,5.581594,-75.9465,Oro-Au,,Sin_Clasificar,ROCA ÍGNEA PLUTÓNICA,12.098968641519399,43.122968170468326,5.740927928832273,493.2226117134116,2879.223475656162,106.68796655321967,142.792016536899,3.5614251877802263,0.1299139848776664,8.366327090609726,-75.9465,5.581594
Productor - Subterráneo,Antioquia,Andes,Reserva Forestal,5.584056,-75.946556,Oro-Au,,Sin_Clasificar,ROCA ÍGNEA PLUTÓNICA,12.037523458979752,43.13128733256238,5.83009179487464,437.1964138871325,2990.526994700834,104.86761835982045,40.65478303700553,4.112514786760305,0.08238809152441633,7.163289347073306,-75.946556,5.584056
Productor pasado - Subterráneo,Antioquia,Andes,La Soledad,5.58587,-75.924095,Oro-Au,,Sin_Clasificar,ROCA SEDIMENTARIA,12.542440052746873,43.47663376330248,6.454402209835939,889.9667184158181,1546.021929425331,128.95121484028445,496.58100141439496,1.362520358005771,0.028764233042935478,11.859369339037299,-75.924095,5.58587
Productor pasado - Subterráneo,Antioquia,Andes,La Soledad,5.586203,-75.93588,Oro-Au,,Sin_Clasificar,ROCA SEDIMENTARIA,12.242858423540417,43.29899672403265,6.162659280994908,647.3850941209671,2836.88452491466,99.9048530736927,270.01078525806656,2.6644991523342028,0.11853867382061027,10.666658472396119,-75.93588,5.586203
Productor - Subterráneo,Antioquia,Andes,Reserva Forestal,5.58625,-75.944194,Oro-Au,,Sin_Clasificar,ROCA ÍGNEA PLUTÓNICA,12.04000302014292,43.17454584641243,5.964442254246608,432.65609272168945,3399.1138341553733,105.55223950787345,66.1019871468104,4.179142127144604,0.07031288632159632,7.859666464608388,-75.944194,5.58625
Productor - Subterráneo,Antioquia,Andes,Reserva Forestal,5.586278,-75.944028,Oro-Au,,Sin_Clasificar,ROCA ÍGNEA PLUTÓNICA,12.043273854665387,43.17712389176538,5.96929162091499,435.6130089149313,3416.0289144009375,106.00999822548468,67.89678880029349,4.150851562018829,0.07159617283651003,7.9471629380967075,-75.944028,5.586278
Productor - Subterráneo,Antioquia,Andes,Reserva Forestal,5.586556,-75.942444,Oro-Au,,Sin_Clasificar,ROCA ÍGNEA PLUTÓNICA,12.07464060074884,43.20179801087473,6.016102495942929,462.64861677468747,3501.661062460091,108.45157331731103,102.05834839729906,3.8810984899028607,0.08305342172137069,8.781554645415738,-75.942444,5.586556
Productor - Subterráneo,Antioquia,Andes,Reserva Forestal,5.586583,-75.942639,Oro-Au,,Sin_Clasificar,ROCA ÍGNEA PLUTÓNICA,12.069349029974868,43.19898514516517,6.012482016756844,458.58025563305733,3507.978935842051,108.29972091938893,83.25085864902258,3.922372111917388,0.08104803581457423,8.706414865875058,-75.942639,5.586583
Productor - Subterráneo,Antioquia,Andes,Reserva Forestal,5.586583,-75.943583,Oro-Au,,Sin_Clasificar,ROCA ÍGNEA PLUTÓNICA,12.0467980097181,43.184892792448856,5.990476413571181,440.170138760659,3489.244501799172,107.37031549693373,70.07208316012192,4.108227978539124,0.07235683820238938,8.168201670289934,-75.943583,5.586583
Productor - Subterráneo,Antioquia,Andes,Reserva Forestal,5.586639,-75.944056,Oro-Au,,Sin_Clasificar,ROCA ÍGNEA PLUTÓNICA,12.034273275675075,43.17804686935325,5.981521861819453,429.77558165927815,3468.819400120836,106.32632174655487,63.36263998853127,4.211031525761307,0.0671445502242135,7.92732139815854,-75.944056,5.586639
Productor - Subterráneo,Antioquia,Andes,Reserva Forestal,5.586889,-75.942917,Oro-Au,,Sin_Clasificar,ROCA ÍGNEA PLUTÓNICA,12.055727157181893,43.19597137126651,6.016781910531512,449.2153345623158,3558.6616721076175,108.94255089802022,75.39339468280484,4.017787796914774,0.07526041908328089,8.505141773008887,-75.942917,5.586889
Productor - Subterráneo,Antioquia,Andes,Reserva Forestal,5.586972,-75.947583,Oro-Au,,Sin_Clasificar,ROCA ÍGNEA PLUTÓNICA,11.944089819947191,43.126831831940926,5.913822046811007,339.0416502576952,2686.9469734138297,87.66964259754874,14.658436987855739,5.078710754752439,0.02658582345215656,4.8438557727289675,-75.947583,5.586972
Productor - Subterráneo,Antioquia,Andes,Reserva Forestal,5.587083,-75.943333,Oro-Au,,Sin_Clasificar,ROCA ÍGNEA PLUTÓNICA,12.041334778410642,43.19048106095855,6.013995094194942,438.6127309714053,3584.9787855740233,108.63736118545445,67.58286507063443,4.126021601538421,0.06934643292822336,8.33839605643205,-75.943333,5.587083
Productor - Subterráneo,Antioquia,Andes,Reserva Forestal,5.587263,-75.94934,Oro-Au,,Sin_Clasificar,ROCA ÍGNEA PLUTÓNICA,11.897113441180379,43.10187698170528,5.886198845567283,297.53296461597876,2156.8530118102503,72.39935649767612,7.22271956009063,5.466862656596481,0.012235568359129331,3.167818239047224,-75.94934,5.587263
Productor - Subterráneo,Antioquia,Andes,San Antonio,5.587278,-75.912611,Oro-Au,,Sin_Clasificar,ROCA SEDIMENTARIA,12.794998377014483,43.65874129550063,6.797138155151633,1117.3420654180932,799.0065062499085,126.39929356394727,128.2798954453349,0.5802771404745857,0.0248260358950732,7.1865208648529775,-75.912611,5.587278
Productor - Subterráneo,Antioquia,Andes,Reserva Forestal,5.587361,-75.943222,Oro-Au,,Sin_Clasificar,ROCA ÍGNEA PLUTÓNICA,12.037680011063232,43.19317079901062,6.026389592996803,440.984565471516,3640.1276697847497,109.37783480592972,65.96114803876642,4.138671320069774,0.06757514738174712,8.412793967814453,-75.943222,5.587361
Productor - Subterráneo,Antioquia,Andes,Reserva Forestal,5.587444,-75.943333,Oro-Au,,Sin_Clasificar,ROCA ÍGNEA PLUTÓNICA,12.03312540634205,43.191821624275995,6.026769416064611,437.8403941848016,3653.114287151498,109.38300771173685,63.69726473360831,4.171712108299494,0.06570400987190611,8.373133264822071,-75.943333,5.587444
Productor - Subterráneo,Antioquia,Andes,Reserva Forestal,5.589778,-75.950806,Oro-Au,,Sin_Clasificar,ROCA ÍGNEA PLUTÓNICA,11.803276140436687,43.0893857893932,5.949367178875403,296.11272094559945,2287.7899894126176,73.10228209561855,3.0214344639467954,5.496745528849151,0.008313905716972967,3.443548759616994,-75.950806,5.589778
Productor pasado - Subterráneo,Antioquia,Andes,Reserva Forestal,5.59077,-75.95802,Oro-Au,Oro-Au,Sin_Clasificar,ROCA ÍGNEA PLUTÓNICA,11.623551538366144,42.98697298043117,5.8491548342979165,476.31800424277606,2334.2588524998255,135.63489664781574,6.191548876936942,2.681583481193548,0.06082370663020984,5.895718440720189,-75.95802,5.59077
Productor - Subterráneo,Antioquia,Andes,La Soledad,5.593,-75.942194,Oro-Au,,Sin_Clasificar,ROCA ÍGNEA PLUTÓNICA,11.93979548075637,43.229416862023555,6.246329666394449,443.5195493966834,4741.313957598343,125.39865882172288,36.51452456927263,4.261549748474344,0.036467757777263105,10.072149957578544,-75.942194,5.593
Productor - Subterráneo,Antioquia,Andes,La Soledad,5.594972,-75.936583,Oro-Au,,Sin_Clasificar,ROCA SEDIMENTARIA,12.048530472114688,43.32127025523877,6.435121604801234,575.7760443417734,2910.8754611438367,105.66523044864326,47.788643822684044,2.64837318307281,0.0727972059060913,8.442392144982565,-75.936583,5.594972
Productor - Subterráneo,Antioquia,Andes,La Soledad,5.595111,-75.935194,Oro-Au,,Sin_Clasificar,ROCA SEDIMENTARIA,12.083594192619488,43.342831961093395,6.4704298349474385,604.1418329022416,2589.568766445788,103.12486770819473,39.61387912614047,2.389958052749315,0.07903083623166895,8.143210351746575,-75.935194,5.595111
Productor - Subterráneo,Antioquia,Andes,San Agustín,5.595389,-75.947333,Oro-Au,Oro-Au,Sin_Clasificar,ROCA ÍGNEA PLUTÓNICA,11.757552042371632,43.161289211843474,6.224140480135915,562.5290481727664,15604.08585274252,110.87129306638789,25.186458807866952,3.540398807492392,0.003054363554477388,26.107814548017927,-75.947333,5.595389
Productor - Subterráneo,Antioquia,Andes,Reserva Forestal,5.596407,-75.95313,Oro-Au,,Sin_Clasificar,ROCA ÍGNEA PLUTÓNICA,11.592971709072408,43.07889357236669,6.152198373840438,444.3190706467888,3437.3713280644515,108.38736675020773,10.115506613927492,3.527701093003349,0.02000809948682896,9.618246567853998,-75.95313,5.596407
Productor - Subterráneo,Antioquia,Andes,Reserva Forestal,5.597194,-75.948639,Oro-Au,,Sin_Clasificar,ROCA ÍGNEA PLUTÓNICA,11.685267601330098,43.148338492887255,6.263491673994183,410.6021534670661,5644.856258964266,104.0381145244325,11.751123044224297,3.529961255858718,0.007680245161554444,12.002996482793396,-75.948639,5.597194
Productor - Subterráneo,Antioquia,Andes,La Soledad,5.598306,-75.942956,Oro-Au,,Sin_Clasificar,ROCA SEDIMENTARIA,11.811146502611628,43.23739802155905,6.412729047407371,498.6588806254963,4164.636430500542,116.29496901733245,10.472985136010335,3.263352552720479,0.027085092990871657,10.41522675629106,-75.942956,5.598306
Productor - Subterráneo,Antioquia,Andes,Río Claro,5.601439,-75.887861,Oro-Au,,Sin_Clasificar,ROCA SEDIMENTARIA,12.283069818001172,44.105213025617665,7.73367464168326,1158.2342268585805,318.06909097085065,104.07319400087883,67.90560139039327,0.3184675195754168,0.11605661380795376,2.042798149870509,-75.887861,5.601439
Productor - Subterráneo,Antioquia,Andes,La Soledad,5.601697,-75.931361,Oro-Au,,Sin_Clasificar,ROCA SEDIMENTARIA,11.440301545738276,43.42577270128604,6.760907018510294,765.1525029140624,1275.3805933740264,101.80043683679905,4.671586107049875,1.3033491755678264,0.011789417169719124,5.311382865236563,-75.931361,5.601697
Productor - Subterráneo,Antioquia,Andes,San Agustín,5.606889,-75.934528,Oro-Au,,Sin_Clasificar,ROCA SEDIMENTARIA,11.343928100105973,43.39646124175455,6.857007309953136,730.2064316283258,713.177376786314,115.89650097062689,2.694576018559768,0.7779781466215696,0.00869480556095589,3.472390391665039,-75.934528,5.606889
Productor - Subterráneo,Antioquia,Andes,San Agustín,5.607472,-75.952333,Oro-Au,,Sin_Clasificar,ROCA ÍGNEA PLUTÓNICA,10.99561220661851,43.129531665459254,6.564850791125436,682.0781182196189,1593.5574710871997,108.29224943401029,10.778553448940556,1.5035110163054892,0.03885501501963512,9.007365326289037,-75.952333,5.607472
Productor pasado - Subterráneo,Antioquia,Andes,San Agustín,5.608278,-75.933111,Oro-Au,,Sin_Clasificar,ROCA SEDIMENTARIA,11.364783547088944,43.42323470418228,6.926816973495978,812.4486574213086,787.5095842297968,147.24477415023807,1.5720778823372268,0.8607777944684277,0.008902114831725682,3.7933386830379114,-75.933111,5.608278
Productor - Subterráneo,Antioquia,Andes,San Agustín,5.609306,-75.933833,Oro-Au,,Sin_Clasificar,ROCA SEDIMENTARIA,11.343560198740805,43.41590730206205,6.944370930379218,822.027821598854,753.4157883996779,131.23169401916394,0.45001071197847076,0.822845087352082,0.008694514444630253,3.7287610225428423,-75.933833,5.609306
Productor - Subterráneo,Antioquia,Andes,San Agustín,5.60945,-75.940008,Oro-Au,,Sin_Clasificar,ROCA ÍGNEA PLUTÓNICA,11.214050042596769,43.32211566925924,6.835972431310312,758.8637762860345,854.9524628996423,97.08036591696373,3.7730023092206424,0.8728053961625646,0.005904287929901756,4.118971133775487,-75.940008,5.60945
Productor pasado - Subterráneo,Antioquia,Andes,San Agustín,5.610333,-75.932917,Oro-Au,,Sin_Clasificar,ROCA SEDIMENTARIA,11.357229663335358,43.43370100015253,6.992631007963362,861.2392882273043,719.0025680848623,122.06079560309777,0.47246455454024033,0.8038648038555136,0.04662287827486995,3.638566259938579,-75.932917,5.610333
Productor pasado - Subterráneo,Antioquia,Andes,La Soledad,5.610333,-75.921722,Oro-Au,,Sin_Clasificar,ROCA SEDIMENTARIA,11.601167825993508,43.606881973423306,7.2102886859204345,1063.9467997650338,290.17827360911764,88.2168289544115,0.9117061165897241,0.8899589993084338,0.09140020595484318,3.0666030480130035,-75.921722,5.610333
Productor - Subterráneo,Antioquia,Andes,San Agustín,5.610472,-75.962472,Oro-Au,Oro-Au,Sin_Clasificar,ROCA ÍGNEA PLUTÓNICA,10.986546675098024,42.98962443243586,6.533895001411587,913.4276846665838,606.2039339372103,114.21406020244657,1.908043227582759,0.5589020809991485,0.04083561888914146,5.340561671837348,-75.962472,5.610472
Productor - Subterráneo,Antioquia,Andes,La Soledad,5.610556,-75.923417,Oro-Au,,Sin_Clasificar,ROCA SEDIMENTARIA,11.563152737804193,43.58134964594059,7.182624924284338,1016.5854697362007,439.78695261404357,90.03697743841069,0.8255378194300359,0.7176498618906458,0.09797377968244145,2.8677341521879103,-75.923417,5.610556
Productor - Subterráneo,Antioquia,Andes,La Soledad,5.610694,-75.923389,Oro-Au,,Sin_Clasificar,ROCA SEDIMENTARIA,11.563307605868314,43.58230102957391,7.187022816925623,1017.2722515948943,428.5568596457461,89.99717414201761,0.8278469929795543,0.7235678776284149,0.09886406954676247,2.87538753787752,-75.923389,5.610694
Productor pasado - Subterráneo,Antioquia,Andes,San Agustín,5.61075,-75.929306,Oro-Au,,Sin_Clasificar,ROCA SEDIMENTARIA,11.43324552712861,43.49083945799871,7.07331631080207,915.77717798529,612.1162608417644,93.14308301755177,0.5612598144363838,0.719025896697771,0.10572603419766168,3.488792982388046,-75.929306,5.61075
Productor pasado - Subterráneo,Antioquia,Andes,San Agustín,5.614511,-75.934667,Oro-Au,,Sin_Clasificar,ROCA ÍGNEA PLUTÓNICA,11.296840273325488,43.42187284493482,7.0863034357101995,935.8704289863706,498.19299340556466,84.95715027211394,0.4116185067382945,0.5806964107522943,0.1237668378774962,3.075445157886504,-75.934667,5.614511
Productor - Subterráneo,Antioquia,Andes,San Agustín,5.614611,-75.929667,Oro-Au,,Sin_Clasificar,ROCA SEDIMENTARIA,11.40856695931853,43.4993651941136,7.1785276450511795,928.5695177183288,437.0460798902121,72.82978908745632,0.476153693240656,0.4564222324874243,0.14141673214952158,2.9676145750341196,-75.929667,5.614611
Productor - Subterráneo,Antioquia,Andes,San Agustín,5.614694,-75.929444,Oro-Au,,Sin_Clasificar,ROCA SEDIMENTARIA,11.41328372080282,43.50311849362878,7.184974429067749,928.5430458094098,432.50930241678833,73.39795456150952,0.48106589286078205,0.4577993273083638,0.14330791012149582,2.9526177368036075,-75.929444,5.614694
Productor - Subterráneo,Antioquia,Andes,San Agustín,5.616444,-75.936972,Oro-Au,,Sin_Clasificar,ROCA ÍGNEA PLUTÓNICA,11.235425186729183,43.39332942813093,7.104902486378691,1003.1343017285,435.29928831809804,81.8839986020022,0.4337352181120407,0.4517562843651916,0.12460285956317296,2.995506782747637,-75.936972,5.616444
Productor - Subterráneo,Antioquia,Andes,San Pedro Abajo,5.616528,-75.9005,Oro-Au,,Sin_Clasificar,ROCA SEDIMENTARIA,12.071307917712604,43.965616723996455,7.790122765909984,933.4496086547913,374.5644760704738,76.6192327087072,2.367956830488985,0.3173890451389554,0.06109729176341098,2.9940019915878175,-75.9005,5.616528
Productor pasado - Subterráneo,Antioquia,Andes,San Agustín,5.617917,-75.928583,Oro-Au,,Sin_Clasificar,ROCA SEDIMENTARIA,11.421714099354254,43.528156588863276,7.291988536537157,905.0452491212857,299.98017732636794,79.71425946060145,0.4095914690295258,0.35210133822370887,0.1875795879245977,2.3083194779159073,-75.928583,5.617917
Productor - Subterráneo,Antioquia,Andes,San Agustín,5.617917,-75.929861,Oro-Au,,Sin_Clasificar,ROCA SEDIMENTARIA,11.391934765610692,43.50831845714268,7.269567354170674,866.5754731032597,271.4835508719573,77.49033618664924,0.35417046668670665,0.3087751200555428,0.1843828427500702,2.101197908880637,-75.929861,5.617917
Productor - Subterráneo,Antioquia,Andes,San Agustín,5.618111,-75.93775,Oro-Au,,Sin_Clasificar,ROCA ÍGNEA PLUTÓNICA,11.209458035621688,43.38724961123042,7.14220796095273,1069.8941097715183,364.44770889690693,79.1248757440798,0.4544445161356173,0.38523286099016707,0.1307243718386752,2.723486850130459,-75.93775,5.618111
Productor - Subterráneo,Antioquia,Andes,San Agustín,5.618722,-75.935389,Oro-Au,,Sin_Clasificar,ROCA ÍGNEA PLUTÓNICA,11.260747248914834,43.42571723317198,7.198960820442113,977.6201526620251,262.65388545199914,77.29695899793296,0.3364858857957682,0.3052638221466926,0.14762798574751634,2.2671038475091527,-75.935389,5.618722
Productor - Subterráneo,Antioquia,Andes,San Agustín,5.620082,-75.92591,Oro-Au,,Sin_Clasificar,ROCA SEDIMENTARIA,11.479090093828802,43.5776238377297,7.398857572729329,945.0778383964848,174.56766347978638,80.98969339983849,0.46950644793244917,0.3087627271428481,0.21455941139766765,2.5317908944345398,-75.92591,5.620082
Productor pasado - Subterráneo,Antioquia,Andes,Reserva Forestal,5.621361,-76.00297,Oro-Au,,Sin_Clasificar,ROCA ÍGNEA PLUTÓNICA,10.695024677404376,42.44728726506024,6.788790751043622,209.16561442436645,1670.6546436940278,80.84805387116295,0.7683106302928998,0.46521855870494283,0.05982747223413133,3.931295054293358,-76.00297,5.621361
Productor - Subterráneo,Antioquia,Andes,San Agustín,5.62175,-75.954889,Oro-Au,,Sin_Clasificar,ROCA ÍGNEA PLUTÓNICA,11.026336115956507,43.13924733385963,7.013814460155952,969.508091430013,163.44516679049897,78.55705398333104,2.0453528309346676,0.19568912858158896,0.05287014581418917,4.2957789749501005,-75.954889,5.62175
Productor - Subterráneo,Antioquia,Andes,San Agustín,5.622222,-75.928111,Oro-Au,,Sin_Clasificar,ROCA SEDIMENTARIA,11.421793735159444,43.55099144374664,7.4195843558547905,959.1978646122648,152.66458708192494,78.34436931092277,0.3657030101942413,0.2338847253392902,0.25572062688087693,2.251538494466399,-75.928111,5.622222
Productor - Subterráneo,Antioquia,Andes,San Agustín,5.622611,-75.927889,Oro-Au,,Sin_Clasificar,ROCA SEDIMENTARIA,11.426389269927958,43.55584692533227,7.433944438741534,969.9628728422374,155.10808990092306,78.97506773230978,0.37156830100824045,0.23143855728083657,0.2604837497382412,2.1349983974206066,-75.927889,5.622611
Productor pasado - Subterráneo,Antioquia,Andes,San Agustín,5.622806,-75.923194,Oro-Au,,Sin_Clasificar,ROCA SEDIMENTARIA,11.54015652742447,43.63002753621476,7.519011059707981,938.4817952962005,176.63067247055264,80.14995947740792,0.4931764428527236,0.29884022249249337,0.2668244892387128,2.6009440650169853,-75.923194,5.622806
Productor - Subterráneo,Antioquia,Andes,San Agustín,5.626028,-75.930444,Oro-Au,,Sin_Clasificar,ROCA SEDIMENTARIA,11.35822817986956,43.52809515606265,7.485656985127802,1069.5554791016239,146.480294522219,82.98512394634729,0.31136483121530856,0.18549750687221456,0.27974763544738324,2.1174087100459538,-75.930444,5.626028
Productor - Subterráneo,Antioquia,Andes,San Agustín,5.626833,-75.930556,Oro-Au,,Sin_Clasificar,ROCA SEDIMENTARIA,11.354400284689252,43.52916954207062,7.505805747906661,1069.4863046991409,147.23739424989475,83.46030665766118,0.3115280389057354,0.18656131215295377,0.2869633250291409,2.1448800945848268,-75.930556,5.626833
Productor - Subterráneo,Antioquia,Andes,San Agustín,5.627361,-75.924056,Oro-Au,,Sin_Clasificar,ROCA SEDIMENTARIA,11.515871008646334,43.63291010930038,7.623414982817238,968.1743518268414,184.1007889877552,78.14128654752894,0.3979642906456171,0.24528029286603575,0.350502643854437,2.5980937496481125,-75.924056,5.627361
Productor pasado - Subterráneo,Antioquia,Andes,San Agustín,5.6295,-75.928444,Oro-Au,,Sin_Clasificar,ROCA SEDIMENTARIA,11.405250095750857,43.57154427194636,7.609797980830694,1080.937958767211,165.93752425864196,79.38831340577339,0.3189252842009254,0.21228138024949705,0.34932493894803257,2.3143336382995976,-75.928444,5.6295
Productor - Subterráneo,Antioquia,Andes,San Agustín,5.629806,-75.949222,Oro-Au,,Sin_Clasificar,ROCA ÍGNEA PLUTÓNICA,11.157352671758574,43.25110584788761,7.332957871690471,1087.5866500567354,196.6261719150124,80.8844731109078,0.7192021986687492,0.2300177315774127,0.10859379648746163,2.345894502629872,-75.949222,5.629806
Productor - Subterráneo,Antioquia,Andes,San Agustín,5.629861,-75.948694,Oro-Au,,Sin_Clasificar,ROCA ÍGNEA PLUTÓNICA,11.174820948521598,43.25933757470191,7.3408691102907895,1104.8594239251177,195.5850551139118,79.98147030838695,0.690114068712138,0.23301704714434285,0.1129406298240772,2.348038020395102,-75.948694,5.629861
Productor pasado - Subterráneo,Antioquia,Andes,San Perucho,5.637583,-75.936972,Oro-Au,,Sin_Clasificar,ROCA SEDIMENTARIA,11.587704978313052,43.4655179179855,7.702909903329401,1250.4591292099112,189.98751524904534,71.43889156900552,0.3265516199374493,0.20868312524019217,0.2608754429166566,2.204244677053707,-75.936972,5.637583
Productor - Subterráneo,Antioquia,Andes,La Piedra,5.644417,-75.94675,Oro-Au,Oro-Au,Sin_Clasificar,ROCA SEDIMENTARIA,11.285365930072102,43.33508452885418,7.771074266293218,1113.7551861483498,187.95774373373203,60.74206492452693,0.32797351212573916,0.1957449058863691,0.07649510267314592,1.905525871547595,-75.94675,5.644417
Productor pasado - Subterráneo,Antioquia,Andes,La Piedra,5.647625,-75.94468,Oro-Au,Oro-Au,Sin_Clasificar,ROCA SEDIMENTARIA,11.387853390529704,43.37707341806009,7.8748422325192795,902.489299754658,182.36881288955146,46.1913185364949,0.3176315492168844,0.20006937188778975,0.03972318543102454,1.6792081046261418,-75.94468,5.647625
Productor - Subterráneo,Antioquia,Andes,San Agustín,5.655111,-75.877556,Oro-Au,,Sin_Clasificar,ROCA SEDIMENTARIA,12.83314342143806,44.49572679501396,8.893091774151202,925.9721908593214,207.58204981668285,117.45505408420267,65.23254880151191,0.11122902981189071,0.17879813977441575,1.8809659621447863,-75.877556,5.655111
Productor - Subterráneo,Antioquia,Andes,Río San Juán,5.667848,-75.87775,Oro-Au,,Sin_Clasificar,ROCA SEDIMENTARIA,12.9276641164748,44.54247737016591,9.073258839078534,869.8299219741475,195.62631795911327,79.78461427560217,20.414412407964633,0.08429817816116623,0.06003311417232178,1.075607024241223,-75.87775,5.667848
Productor - Subterráneo,Antioquia,Andes,La Rochela,5.678194,-75.988111,Oro-Au,,Sin_Clasificar,ROCA ÍGNEA PLUTÓNICA,12.938294203314685,42.78861236008345,8.405041554006488,786.665767597986,150.0088885884377,124.84877034945795,0.15596232551746564,0.21217517555617138,0.012546622000613909,3.5807952767448095,-75.988111,5.678194
Productor pasado - Subterráneo,Antioquia,Andes,Palestina,5.680392,-75.875114,Oro-Au,Oro-Au,Sin_Clasificar,ROCA SEDIMENTARIA,13.08635696119557,44.635575212339695,9.261434554158125,840.9538251290016,202.72537915935615,93.55549157305887,21.36674069437389,0.08765605459744225,0.06810894598289681,0.7081880521928002,-75.875114,5.680392
Productor pasado - Subterráneo,Antioquia,Andes,La Rochela,5.693448,-75.97791,Oro-Au,Oro-Au,Sin_Clasificar,ROCA SEDIMENTARIA,15.191200801831053,42.972160010251926,8.680536093271648,430.4896569526706,212.10752976235233,160.02286961736058,0.21194024788672913,0.2101346023951214,0.009729468007396562,3.1877125922852176,-75.97791,5.693448
Productor pasado - Subterráneo,Antioquia,Sonsón,<Nulo>,5.69642,-75.216354,Oro-Au,Oro-Au,Sin_Clasificar,ROCA_ÍGNEA_PLUTÓNICA,69.81851858905725,52.79198308553549,10.135985324286102,939.9131829266605,285.78570742581013,54.07800100219463,0.12137920572707493,0.42598489415271623,0.019961929318927672,0.46113243834382966,-75.216354,5.69642
Productor pasado - Subterráneo,Antioquia,Sonsón,<Nulo>,5.707172,-75.17329,Oro-Au,Oro-Au,Sin_Clasificar,ROCA_ÍGNEA_PLUTÓNICA,73.69943060517241,52.976356131116454,9.943387622399335,854.9353202927447,223.1784528295644,23.051482410885395,0.10573866563314234,1.9630449612501186,0.014215655924157515,0.48425709816442836,-75.17329,5.707172
Ocurrencia,Antioquia,Sonsón,<Nulo>,5.707656,-75.28069,Oro-Au,Oro-Au,Sin_Clasificar,ROCA_ÍGNEA_PLUTÓNICA,68.15802022094731,52.64664116723635,10.201944220769432,662.1667678318067,393.88736228306965,110.85413354653176,0.14953367344519278,0.13482385836558392,0.05520365970586984,0.7604736161775141,-75.28069,5.707656
Productor pasado - Subterráneo,Antioquia,Sonsón,<Nulo>,5.713053,-75.23127,Oro-Au,Oro-Au,Sin_Clasificar,ROCA_ÍGNEA_PLUTÓNICA,73.4882392846712,52.86900359492281,10.253443250094985,910.116293161978,279.02606765536456,60.61457991607963,0.1461583256616938,0.3918487093917131,0.02676454266038347,0.5983165147767213,-75.23127,5.713053
Productor pasado - Subterráneo,Antioquia,Sonsón,<Nulo>,5.716335,-75.23607,Oro-Au,Oro-Au,Sin_Clasificar,ROCA_ÍGNEA_PLUTÓNICA,72.80411472815408,52.87874902466996,10.273278363047435,894.4276345068319,286.46920983911843,64.24285090937984,0.15246650001560574,0.3833833139748723,0.03043248589178919,0.6118167625313377,-75.23607,5.716335
Productor - Subterráneo,Antioquia,Abejorral,Purina,5.723422,-75.446396,Oro-Au,Oro-Au,Sin_Clasificar,ROCA METAMÓRFICA,177.7142767222517,51.717757189594906,9.062218394208351,997.3342201259381,985.6049201368909,119.45890307770918,0.751724378198894,0.2726378176039559,0.12304570052175584,8.280586448564978,-75.446396,5.723422
Productor pasado - Subterráneo,Antioquia,Sonsón,<Nulo>,5.723715,-75.12138,Oro-Au,Oro-Au,Sin_Clasificar,ROCA_ÍGNEA_PLUTÓNICA,79.27819875029981,53.14665973752509,9.593522021226754,758.3448418702117,188.02517936560665,80.68055017104507,0.09504650276246425,0.5200715885161227,0.026990344848887005,0.7685793768873936,-75.12138,5.723715
Productor pasado - Subterráneo,Antioquia,Sonsón,<Nulo>,5.723952,-75.09997,Oro-Au,Oro-Au,Sin_Clasificar,ROCA_ÍGNEA_PLUTÓNICA,80.20539895112492,53.16167910538334,9.413500976699986,727.2478209563609,172.52140476658167,96.67124877335192,0.07147949180832504,0.46060611583401556,0.027585251611842426,1.107330052155216,-75.09997,5.723952
Productor pasado - Subterráneo,Antioquia,Abejorral,Purina,5.726173,-75.43736,Oro-Au,Oro-Au,Sin_Clasificar,ROCA METAMÓRFICA,180.69618305397398,51.8316142882725,9.135287766572743,971.8112512867996,748.4569288115623,130.89734105981697,0.48821858098559867,0.2867865053711105,0.09528330146927033,6.63123463787267,-75.43736,5.726173
Productor - Subterráneo,Antioquia,Abejorral,Río Aures,5.730791,-75.426596,Oro-Au,Oro-Au,Sin_Clasificar,ROCA METAMÓRFICA,159.11231682158984,51.976804238760266,9.232840127380953,897.0562810106235,656.6667444886053,157.95360177545436,0.3748297474506933,0.37046952106226033,0.04862637987957455,7.067609694153491,-75.426596,5.730791
Productor pasado - Subterráneo,Antioquia,Sonsón,<Nulo>,5.745121,-75.11314,Oro-Au,Oro-Au,Sin_Clasificar,ROCA_ÍGNEA_PLUTÓNICA,91.78657805512076,53.257285731075754,9.585445102980906,661.0179563517323,170.97916901245793,112.34678063212108,0.2240655201962012,0.39577745340920817,0.02927328308508197,1.046603407533187,-75.11314,5.745121
Productor - Subterráneo,Antioquia,Sonsón,<Nulo>,5.750225,-75.115875,Oro-Au,Oro-Au,Sin_Clasificar,ROCA_ÍGNEA_PLUTÓNICA,96.52763192712383,53.28044731787105,9.609900498837543,647.9817023725261,174.8171270495435,115.72974123564117,0.23080961267085723,0.37796446604674494,0.029610376280554743,1.0620544043409277,-75.115875,5.750225
Productor pasado - Subterráneo,Antioquia,Sonsón,<Nulo>,5.75029,-75.10997,Oro-Au,Oro-Au,Sin_Clasificar,ROCA_ÍGNEA_PLUTÓNICA,95.0501496783055,53.282170799651055,9.561867497001959,644.9956409913857,172.6373813923893,118.62727900690044,0.2265553112738113,0.3735553158340335,0.029750479245606476,1.0931829928874424,-75.10997,5.75029
Ocurrencia,Antioquia,Sonsón,<Nulo>,5.755843,-75.263261,Oro-Au,Oro-Au,Sin_Clasificar,ROCA_ÍGNEA_PLUTÓNICA,70.8805747696043,53.09484504833955,10.329271240340836,947.4114579999995,326.3827893476324,64.82541105285713,0.07307300000000026,0.7132619999999992,0.013958700000000039,1.1232725629835556,-75.263261,5.755843
Productor pasado - Subterráneo,Antioquia,Sonsón,<Nulo>,5.775225,-75.120224,Oro-Au,Oro-Au,Sin_Clasificar,ROCA_ÍGNEA_PLUTÓNICA,128.3112698271116,53.393088852655865,9.587010432871903,560.1294700369297,192.4666740436176,147.93905833266675,0.24345992681071685,0.28619800003028445,0.03140373878367161,1.0578278374625012,-75.120224,5.775225
Productor pasado - Subterráneo,Antioquia,Abejorral,Quebradona Arriba,5.795204,-75.36785,Oro-Au,Oro-Au,Sin_Clasificar,ROCA METAMÓRFICA,110.656007126518,53.04224074089306,9.578363906903665,762.7028901828329,300.6495737297228,154.65841486910003,0.32249389409272766,0.12273109807374484,0.04626221749396521,2.570091599313036,-75.36785,5.795204
Productor - Subterráneo,Antioquia,Abejorral,La Labor,5.805947,-75.41706,Oro-Au,Oro-Au,Sin_Clasificar,ROCA METAMÓRFICA,225.5626578538052,52.867751514263574,8.996937628137308,1112.332303569986,252.4137431187401,120.71513065568747,0.15958529064601407,0.14604166659757872,0.05507931765495589,2.3912639375492644,-75.41706,5.805947
Ocurrencia,Antioquia,Sonsón,<Nulo>,5.815377,-75.215042,Oro-Au,Oro-Au,Sin_Clasificar,ROCA_ÍGNEA_PLUTÓNICA,97.75453090510418,53.558487865264034,10.060576364248561,545.8039350049912,330.1551588004687,109.83925909474813,0.2981073106857479,0.26579186861883525,0.04719670729533063,1.262686918186234,-75.215042,5.815377
Productor - Subterráneo,Antioquia,Abejorral,Piedra Canela,5.824953,-75.475635,Oro-Au,Oro-Au,Sin_Clasificar,ROCA SEDIMENTARIA,221.54971400768525,52.59238646790918,8.262173662385655,1148.0382687419317,285.75692640563756,90.78727525038394,0.1517763107961643,0.18635703563944195,0.2921776022155152,4.369293172424798,-75.475635,5.824953
Productor - Subterráneo,Antioquia,Abejorral,Los Rastrojos,5.835184,-75.483268,Oro-Au,Oro-Au,Sin_Clasificar,ROCA SEDIMENTARIA,218.93401890309326,52.634347101970924,8.009076176333664,1163.7643706091415,288.11705327103385,112.91064571773917,0.1781701663580115,0.22784916896638524,0.20397700326694415,4.2161924344764685,-75.483268,5.835184
Productor pasado - Subterráneo,Antioquia,Abejorral,Yarumal,5.843528,-75.34277,Oro-Au,Oro-Au,Sin_Clasificar,ROCA METAMÓRFICA,114.32872722952943,53.56098239830125,9.3646634693318,683.5447088177289,433.62715757369,84.27943422489903,0.23564945058235703,0.2557496579045368,0.03132986305879598,2.1994690904130794,-75.34277,5.843528
Productor pasado - Subterráneo,Antioquia,Cocorná,<Nulo>,6.010474,-75.0936,Oro-Au,Oro-Au,Sin_Clasificar,ROCA_ÍGNEA_PLUTÓNICA,81.05508829536268,53.69452156097441,5.582427691962602,717.6937926938987,195.94087967105233,105.33166436434831,1.2346838889162253,0.12063180985686808,0.02700791048722728,1.2856813328307168,-75.0936,6.010474
Productor pasado - Subterráneo,Antioquia,San Luis,<Nulo>,6.021249,-75.01901,Oro-Au,Oro-Au,Sin_Clasificar,ROCA_ÍGNEA_PLUTÓNICA,98.23298301133161,53.47490559368121,1.9893229671046395,691.8832589283597,128.9866309331418,97.22932072266549,1.2412759417564498,0.17891079315711503,0.024794634920740893,1.1240634252360195,-75.01901,6.021249
Productor pasado - Subterráneo,Antioquia,San Luis,<Nulo>,6.069288,-75.06887,Oro-Au,Oro-Au,Sin_Clasificar,ROCA_ÍGNEA_PLUTÓNICA,75.4415943127594,53.446753095170685,5.746265623500501,813.6426641547486,186.71507759939766,93.98297205592087,1.5073010062338417,0.12434674334159693,0.02870311364935462,1.0387979834766878,-75.06887,6.069288
Productor pasado - Subterráneo,Antioquia,San Carlos,<Nulo>,6.146261,-75.00126,Oro-Au,Oro-Au,Sin_Clasificar,ROCA_ÍGNEA_PLUTÓNICA,161.1905126534469,52.86151599319572,7.536497082597792,773.2330845757712,139.2183571135714,72.25486477485157,2.0727878585468287,0.1714728827400275,0.01721194305168496,0.5766387926558777,-75.00126,6.146261
Productor pasado - Subterráneo,Antioquia,San Carlos,<Nulo>,6.15551,-75.01696,Oro-Au,Oro-Au,Sin_Clasificar,ROCA_ÍGNEA_PLUTÓNICA,86.80736449878266,52.856402925117266,7.805478249821185,817.5783361509474,139.18082827336295,71.38337163463272,1.981927127310886,0.18504122222013444,0.01933783199376152,0.5785821176390877,-75.01696,6.15551
Productor pasado - Subterráneo,Antioquia,Granada,<Nulo>,6.177649,-75.13908,Oro-Au,Oro-Au,Sin_Clasificar,ROCA_ÍGNEA_PLUTÓNICA,77.18980169691952,53.026019940780095,9.384873338209728,1030.9925491341967,196.46427490959238,50.45462862004399,2.0284187433112013,0.1184746995180845,0.0301638181895692,0.83247092784049,-75.13908,6.177649
Productor pasado - Subterráneo,Antioquia,Guatapé,<Nulo>,6.225133,-75.13014,Oro-Au,Oro-Au,Sin_Clasificar,ROCA_ÍGNEA_PLUTÓNICA,78.66734670815485,52.65881965476997,9.663731431673744,1054.708431429911,170.21912253911194,31.888776003645727,2.186245684959073,0.1903515238610574,0.029301127027787106,0.6946493305504348,-75.13014,6.225133
Productor pasado - Subterráneo,Antioquia,Alejandría,Tocaima,6.351749,-75.110061,Oro-Au,Oro-Au,Sin_Clasificar,ROCA ÍGNEA PLUTÓNICA,80.50671299915156,51.53996217066772,8.599644416330278,579.9689086605138,198.15812024449676,86.50936564429095,2.2810604232787304,0.35983183978299227,4.414656922935473e-05,0.6830960184543736,-75.110061,6.351749
Productor pasado - Subterráneo,Antioquia,Alejandría,La Inmaculada,6.358622,-75.06263,Oro-Au,Oro-Au,Sin_Clasificar,ROCA ÍGNEA PLUTÓNICA,78.1913289528618,51.409411950674155,7.782995231293862,521.1272706525749,190.45158174910637,77.2940128269588,2.324677466925345,0.17793264964681255,4.471571504624584e-05,0.6831332034067072,-75.06263,6.358622
Productor pasado - Subterráneo,Antioquia,Alejandría,Tocaima,6.374566,-75.074427,Oro-Au,Oro-Au,Sin_Clasificar,ROCA ÍGNEA PLUTÓNICA,77.3760656950652,51.281365940562374,7.540954658118282,607.4239388408655,212.66404731043352,54.48813383085069,2.222191380229136,0.2927932274946743,4.601706990312407e-05,0.6834873339082993,-75.074427,6.374566
Productor pasado - Subterráneo,Antioquia,Caicedo,Caicedo,6.402468,-76.021283,Oro-Au,Oro-Au,Sin_Clasificar,ROCA_ÍGNEA_PLUTÓNICA,19.81706716077486,41.26440794438728,5.842645739837589,811.1546290037039,3728.2828009196,138.3672183596332,1.480798935784243,0.5380468070729658,0.10841261577449421,2.1280159883123133,-76.021283,6.402468
Productor - Subterráneo,Antioquia,Caicedo,Caicedo,6.402891,-76.020451,Oro-Au,Oro-Au,Sin_Clasificar,ROCA_ÍGNEA_PLUTÓNICA,19.80844722808794,41.276973150002966,5.81666326706665,804.8501299125046,3941.3048828580554,134.44695869326145,1.4440516904069869,0.5667370537234669,0.10558526389723852,2.0996501337705937,-76.020451,6.402891
Productor pasado - Subterráneo,Antioquia,Frontino,<Nulo>,6.418705,-76.156107,Oro-Au,Oro-Au,Sin_Clasificar,ROCA_ÍGNEA_PLUTÓNICA,14.093166161758502,39.02794618862267,8.476077697631995,777.4030218106202,356.2720424265501,39.86224570904335,0.17048845299385387,0.382646433939468,0.00040498557943636473,3.0363731964032232,-76.156107,6.418705
ocurrencia,Antioquia,Caicedo,Caicedo,6.457478,-76.03649,Oro-Au,Oro-Au,Sin_Clasificar,ROCA_ÍGNEA_PLUTÓNICA,29.581461540733407,40.79169851763389,3.666473289562246,804.042306095082,1338.3329916243727,117.2263835764711,3.41688174715749,0.23067566979858856,0.09605912677910519,20.86948409961147,-76.03649,6.457478
Productor pasado - Subterráneo,Antioquia,Frontino,<Nulo>,6.459605,-76.097549,Oro-Au,Oro-Au,Sin_Clasificar,ROCA_ÍGNEA_PLUTÓNICA,34.83794895767384,39.80547202719059,6.104810745199348,820.0821375201019,308.46658310649804,17.11423615295421,0.8425889381714269,0.3220096600462501,0.07431526021327271,7.922594062285121,-76.097549,6.459605
Productor - Subterráneo,Antioquia,Abriaquí,Santa Teresa,6.600464,-76.12978,Oro-Au,Oro-Au,Sin_Clasificar,ROCA SEDIMENTARIA,25.41192277265952,38.88492023377744,8.10754266985235,478.9718294880751,290.96383542883257,126.65739772651618,0.1959849047399989,0.10185670326159152,0.0975676227177916,1.5066686567317427,-76.12978,6.600464
Productor - Subterráneo,Antioquia,Abriaquí,Santa Teresa,6.624943,-76.1346,Oro-Au,Oro-Au,Sin_Clasificar,ROCA SEDIMENTARIA,30.939195485271593,38.750400829441816,8.61298335807982,449.3263262922766,155.06994327026575,138.41954508300066,0.21364233542373892,0.09233556019607946,0.09926021460231203,0.9640083636420667,-76.1346,6.624943
Productor pasado - Subterráneo,Antioquia,Entrerrios,Belmira,6.63455,-75.64971,Oro-Au,Oro-Au,Sin_Clasificar,ROCA_METAMÓRFICA,182.90633594036095,45.810648140576724,8.972317856278904,534.5758629603431,253.0051386710938,151.63131282297456,0.14331025690014645,0.10706451260343722,0.08933168727179482,0.6770321343165546,-75.64971,6.63455
Productor pasado - Subterráneo,Antioquia,Abriaquí,Santa Teresa,6.635551,-76.150233,Oro-Au,Oro-Au,Sin_Clasificar,ROCA ÍGNEA PLUTÓNICA,26.72677838780873,38.497621368423474,9.015921385239832,470.6595107442703,176.69287426632806,127.75714765046959,0.20345144083301342,0.07925469214627649,0.09431417970389298,0.8008373788105396,-76.150233,6.635551
Productor pasado - Subterráneo,Antioquia,Entrerrios,Belmira,6.641904,-75.650856,Oro-Au,Oro-Au,Sin_Clasificar,ROCA_METAMÓRFICA,183.90479183331635,45.73212100048431,9.087328305056252,511.7288984184359,284.4268375639931,137.14664814526182,0.15473899251634943,0.09049740128233016,0.1037179350425354,0.62905759106582,-75.650856,6.641904
Productor pasado - Subterráneo,Antioquia,Yalí,<Nulo>,6.650852,-74.89331,Oro-Au,Oro-Au,Sin_Clasificar,ROCA_ÍGNEA_PLUTÓNICA,92.63319930871755,48.762697491526076,8.604547667254726,662.7477508758876,181.85274503313815,62.01767659028775,1.6269253759465785,0.6778431094639027,6.481740067625265e-05,3.177923781639991,-74.89331,6.650852
Productor pasado - Subterráneo,Antioquia,Belmira,Belmira,6.659866,-75.68708,Oro-Au,Oro-Au,Sin_Clasificar,ROCA_METAMÓRFICA,188.78115270840092,45.122717250450485,9.680004047719903,482.36195597302753,329.55575978587933,103.23084157589503,0.3458051425093875,0.10691227850165141,0.2729280886005687,0.6365721676515098,-75.68708,6.659866
Productor pasado - Subterráneo,Antioquia,Abriaquí,Santa Teresa,6.662829,-76.10967,Oro-Au,Oro-Au,Sin_Clasificar,ROCA SEDIMENTARIA,29.953801841350067,39.01374569147627,8.854995652018593,518.8913484361744,175.56894259860985,176.01222253819736,0.8359082407528136,0.09471754477412832,0.10879754269121622,0.8152113376816661,-76.10967,6.662829
Productor pasado - Subterráneo,Antioquia,Belmira,Belmira,6.66795,-75.68301,Oro-Au,Oro-Au,Sin_Clasificar,ROCA_METAMÓRFICA,184.38325032648146,45.10911171797305,9.718753722679171,501.1496152887568,407.668730451805,119.73294043201922,0.40034652998633913,0.10489295705324392,0.30764657410893315,0.6368817569801529,-75.68301,6.66795
Productor - Subterráneo,Antioquia,Abriaquí,Santa Teresa,6.676447,-76.156768,Oro-Au,Oro-Au,Sin_Clasificar,ROCA SEDIMENTARIA,16.61917253061804,38.30968279954348,9.580278510106641,2303.77021593843,248.51980355407144,113.99084146843492,0.08105334037177532,0.051839486573630564,0.03191137945011613,0.5609870393927805,-76.156768,6.676447
Productor pasado - Subterráneo,Antioquia,Abriaquí,Santa Teresa,6.683959,-76.039067,Oro-Au,Oro-Au,Sin_Clasificar,ROCA ÍGNEA PLUTÓNICA,45.7407084936928,39.97506361855109,8.508047789751942,781.2753323971954,2672.69738796324,80.57382959776233,4.944484013832047,2.059411399264885,0.12346350220881962,2.091564438800836,-76.039067,6.683959
Productor pasado - Subterráneo,Antioquia,Abriaquí,Santa Teresa,6.684083,-76.049311,Oro-Au,Oro-Au,Sin_Clasificar,ROCA SEDIMENTARIA,45.90526478443987,39.82603101840757,8.576156928297769,783.0315613168949,3928.741991887046,75.36431145251105,6.445249956800708,3.118066311635639,0.1226671902026214,2.397967316732057,-76.049311,6.684083
Productor - Subterráneo,Antioquia,Abriaquí,Santa Teresa,6.68974,-76.05445,Oro-Au,Oro-Au,Sin_Clasificar,ROCA SEDIMENTARIA,45.475158474856876,39.7341716318592,8.703494401065269,741.5472767212513,6892.808087885017,85.4511340384987,8.389850114987073,5.3777691365830975,0.12158386915702482,3.6741492405229175,-76.05445,6.68974
Productor pasado - Subterráneo,Antioquia,Abriaquí,Santa Teresa,6.691768,-76.0557,Oro-Au,Oro-Au,Sin_Clasificar,ROCA SEDIMENTARIA,45.41333788127338,39.70993133097029,8.742734243777198,724.709249141645,7843.074931930996,84.58762588697545,8.860312486115745,6.096336072980725,0.12132983265562877,4.1610586449137985,-76.0557,6.691768
Productor pasado - Subterráneo,Antioquia,Belmira,Belmira,6.693725,-75.69849,Oro-Au,Oro-Au,Sin_Clasificar,ROCA_METAMÓRFICA,173.53961225598997,44.70948568073705,10.016191963606762,502.3482332115491,486.8703906673928,130.394569384405,0.42353474194381274,0.10403645535728574,0.14303618221021602,0.5178003172179646,-75.69849,6.693725
Productor - Subterráneo,Antioquia,Abriaquí,Santa Teresa,6.694967,-76.050942,Oro-Au,Oro-Au,Sin_Clasificar,ROCA ÍGNEA PLUTÓNICA,46.33929945730953,39.76855308318863,8.755314005869531,747.1513751890986,15806.99740011175,70.25659952758747,11.870150636701931,11.77533561403139,0.12512346201507227,7.628699683023298,-76.050942,6.694967
Productor - Subterráneo,Antioquia,Abriaquí,Santa Teresa,6.695639,-76.056288,Oro-Au,Oro-Au,Sin_Clasificar,ROCA SEDIMENTARIA,45.60936421607581,39.68963942829421,8.801471725675231,705.5644137855587,8903.388911526106,79.43598071323122,9.284647991980973,6.974553401297546,0.12091949540459362,4.80470619955411,-76.056288,6.695639
Productor - Subterráneo,Antioquia,Abriaquí,Santa Teresa,6.696547,-76.055298,Oro-Au,Oro-Au,Sin_Clasificar,ROCA SEDIMENTARIA,45.83715064088371,39.701080824674555,8.806722320840048,716.3187641014787,10881.498848743742,76.81117999485812,10.226168349188484,8.492887510444442,0.12280774244069016,5.692179941135619,-76.055298,6.696547
Productor pasado - Subterráneo,Antioquia,Yalí,<Nulo>,6.697502,-74.895744,Oro-Au,Oro-Au,Sin_Clasificar,ROCA_ÍGNEA_PLUTÓNICA,94.35965407604668,48.39137547801943,9.236581268387312,586.710374245358,181.87561702395334,54.543735785155796,1.57088049920303,0.7176591237911562,6.488743744198795e-05,3.0171967932983055,-74.895744,6.697502
Productor - Subterráneo,Antioquia,Abriaquí,Santa Teresa,6.697901,-76.05519,Oro-Au,Oro-Au,Sin_Clasificar,ROCA SEDIMENTARIA,45.96579698842395,39.698486990625184,8.823907389711367,709.5288884215009,9743.425077314878,77.74447448925575,9.821240344857504,7.856346496267711,0.12316472319515405,5.329129760092746,-76.05519,6.697901
Productor pasado - Subterráneo,Antioquia,Yalí,<Nulo>,6.697994,-74.88242,Oro-Au,Oro-Au,Sin_Clasificar,ROCA_ÍGNEA_PLUTÓNICA,95.26049671207974,48.39046581906772,9.373980360643603,596.110908822493,181.63075998482378,55.30186279607349,1.6434986737039354,0.7237621382062426,6.488128082310626e-05,3.1750844835435417,-74.88242,6.697994
Productor - Subterráneo,Antioquia,Abriaquí,Santa Teresa,6.69839,-76.067566,Oro-Au,Oro-Au,Sin_Clasificar,ROCA SEDIMENTARIA,43.712114665339776,39.51974921605724,8.922736686972456,628.9089268732538,1309.927632592565,97.92536316277136,2.2589013255851618,1.100888814003931,0.11404170000467644,1.6635026012178344,-76.067566,6.69839
Productor - Subterráneo,Antioquia,Abriaquí,Santa Teresa,6.698907,-76.049286,Oro-Au,Oro-Au,Sin_Clasificar,ROCA SEDIMENTARIA,46.84407972865436,39.78009788862471,8.7980715220313,731.0322731724625,5208.521767892697,92.94400276794383,9.63046157719347,7.0776117775962115,0.11653396270638094,4.623335643979499,-76.049286,6.698907
Productor pasado - Subterráneo,Antioquia,Yalí,<Nulo>,6.700305,-74.85078,Oro-Au,Oro-Au,Sin_Clasificar,ROCA_ÍGNEA_PLUTÓNICA,114.48645614711069,48.378164445588,9.698736353623062,530.7994874098948,177.31742523767826,48.79833733583636,1.6945345441416835,0.7704996200617287,6.417913313039042e-05,3.501564938825945,-74.85078,6.700305
Productor - Subterráneo,Antioquia,Belmira,Belmira,6.70125,-75.69971,Oro-Au,Oro-Au,Sin_Clasificar,ROCA_METAMÓRFICA,170.41732358785163,44.63593728522225,10.064941523861323,530.7253629951063,498.3692736189716,163.69481835424696,0.27093769693684777,0.09994019094972158,0.08020887841575942,0.5146691635087557,-75.69971,6.70125
Productor - Subterráneo,Antioquia,Abriaquí,Santa Teresa,6.701511,-76.06663,Oro-Au,Oro-Au,Sin_Clasificar,ROCA SEDIMENTARIA,44.253228260065356,39.52392492524631,8.952744229810774,604.4212784144504,836.0406355062729,99.33977878306975,1.3253407116374925,0.8670675037726837,0.11605224689085512,1.787205300281364,-76.06663,6.701511
Productor - Subterráneo,Antioquia,Abriaquí,Santa Teresa,6.70557,-76.06635,Oro-Au,Oro-Au,Sin_Clasificar,ROCA SEDIMENTARIA,44.80371135813996,39.515949843194946,8.995918867021453,572.930462737565,245.59545691112828,110.71583176849495,0.1839040297041681,0.5631896778832901,0.11694559169094254,1.9753650903808233,-76.06635,6.70557
Productor - Subterráneo,Antioquia,Abriaquí,Santa Teresa,6.706613,-76.06547,Oro-Au,Oro-Au,Sin_Clasificar,ROCA SEDIMENTARIA,45.11710929398449,39.525400373281585,9.000375068882816,588.7542481889927,498.91863722710247,103.59015782125427,0.6736998319267677,0.6982585805162901,0.11752211696968619,1.9159680443172442,-76.06547,6.706613
Productor - Subterráneo,Antioquia,Abriaquí,Santa Teresa,6.706613,-76.063194,Oro-Au,Oro-Au,Sin_Clasificar,ROCA SEDIMENTARIA,45.548726497947776,39.55780209697713,8.983680442136675,612.3774323534454,1025.4790511980416,92.58856502293895,1.7056112073850884,1.0074064121795698,0.11858354161576931,1.8783335219738404,-76.063194,6.706613
Productor - Subterráneo,Antioquia,Abriaquí,Santa Teresa,6.707302,-76.062614,Oro-Au,Oro-Au,Sin_Clasificar,ROCA SEDIMENTARIA,45.74097443087517,39.564008540775845,8.986746342818419,624.622513258083,1205.1472368244247,88.9279095384896,2.0906768388517047,1.1242516594636622,0.11897919233162987,1.8957650522400904,-76.062614,6.707302
Productor pasado - Subterráneo,Antioquia,Abriaquí,Santa Teresa,6.710276,-76.05125,Oro-Au,Oro-Au,Sin_Clasificar,ROCA SEDIMENTARIA,47.686775115577184,39.71678761049252,8.942299546323053,686.4365678763767,3155.224649356177,78.0334833924265,5.951392068940383,2.7325727860327476,0.10611690495696784,2.530833134390161,-76.05125,6.710276
Productor - Subterráneo,Antioquia,Abriaquí,Santa Teresa,6.717923,-76.058692,Oro-Au,Oro-Au,Sin_Clasificar,ROCA SEDIMENTARIA,47.870413701971195,39.5878973472388,9.058064067984294,708.8335046879937,1390.9801595686167,51.24510077825688,3.058389984791239,1.0928552975406438,0.1077537413327892,1.8283285894147034,-76.058692,6.717923
Productor pasado - Subterráneo,Antioquia,Amalfi,Guayabito,6.810897,-75.08943,Oro-Au,,Sin_Clasificar,ROCA ÍGNEA PLUTÓNICA,39.87593263429744,47.25528702902694,8.987149657753319,516.7350085114724,311.5780934500037,68.81284842841049,0.26053137296888806,0.2988911811958079,0.027587868317954088,1.3674473668132638,-75.08943,6.810897
Productor pasado - Subterráneo,Antioquia,Amalfi,El Retiro,6.813104,-75.05826,Oro-Au,Oro-Au,Sin_Clasificar,ROCA ÍGNEA PLUTÓNICA,46.64114937576705,47.275559064799154,8.676562902023502,502.19536284587593,310.992612373541,68.33000952073715,0.27750618566520463,0.2843568525736441,0.027201631838846867,1.3396593685194822,-75.05826,6.813104
Productor pasado - Subterráneo,Antioquia,Amalfi,La Guyana,6.819206,-75.119286,Oro-Au,,Sin_Clasificar,ROCA METAMÓRFICA,34.581232412037785,47.13443556174994,9.200965703505691,526.8929734674269,311.5087787215841,63.878743248551714,0.21309449410893527,0.30321973059505386,0.028232130115600846,1.3834515878260847,-75.119286,6.819206
Productor - Subterráneo,Antioquia,Amalfi,Guayabito,6.829612,-75.08071,Oro-Au,,Sin_Clasificar,ROCA METAMÓRFICA,45.266848702011536,47.09479774302432,8.613829010316636,510.2497428066696,316.821190097679,68.28529147929827,0.24971427410555577,0.2953658443589821,0.02793818326125738,1.3365660466802254,-75.08071,6.829612
Productor pasado - Subterráneo,Antioquia,Amalfi,Caracolí,6.841972,-75.12732,Oro-Au,Oro-Au,Sin_Clasificar,ROCA METAMÓRFICA,39.45779226124332,46.909604311637295,8.997364684209684,527.1824741894607,309.6188871755756,65.18809052948903,0.19087994797752958,0.31593544664585793,0.02961022327333317,1.3472698866398332,-75.12732,6.841972
Productor pasado - Subterráneo,Antioquia,Amalfi,Caracolí,6.842412,-75.10334,Oro-Au,Oro-Au,Sin_Clasificar,ROCA METAMÓRFICA,42.35124137130235,46.943797090174364,8.670008623410215,521.1379122454796,312.805730270976,66.92424790915065,0.2212282040644675,0.2992969882374156,0.029219462048744684,1.3223679797765613,-75.10334,6.842412
Productor - Subterráneo,Antioquia,Amalfi,La Blanquita,6.861359,-75.07453,Oro-Au,,Sin_Clasificar,ROCA METAMÓRFICA,50.214305162235426,46.81156800493715,7.876532445751412,514.1307561555795,311.5646890754663,74.55855321282225,0.24095032415694534,0.2900288080855968,0.028178617898966866,1.2732533535617303,-75.07453,6.861359
Productor pasado - Subterráneo,Antioquia,Amalfi,La Blanquita,6.86452,-75.058944,Oro-Au,Oro-Au,Sin_Clasificar,ROCA METAMÓRFICA,53.69147236237786,46.80447791959516,7.5791554078498855,504.78044960780574,311.50646121777254,73.18873906857202,0.24956609624398685,0.2978598686620666,0.031924184064133415,1.2657094474530761,-75.058944,6.86452
Productor pasado - Subterráneo,Antioquia,Amalfi,Caracolí,6.870058,-75.103988,Oro-Au,Oro-Au,Sin_Clasificar,ROCA METAMÓRFICA,45.68888394611315,46.68744564151643,8.157416117003475,528.7245764607786,310.51926066111554,72.55142112374514,0.21871373509274716,0.3004407713246303,0.029542404649261146,1.2647778242093712,-75.103988,6.870058
Productor pasado - Subterráneo,Antioquia,Amalfi,El Guiaco,6.875223,-75.144544,Oro-Au,,Sin_Clasificar,ROCA METAMÓRFICA,39.495950791494415,46.57099325737601,8.757240113620185,525.8307477329215,308.91909991512574,69.21816504751946,0.19085516167177538,0.3036225759610804,0.029189087363974017,1.2532840749321494,-75.144544,6.875223
Productor - Subterráneo,Antioquia,Amalfi,El Guiaco,6.881311,-75.13875,Oro-Au,,Sin_Clasificar,ROCA METAMÓRFICA,42.04236114779902,46.52529788730782,8.5674077580813,518.1812887290076,308.4217010213706,73.5775088952789,0.19731701373648713,0.2945702314737229,0.029331672665937135,1.2380723367835407,-75.13875,6.881311
Productor pasado - Subterráneo,Antioquia,Amalfi,María Teresa,6.896059,-75.117016,Oro-Au,,Sin_Clasificar,ROCA METAMÓRFICA,47.77625217841463,46.42717197789762,7.884147204754973,534.7983340274618,297.43698539009364,76.67167000430334,0.2224929362597101,0.27226227921916635,0.03286638526959861,1.1551422357573076,-75.117016,6.896059
Productor - Subterráneo,Antioquia,Amalfi,El Guiaco,6.902506,-75.165259,Oro-Au,,Sin_Clasificar,ROCA METAMÓRFICA,43.57908983697345,46.279957193272104,8.723176364895522,517.5204079337296,291.3046384374485,76.82057152652003,0.14259810186304162,0.2532850432010619,0.027272299320184868,0.9687593975992544,-75.165259,6.902506
Productor - Subterráneo,Antioquia,Amalfi,María Teresa,6.903815,-75.121448,Oro-Au,,Sin_Clasificar,ROCA METAMÓRFICA,50.5102861687724,46.348668042280984,7.833240787016526,523.7523414186811,296.59628481563425,77.48239842617016,0.22282471106417034,0.2656726805933791,0.03335746574255139,1.0937732445362465,-75.121448,6.903815
Productor pasado - Subterráneo,Antioquia,Amalfi,María Teresa,6.905741,-75.138089,Oro-Au,Oro-Au,Sin_Clasificar,ROCA METAMÓRFICA,47.421239364938266,46.30202105986139,8.165063167309398,521.6912833117215,292.3408364056519,78.3043432767322,0.1417749227782731,0.2633847491702903,0.03202663766124676,1.0373564440313399,-75.138089,6.905741
Productor - Subterráneo,Antioquia,Amalfi,La Gurria,6.90673,-75.02409,Oro-Au,Oro-Au,Sin_Clasificar,ROCA METAMÓRFICA,72.19650669212639,46.467842721930246,5.672245768416784,535.8492219665269,309.6792183542366,88.61816323633057,0.25500783639759367,0.27819751708492435,0.034560939607055544,1.2007153952558236,-75.02409,6.90673
Productor - Subterráneo,Antioquia,Amalfi,El Guiaco,6.908036,-75.154822,Oro-Au,,Sin_Clasificar,ROCA METAMÓRFICA,46.061289822194624,46.249869811773934,8.467040296941958,526.9348953913069,278.7019084544375,76.68422045117117,0.14372368829781879,0.25155244483680456,0.03072360644015452,0.9621885577507058,-75.154822,6.908036
Productor pasado - Subterráneo,Antioquia,Amalfi,La Víbora,6.918503,-75.08977,Oro-Au,Oro-Au,Sin_Clasificar,ROCA METAMÓRFICA,56.957791605570236,46.26527190196469,6.707553047106437,537.093176544327,296.61192713243423,91.21090090964249,0.23992175279659153,0.2580631851860906,0.03487348376255969,1.081875565163413,-75.08977,6.918503
Productor pasado - Subterráneo,Antioquia,Amalfi,María Teresa,6.918605,-75.134608,Oro-Au,Oro-Au,Sin_Clasificar,ROCA METAMÓRFICA,51.89407936290114,46.19083290123621,7.883544585583899,523.6889523201374,278.51254535824944,89.16827120107175,0.1430839505146467,0.2536503250322562,0.032400276116822134,0.9539886449847437,-75.134608,6.918605
Productor - Subterráneo,Antioquia,Amalfi,Las Ánimas,6.946743,-75.039388,Oro-Au,Oro-Au,Sin_Clasificar,ROCA METAMÓRFICA,75.92900757893474,46.081086191893895,4.216428893844132,522.3348126643778,293.0405235604134,105.22678593060775,0.2591020015074548,0.3753885475385115,0.0366879053488557,1.0115176061536164,-75.039388,6.946743
Productor pasado - Subterráneo,Antioquia,Amalfi,Los Mangos,6.952355,-75.084305,Oro-Au,Oro-Au,Sin_Clasificar,ROCA METAMÓRFICA,64.40142220026449,45.96698680635753,5.7024228153416,529.7782799987274,278.27558709916667,101.76828608639754,0.14762815402066343,0.3742439749648937,0.0379568211831625,0.8899111220848381,-75.084305,6.952355
Productor pasado - Subterráneo,Antioquia,Amalfi,Salazar,6.955224,-75.039098,Oro-Au,Oro-Au,Sin_Clasificar,ROCA METAMÓRFICA,77.37303619714251,46.004513817083584,3.848134382357881,521.1127126740417,292.7674146755269,151.16823854323738,0.2592165536331017,0.3803794257119157,0.03949730136458843,0.9489172173645237,-75.039098,6.955224
Productor pasado - Subterráneo,Antioquia,Amalfi,Cestillal,6.965012,-75.013801,Oro-Au,Oro-Au,Sin_Clasificar,ROCA METAMÓRFICA,83.98200258554085,45.95124987142696,2.5673957555191915,487.4440585854693,293.0037405537687,173.6893921697683,0.2656441810713437,0.41104330819145124,0.04015160551298106,0.9490863478219622,-75.013801,6.965012
Productor pasado - Subterráneo,Antioquia,Amalfi,Cestillal,6.971217,-75.007986,Oro-Au,Oro-Au,Sin_Clasificar,ROCA METAMÓRFICA,86.0770889818443,45.903412460403274,2.077099612547036,485.88161293336924,292.9526039447219,176.7637686531393,0.2725171016803199,0.4143904371848331,0.04299995241806566,0.9459809535158116,-75.007986,6.971217
Productor - Subterráneo,Antioquia,Amalfi,Cestillal,6.981727,-74.99649,Oro-Au,Oro-Au,Sin_Clasificar,ROCA METAMÓRFICA,89.8921761799912,45.82664541906655,1.3288150590554226,473.1722024507004,292.9141250656636,188.2231931439415,0.264466327925457,0.44029866162374093,0.04339849742470318,0.9419291037097829,-74.99649,6.981727
Productor - Subterráneo,Antioquia,Amalfi,Romazón,6.992903,-75.018715,Oro-Au,Oro-Au,Sin_Clasificar,ROCA METAMÓRFICA,86.7302284562167,45.69316697120483,1.424711762319409,461.19760515901606,285.5249015087386,194.64097968732656,0.2693021287868836,0.44948348443459074,0.04394407128795619,0.831714448869189,-75.018715,6.992903
Productor pasado - Subterráneo,Antioquia,Amalfi,Cestillal,6.993111,-74.99108,Oro-Au,Oro-Au,Sin_Clasificar,ROCA METAMÓRFICA,92.34070895924808,45.73488020215753,0.8188758130286208,470.62388446795643,282.12272856523686,192.86848111660328,0.27554823860647504,0.44642869348514086,0.043365302530812735,0.9359997703032242,-74.99108,6.993111
Productor pasado - Subterráneo,Antioquia,Amalfi,Romazón,7.001527,-74.99213,Oro-Au,Oro-Au,Sin_Clasificar,ROCA METAMÓRFICA,92.99018283231204,45.659735020432954,0.5869825090251484,457.8542474311429,282.11257287362804,201.37749536371462,0.27489736009412324,0.45128566137761833,0.04377556178581842,0.8892301174335007,-74.99213,7.001527
Productor pasado - Subterráneo,Antioquia,Amalfi,Romazón,7.020841,-74.99561,Oro-Au,Oro-Au,Sin_Clasificar,ROCA METAMÓRFICA,93.69496711019164,45.499887802047915,1.5122296078460264,453.75807657318387,289.170464527782,209.80359368793853,0.14969442541014122,0.46302082883524476,0.045490914468275315,0.823425479755906,-74.99561,7.020841
Productor - Subterráneo,Antioquia,Amalfi,Romazón,7.031823,-75.006546,Oro-Au,Oro-Au,Sin_Clasificar,ROCA METAMÓRFICA,92.12305044210802,45.39421629018726,2.245973107755117,449.2708085344064,289.07982911578546,208.64197598792228,0.13610062138067094,0.4469388383121043,0.04704830292167066,0.8139401686086918,-75.006546,7.031823
Productor - Subterráneo,Antioquia,Amalfi,El Jardín,7.049746,-74.9385,Oro-Au,Oro-Au,Sin_Clasificar,ROCA METAMÓRFICA,123.52454536060829,45.401988299483754,4.895122619695772,441.2752112706943,289.5643329900549,216.91280263637776,0.2672198934472728,0.4624103821051797,0.04581136631902827,0.8271518762111102,-74.9385,7.049746
Productor - Subterráneo,Antioquia,Segovia,La Cruzada,7.071684,-74.728898,Oro-Au,,Sin_Clasificar,ROCA METAMÓRFICA,120.41809654487516,45.716312645385,9.439016517690753,484.9323096798195,158.42325097275037,39.55558295563129,1.1148810495763128,0.5573044754232834,0.030881175374281082,2.10936662506421,-74.728898,7.071684
Ocurrencia,Antioquia,Peque,San José,7.071862,-75.880288,Oro-Au,Oro-Au,Sin_Clasificar,ROCA_ÍGNEA_VOLCÁNICA,336.90435272946286,40.39922961342142,7.59287092635998,821.7711636828125,1341.7728816044157,52.309944100921044,0.20041845105014267,0.08461420665260123,0.06043208159680329,0.7211004993366076,-75.880288,7.071862
Ocurrencia,Antioquia,Peque,San José,7.073305,-75.879171,Oro-Au,Oro-Au,Sin_Clasificar,ROCA_ÍGNEA_VOLCÁNICA,337.7170573002777,40.40319883891419,7.656016468739924,710.5549700080678,1274.5444168575177,64.91267808936837,0.19505529207037617,0.08803774952678702,0.045950210730315105,0.6665746439756957,-75.879171,7.073305
Ocurrencia,Antioquia,Peque,San José,7.074491,-75.876344,Oro-Au,Oro-Au,Sin_Clasificar,ROCA_ÍGNEA_VOLCÁNICA,339.15359631894063,40.42521122237705,7.758669093360064,575.7993782311813,1199.12062110379,66.30970390768077,0.18917599303770577,0.09536927388520106,0.025922480840541544,0.5858064509471385,-75.876344,7.074491
Productor pasado - Subterráneo,Antioquia,Peque,San José,7.077675,-75.876897,Oro-Au,Oro-Au,Sin_Clasificar,ROCA_ÍGNEA_VOLCÁNICA,339.6828546606859,40.40417902716763,7.815280897895829,453.3954712524894,1069.1096561265613,69.23175097423189,0.1774939430851213,0.09995511433036258,0.002058231456399826,0.5005208245336211,-75.876897,7.077675
Productor - Subterráneo,Antioquia,Amalfi,El Jardín,7.07779,-74.968575,Oro-Au,,Sin_Clasificar,ROCA METAMÓRFICA,114.68479045143361,45.11370765612136,5.122953140684968,413.2999160109452,289.41169733724456,232.419445630711,0.13615806731598137,0.4539412328705054,0.048238173745704035,0.7520723559602512,-74.968575,7.07779
Productor pasado - Subterráneo,Antioquia,Amalfi,La Vetilla,7.144469,-74.91018,Oro-Au,,Sin_Clasificar,ROCA METAMÓRFICA,158.4162997936255,44.72813394627656,8.354465630255762,440.9619864327376,289.81004884149564,260.3643819828195,0.13625059750827628,0.4171430859576321,0.05348584005161796,0.6739081567159588,-74.91018,7.144469
Productor pasado - Subterráneo,Antioquia,Amalfi,La Vetilla,7.160735,-74.91003,Oro-Au,Oro-Au,Sin_Clasificar,ROCA METAMÓRFICA,164.97012871490944,44.601392000358295,8.69611235462464,478.96464293255474,289.84012116242735,287.7639475519544,0.13622795090750434,0.408898907982297,0.054076551355105404,0.6716285410969532,-74.91003,7.160735
Productor - Subterráneo,Antioquia,Amalfi,Los Toros,7.183142,-74.94742,Oro-Au,Oro-Au,Sin_Clasificar,ROCA METAMÓRFICA,182.47771030855793,44.33379289806108,8.67550756257366,530.9226292277943,289.6706422888146,289.144824337279,0.13606982667001785,0.42692268952515594,0.06079653529367671,0.6626332922691293,-74.94742,7.183142
Productor pasado - Subterráneo,Antioquia,Amalfi,La Vetilla,7.187779,-74.91428,Oro-Au,Oro-Au,Sin_Clasificar,ROCA METAMÓRFICA,176.98759007234966,44.37874089317661,9.106472371041974,512.5869894299567,289.8807145766383,289.7386071819068,0.1361803114587013,0.41958105122549383,0.05951783216769077,0.6676436717633044,-74.91428,7.187779
Productor - Subterráneo,Antioquia,Amalfi,La Vetilla,7.188856,-74.92363,Oro-Au,Oro-Au,Sin_Clasificar,ROCA METAMÓRFICA,178.66634357429925,44.34680849255429,9.01277430243342,534.8364257418641,289.83046205451603,283.4026469531424,0.1361481655900076,0.4213927199545233,0.06063796667132304,0.6660510866949291,-74.92363,7.188856
Productor - Subterráneo,Antioquia,Anzá,Anzá,6.276749,-75.90633,Yeso-CaSO4·2H2O,Yeso CaSO4·2H2O,Volcanogénico,ROCA_ÍGNEA_VOLCANICLÁSTICA,114.50200676354491,43.84701615873259,9.341911788700985,42.77930075508952,27294.892149605083,137.0314438465192,6.0824855480142235,0.060380784582728865,0.0013386301185379886,8.12527593856799,-75.90633,6.276749
Productor - Subterráneo,Antioquia,Anzá,Anzá,6.279076,-75.90504,Yeso-CaSO4·2H2O,Yeso CaSO4·2H2O,Volcanogénico,ROCA_ÍGNEA_VOLCANICLÁSTICA,115.9273743240784,43.86420545476702,9.338843691158939,57.86938483416458,17208.95085749198,208.80332437175238,3.8272579951971544,0.07390072700832631,0.0018139756772861703,5.3077916162234,-75.90504,6.279076
Prospecto,Antioquia,Anzá,El Pedrero,6.28148,-75.901427,Oro-Au,Pirita-FeS2,Volcanogénico,ROCA ÍGNEA VOLCÁNICA,117.61087578079446,43.92688695645236,9.354089314700882,105.52492736119949,5992.970680818929,196.64631107614264,1.1425994673509858,0.0664081650963865,0.009315334918998447,2.500044916302576,-75.901427,6.28148
Prospecto,Antioquia,Anzá,El Pedrero,6.28228,-75.90021,Oro-Au,Pirita-FeS2,Volcanogénico,ROCA ÍGNEA VOLCÁNICA,118.22196318104247,43.94799677604923,9.35926919930264,122.77611412996137,4444.866832725275,176.8617414248298,0.6766112838913101,0.05912677234291987,0.012672729502095465,2.0743889643659483,-75.90021,6.28228
Prospecto,Antioquia,Guadalupe,Guadalupe,6.826929,-75.21235,Cobre-Cu,Calcopirita-CuFeS2,Volcanogénico,ROCA_SEDIMENTARIA,56.94495205494037,46.87920018472826,9.954131724978897,411.68591513785634,310.33617122929417,118.20894029022338,0.22284641730992233,0.45821809324654583,0.04187034259764579,1.5303295564416988,-75.21235,6.826929
Prospecto,Antioquia,Guadalupe,Guadalupe,6.828485,-75.21185,Cobre-Cu,Calcopirita-CuFeS2,Volcanogénico,ROCA_SEDIMENTARIA,56.22202856018123,46.86570337433276,9.940427680322964,415.43392471805976,310.1078080081012,117.4178626630092,0.21071580709118481,0.4377535587390869,0.0412113812254096,1.5194982822634795,-75.21185,6.828485
Prospecto,Antioquia,Guadalupe,Guadalupe,6.830638,-75.211365,Cobre-Cu,Calcopirita-CuFeS2,Volcanogénico,ROCA_SEDIMENTARIA,55.164314490904474,46.8465406986121,9.922107555706125,425.2622923041348,309.78228255141147,114.40396989400672,0.19251942077113818,0.4088765095780505,0.039971988356070375,1.5052430848869147,-75.211365,6.830638
Prospecto,Antioquia,Guadalupe,Guadalupe,6.832645,-75.21202,Cobre-Cu,Calcopirita-CuFeS2,Volcanogénico,ROCA_SEDIMENTARIA,54.40791974802634,46.826012768683235,9.910259918982813,438.46979214271636,309.49525757441035,108.81454977601022,0.18517297259443108,0.4004940518758397,0.0387665150687792,1.4949207906057629,-75.21202,6.832645
Ocurrencia,Antioquia,Guadalupe,San Julián,6.832691,-75.211182,Cobre-Cu,Pirita-FeS2,Volcanogénico,ROCA ÍGNEA PLUTÓNICA,54.14953299301714,46.827607891860204,9.90569616169422,435.91055613767173,309.46376411647276,109.79734646393445,0.1819389167537839,0.39621516517657446,0.0388617026121406,1.492443540517341,-75.211182,6.832691
Ocurrencia,Antioquia,Guadalupe,San Julián,6.832771,-75.211581,Cobre-Cu,Pirita-FeS2,Volcanogénico,ROCA ÍGNEA PLUTÓNICA,54.22565101265215,46.82588801981389,9.90710572639191,437.324499028227,309.46271483426335,109.09254949240909,0.18326760337133932,0.39825804259012193,0.03878309017305628,1.4929990057641043,-75.211581,6.832771
