X_proj,Y_proj,prob_evento
4549725.24,2418759.2530000005,0.1354073507078078
4549725.24,2423759.2530000005,0.13449805181448649
4554725.24,2413759.2530000005,0.13601204866715136
4554725.24,2418759.2530000005,0.1350069592969319
4554725.24,2423759.2530000005,0.13407145535557244
4554725.24,2428759.2530000005,0.1332029133107817
4559725.24,2408759.2530000005,0.13668588388306105
4559725.24,2413759.2530000005,0.13556926768855224
4559725.24,2418759.2530000005,0.13453355064399722
4559725.24,2423759.2530000005,0.13357561263670323
4559725.24,2428759.2530000005,0.13269161431295406
4559725.24,2433759.2530000005,0.13187728553992797
4559725.24,2438759.2530000005,0.1311281449634931
4559725.24,2443759.2530000005,0.130439662615579
4564725.24,2298759.2530000005,0.22881935830286648
4564725.24,2303759.2530000005,0.22838980468866835
4564725.24,2308759.2530000005,0.2291833079386031
4564725.24,2403759.2530000005,0.13744132684143182
4564725.24,2408759.2530000005,0.13619380334034206
4564725.24,2413759.2530000005,0.13504107129092255
4564725.24,2418759.2530000005,0.13397938983680058
4564725.24,2423759.2530000005,0.13300404916202027
4564725.24,2428759.2530000005,0.13210977438206373
4564725.24,2433759.2530000005,0.13129102748603713
4564725.24,2438759.2530000005,0.13054222637534357
4564725.24,2443759.2530000005,0.12985789842843565
4564725.24,2448759.2530000005,0.12923278360857765
4564725.24,2463759.2530000005,0.12766448402113287
4569725.24,2288759.2530000005,0.23133554143514157
4569725.24,2293759.2530000005,0.22371000383736747
4569725.24,2298759.2530000005,0.22174455785685418
4569725.24,2303759.2530000005,0.22129778242559645
4569725.24,2308759.2530000005,0.22236725666383186
4569725.24,2313759.2530000005,0.22482933218862544
4569725.24,2398759.2530000005,0.13829409045420435
4569725.24,2403759.2530000005,0.13689149224718136
4569725.24,2408759.2530000005,0.13560095455225527
4569725.24,2413759.2530000005,0.13441794514536787
4569725.24,2418759.2530000005,0.13333660952081733
4569725.24,2423759.2530000005,0.13235034579266444
4569725.24,2428759.2530000005,0.13145222570295004
4569725.24,2433759.2530000005,0.13063529284484302
4569725.24,2453759.2530000005,0.12804884488479026
4569725.24,2503759.2530000005,0.12462449256236353
4574725.24,2283759.2530000005,0.23049819674854805
4574725.24,2288759.2530000005,0.2203564517907411
4574725.24,2293759.2530000005,0.21625378860941624
4574725.24,2298759.2530000005,0.21388207123881048
4574725.24,2303759.2530000005,0.21341347960580326
4574725.24,2308759.2530000005,0.2148510181606971
4574725.24,2313759.2530000005,0.21801888512574197
4574725.24,2398759.2530000005,0.13767605022666768
4574725.24,2403759.2530000005,0.13622164299550674
4574725.24,2408759.2530000005,0.1348955064767172
4574725.24,2413759.2530000005,0.13369024378671956
4574725.24,2418759.2530000005,0.13259746399983902
4574725.24,2423759.2530000005,0.13160837712546009
4574725.24,2428759.2530000005,0.13071420404371611
4574725.24,2448759.2530000005,0.12792393163842408
4574725.24,2453759.2530000005,0.12738695016668528
4574725.24,2458759.2530000005,0.1269018319359319
4574725.24,2503759.2530000005,0.12416325226467666
4574725.24,2508759.2530000005,0.12398268070405637
4579725.24,2278759.2530000005,0.23327083049072844
4579725.24,2283759.2530000005,0.2241138851156754
4579725.24,2288759.2530000005,0.21316669285317114
4579725.24,2293759.2530000005,0.20810075725492277
4579725.24,2298759.2530000005,0.20518417307962636
4579725.24,2303759.2530000005,0.2046805175952332
4579725.24,2308759.2530000005,0.20660941221640036
4579725.24,2313759.2530000005,0.21072051730408126
4579725.24,2328759.2530000005,0.2308941153732249
4579725.24,2333759.2530000005,0.23841902031378515
4579725.24,2398759.2530000005,0.13691352747816654
4579725.24,2403759.2530000005,0.13541688969757665
4579725.24,2408759.2530000005,0.13406552081113016
4579725.24,2413759.2530000005,0.13284855853007213
4579725.24,2418759.2530000005,0.13175466898875834
4579725.24,2423759.2530000005,0.1307726142970411
4579725.24,2428759.2530000005,0.12989161188169135
4579725.24,2498759.2530000005,0.12386429604126017
4579725.24,2503759.2530000005,0.12368520666426144
4579725.24,2508759.2530000005,0.12352356815690739
4584725.24,2258759.2530000005,0.25115428478254975
4584725.24,2263759.2530000005,0.24189661382077146
4584725.24,2268759.2530000005,0.22863440949147373
4584725.24,2273759.2530000005,0.24071439228812402
4584725.24,2278759.2530000005,0.22882767421083722
4584725.24,2283759.2530000005,0.21778567201285165
4584725.24,2288759.2530000005,0.20567244165965698
4584725.24,2293759.2530000005,0.1993339968297615
4584725.24,2298759.2530000005,0.19567349571472553
4584725.24,2303759.2530000005,0.19510264664836174
4584725.24,2308759.2530000005,0.1976847823842084
4584725.24,2313759.2530000005,0.20306754047503536
4584725.24,2318759.2530000005,0.21050746565010695
4584725.24,2323759.2530000005,0.21916570844436511
4584725.24,2328759.2530000005,0.22819288524544953
4584725.24,2333759.2530000005,0.23700052373202307
4584725.24,2393759.2530000005,0.13768955214083967
4584725.24,2398759.2530000005,0.13598753458646518
4584725.24,2403759.2530000005,0.13446230807210358
4584725.24,2408759.2530000005,0.1330994970979295
4584725.24,2413759.2530000005,0.13188421129019695
4584725.24,2418759.2530000005,0.13080183317827862
4584725.24,2423759.2530000005,0.12983849267113706
4584725.24,2428759.2530000005,0.1289813258522877
4584725.24,2433759.2530000005,0.1282185899117976
4584725.24,2473759.2530000005,0.12445778305736352
4584725.24,2493759.2530000005,0.12352464490500371
4584725.24,2498759.2530000005,0.12334888729934379
4584725.24,2503759.2530000005,0.1231914036040003
4584725.24,2508759.2530000005,0.12305029360446673
4584725.24,2513759.2530000005,0.12292387262840172
4589725.24,2243759.2530000005,0.2877641420344037
4589725.24,2248759.2530000005,0.2800657492713888
4589725.24,2253759.2530000005,0.26475385369287446
4589725.24,2258759.2530000005,0.25427973812889865
4589725.24,2263759.2530000005,0.24395138385416218
4589725.24,2268759.2530000005,0.22923329990041144
4589725.24,2273759.2530000005,0.23942785172290137
4589725.24,2278759.2530000005,0.2253379316325548
4589725.24,2283759.2530000005,0.21199033268550674
4589725.24,2288759.2530000005,0.1982366596932077
4589725.24,2293759.2530000005,0.19022035138069449
4589725.24,2298759.2530000005,0.1855362813037527
4589725.24,2303759.2530000005,0.1848291594988913
4589725.24,2308759.2530000005,0.18826801938036056
4589725.24,2313759.2530000005,0.1953786186154778
4589725.24,2318759.2530000005,0.20503171782543558
4589725.24,2323759.2530000005,0.2158811972817991
4589725.24,2328759.2530000005,0.22673650631605213
4589725.24,2333759.2530000005,0.23689105505881503
4589725.24,2388759.2530000005,0.13856603688006125
4589725.24,2393759.2530000005,0.13661346734592575
4589725.24,2398759.2530000005,0.1348792238082041
4589725.24,2403759.2530000005,0.13334376734740747
4589725.24,2408759.2530000005,0.13198710578965092
4589725.24,2413759.2530000005,0.130789880397214
4589725.24,2418759.2530000005,0.12973397918878884
4589725.24,2423759.2530000005,0.12880283756949565
4589725.24,2428759.2530000005,0.12798153983468943
4589725.24,2433759.2530000005,0.12725679940993684
4589725.24,2438759.2530000005,0.1266168697969886
4589725.24,2443759.2530000005,0.12605142000604222
4589725.24,2453759.2530000005,0.12510887965877773
4589725.24,2458759.2530000005,0.12471695708954454
4589725.24,2463759.2530000005,0.12436959295213164
4589725.24,2468759.2530000005,0.12406151977650036
4589725.24,2473759.2530000005,0.12378813827826517
4589725.24,2478759.2530000005,0.12354542970645435
4589725.24,2483759.2530000005,0.12332987917735236
4589725.24,2488759.2530000005,0.12313840896276591
4589725.24,2493759.2530000005,0.12296832064622203
4589725.24,2498759.2530000005,0.12281724508641849
4589725.24,2503759.2530000005,0.12268309919698776
4589725.24,2508759.2530000005,0.12256404864231829
4589725.24,2513759.2530000005,0.12245847564678684
4594725.24,2243759.2530000005,0.3414512758458567
4594725.24,2248759.2530000005,0.28647909329012805
4594725.24,2253759.2530000005,0.2772256824186952
4594725.24,2258759.2530000005,0.2663514200645904
4594725.24,2263759.2530000005,0.2478270147409607
4594725.24,2268759.2530000005,0.2314831026090233
4594725.24,2273759.2530000005,0.24023296711341754
4594725.24,2278759.2530000005,0.2236493221275865
4594725.24,2283759.2530000005,0.20755741997994054
4594725.24,2288759.2530000005,0.1915741327945385
4594725.24,2293759.2530000005,0.18137881869615227
4594725.24,2298759.2530000005,0.175309868807393
4594725.24,2303759.2530000005,0.17434090553539863
4594725.24,2308759.2530000005,0.17886899508611426
4594725.24,2313759.2530000005,0.18833326244422408
4594725.24,2318759.2530000005,0.20096968190511216
4594725.24,2323759.2530000005,0.2145286404950439
4594725.24,2328759.2530000005,0.22735409329042838
4594725.24,2333759.2530000005,0.2387174735660273
4594725.24,2388759.2530000005,0.13730107089364954
4594725.24,2393759.2530000005,0.13531268428280763
4594725.24,2398759.2530000005,0.13357118166688461
4594725.24,2403759.2530000005,0.1320490431304135
4594725.24,2408759.2530000005,0.13072011195451066
4594725.24,2413759.2530000005,0.12956034869408573
4594725.24,2418759.2530000005,0.12854813870081824
4594725.24,2423759.2530000005,0.12766433134817748
4594725.24,2428759.2530000005,0.1268921276465868
4594725.24,2433759.2530000005,0.1262168903912379
4594725.24,2438759.2530000005,0.12562592245539556
4594725.24,2443759.2530000005,0.12510824018582511
4594725.24,2448759.2530000005,0.12465435693725266
4594725.24,2453759.2530000005,0.12425608434844353
4594725.24,2458759.2530000005,0.12390635445516164
4594725.24,2463759.2530000005,0.12359906310353122
4594725.24,2468759.2530000005,0.12332893367551798
4594725.24,2473759.2530000005,0.12309139941346432
4594725.24,2478759.2530000005,0.12288250234215957
4594725.24,2483759.2530000005,0.12269880675084877
4594725.24,2488759.2530000005,0.12253732529931172
4594725.24,2493759.2530000005,0.12239545598163001
4594725.24,2498759.2530000005,0.12227092837680775
4594725.24,2503759.2530000005,0.12216175781307038
4594725.24,2508759.2530000005,0.12206620625951296
4594725.24,2513759.2530000005,0.12198274892854379
4599725.24,2243759.2530000005,0.35288651991157793
4599725.24,2248759.2530000005,0.29471513149129186
4599725.24,2253759.2530000005,0.2854769118703362
4599725.24,2258759.2530000005,0.27427233662748296
4599725.24,2263759.2530000005,0.2609902904066959
4599725.24,2268759.2530000005,0.23609876180237432
4599725.24,2273759.2530000005,0.2224185259559006
4599725.24,2278759.2530000005,0.2250509022933774
4599725.24,2283759.2530000005,0.20586170216629548
4599725.24,2288759.2530000005,0.1869932308549149
4599725.24,2293759.2530000005,0.17404682835367805
4599725.24,2298759.2530000005,0.16620272584800258
4599725.24,2303759.2530000005,0.1648658532993209
4599725.24,2308759.2530000005,0.1706951580822922
4599725.24,2313759.2530000005,0.18344928598512947
4599725.24,2318759.2530000005,0.20002938582187302
4599725.24,2323759.2530000005,0.2166905520424745
4599725.24,2328759.2530000005,0.23122079024928152
4599725.24,2333759.2530000005,0.243221980496978
4599725.24,2373759.2530000005,0.14375118412256874
4599725.24,2378759.2530000005,0.1407092412220739
4599725.24,2383759.2530000005,0.13805637486398592
4599725.24,2388759.2530000005,0.13575520197422963
4599725.24,2393759.2530000005,0.1337657831049567
4599725.24,2398759.2530000005,0.13204915784853682
4599725.24,2403759.2530000005,0.1305692045693936
4599725.24,2408759.2530000005,0.12929346258459753
4599725.24,2413759.2530000005,0.12819334144797398
4599725.24,2418759.2530000005,0.12724398986784993
4599725.24,2423759.2530000005,0.12642399327624837
4599725.24,2428759.2530000005,0.12571500112423312
4599725.24,2433759.2530000005,0.12510134170344991
4599725.24,2438759.2530000005,0.12456965548084682
4599725.24,2443759.2530000005,0.12410856178647285
4599725.24,2448759.2530000005,0.12370836429228411
4599725.24,2453759.2530000005,0.1233607954908075
4599725.24,2458759.2530000005,0.12305879767784417
4599725.24,2463759.2530000005,0.12279633672681055
4599725.24,2468759.2530000005,0.12256824457351258
4599725.24,2473759.2530000005,0.12237008642046318
4599725.24,2478759.2530000005,0.12219804898808347
4599725.24,2483759.2530000005,0.12204884655227802
4599725.24,2488759.2530000005,0.1219196419391464
4599725.24,2493759.2530000005,0.12180798005861647
4599725.24,2498759.2530000005,0.121711731931035
4599725.24,2503759.2530000005,0.12162904748754204
4599725.24,2508759.2530000005,0.1215583157062334
4599725.24,2513759.2530000005,0.12149813088479103
4599725.24,2518759.2530000005,0.12144726405100584
4604725.24,2243759.2530000005,0.3807044563226129
4604725.24,2248759.2530000005,0.3546533097502919
4604725.24,2253759.2530000005,0.29619591546313495
4604725.24,2258759.2530000005,0.2851378368129786
4604725.24,2263759.2530000005,0.27153560386545816
4604725.24,2268759.2530000005,0.25532813103812746
4604725.24,2273759.2530000005,0.22891135945303243
4604725.24,2278759.2530000005,0.2313806454749581
4604725.24,2283759.2530000005,0.20905185936909995
4604725.24,2288759.2530000005,0.18676815327017499
4604725.24,2293759.2530000005,0.17055255117691118
4604725.24,2298759.2530000005,0.1601490297687487
4604725.24,2303759.2530000005,0.15974110461612356
4604725.24,2308759.2530000005,0.166660421781694
4604725.24,2313759.2530000005,0.18393885355243228
4604725.24,2318759.2530000005,0.20546143983273468
4604725.24,2323759.2530000005,0.22485009561597127
4604725.24,2328759.2530000005,0.23975792421360415
4604725.24,2368759.2530000005,0.14571002519771403
4604725.24,2373759.2530000005,0.14203575770402732
4604725.24,2378759.2530000005,0.1388831623669445
4604725.24,2383759.2530000005,0.13619225433439247
4604725.24,2388759.2530000005,0.13390238638657528
4604725.24,2393759.2530000005,0.1319567061939549
4604725.24,2398759.2530000005,0.13030418058196205
4604725.24,2403759.2530000005,0.12890020878268144
4604725.24,2408759.2530000005,0.12770646956301798
4604725.24,2413759.2530000005,0.12669039329423532
4604725.24,2418759.2530000005,0.12582448610362765
4604725.24,2423759.2530000005,0.1250856312366531
4604725.24,2428759.2530000005,0.12445443143542359
4604725.24,2433759.2530000005,0.12391462057498129
4604725.24,2438759.2530000005,0.12345255303648363
4604725.24,2443759.2530000005,0.12305676895588963
4604725.24,2448759.2530000005,0.12271762860148558
4604725.24,2453759.2530000005,0.12242700729884293
4604725.24,2458759.2530000005,0.12217804211270683
4604725.24,2463759.2530000005,0.121964922087565
4604725.24,2468759.2530000005,0.12178271477883293
4604725.24,2473759.2530000005,0.12162722282422561
4604725.24,2478759.2530000005,0.121494865282704
4604725.24,2483759.2530000005,0.12138257934872013
4604725.24,2488759.2530000005,0.12128773881271827
4604725.24,2493759.2530000005,0.12120808628519066
4604725.24,2498759.2530000005,0.12114167674062547
4604725.24,2503759.2530000005,0.12108683038273284
4604725.24,2508759.2530000005,0.12104209319736031
4604725.24,2513759.2530000005,0.12100620385762989
4604725.24,2518759.2530000005,0.12097806588869608
4604725.24,2523759.2530000005,0.12095672419713364
4609725.24,2243759.2530000005,0.39764551047892666
4609725.24,2248759.2530000005,0.37189037436661415
4609725.24,2253759.2530000005,0.30960295429605517
4609725.24,2258759.2530000005,0.2993552619916918
4609725.24,2263759.2530000005,0.28616974091128294
4609725.24,2268759.2530000005,0.26978278716969933
4609725.24,2273759.2530000005,0.2401434637675737
4609725.24,2278759.2530000005,0.24498149220862658
4609725.24,2283759.2530000005,0.22016062927295385
4609725.24,2288759.2530000005,0.19450890054534115
4609725.24,2293759.2530000005,0.17538429340408476
4609725.24,2298759.2530000005,0.16275690411080843
4609725.24,2303759.2530000005,0.16184082412086762
4609725.24,2308759.2530000005,0.17296959274114518
4609725.24,2313759.2530000005,0.19638613906784497
4609725.24,2318759.2530000005,0.22296709676673496
4609725.24,2323759.2530000005,0.24209394891326574
4609725.24,2328759.2530000005,0.2539315501063045
4609725.24,2333759.2530000005,0.2658679871397708
4609725.24,2338759.2530000005,0.27549115645178796
4609725.24,2363759.2530000005,0.14811108187289418
4609725.24,2368759.2530000005,0.1435822809760437
4609725.24,2373759.2530000005,0.13977817716690183
4609725.24,2378759.2530000005,0.1365963588424842
4609725.24,2383759.2530000005,0.13394075874007447
4609725.24,2388759.2530000005,0.1317258793088025
4609725.24,2393759.2530000005,0.12987801840081004
4609725.24,2398759.2530000005,0.12833490050681115
4609725.24,2403759.2530000005,0.12704456183194332
4609725.24,2408759.2530000005,0.12596397266753712
4609725.24,2413759.2530000005,0.12505765350016865
4609725.24,2418759.2530000005,0.1242964070960022
4609725.24,2423759.2530000005,0.12365621352519125
4609725.24,2428759.2530000005,0.12311729542365109
4609725.24,2433759.2530000005,0.12266334170671124
4609725.24,2438759.2530000005,0.12228087024813494
4609725.24,2443759.2530000005,0.12195870830109211
4609725.24,2448759.2530000005,0.12168757058746991
4609725.24,2453759.2530000005,0.12145971733460025
4609725.24,2458759.2530000005,0.12126867721495717
4609725.24,2463759.2530000005,0.12110902271693894
4609725.24,2468759.2530000005,0.12097618776108804
4609725.24,2473759.2530000005,0.12086631932146434
4609725.24,2478759.2530000005,0.120776156424283
4609725.24,2483759.2530000005,0.12070293121045604
4609725.24,2488759.2530000005,0.12064428780908595
4609725.24,2493759.2530000005,0.12059821561876016
4609725.24,2498759.2530000005,0.12056299427177748
4609725.24,2503759.2530000005,0.12053714809672267
4609725.24,2508759.2530000005,0.12051940832482602
4609725.24,2513759.2530000005,0.12050868162788841
4609725.24,2518759.2530000005,0.12050402384836693
4609725.24,2523759.2530000005,0.12050461799993013
4614725.24,2243759.2530000005,0.5376453344170177
4614725.24,2248759.2530000005,0.40698485611721275
4614725.24,2253759.2530000005,0.3800110428550798
4614725.24,2258759.2530000005,0.31707638664191784
4614725.24,2263759.2530000005,0.3052652912102001
4614725.24,2268759.2530000005,0.2898116484480038
4614725.24,2273759.2530000005,0.26390970176773876
4614725.24,2278759.2530000005,0.27494753714190606
4614725.24,2283759.2530000005,0.24270060846768157
4614725.24,2288759.2530000005,0.2147766997446199
4614725.24,2293759.2530000005,0.19450780865663247
4614725.24,2298759.2530000005,0.18181003114247846
4614725.24,2303759.2530000005,0.18184161806763466
4614725.24,2308759.2530000005,0.19833363656092323
4614725.24,2313759.2530000005,0.23048485174834255
4614725.24,2318759.2530000005,0.2584737614734589
4614725.24,2323759.2530000005,0.26884311178798825
4614725.24,2328759.2530000005,0.2735952138766357
4614725.24,2333759.2530000005,0.2811645465444438
4614725.24,2338759.2530000005,0.2911742122325406
4614725.24,2343759.2530000005,0.3054661410974037
4614725.24,2348759.2530000005,0.31305253311148495
4614725.24,2353759.2530000005,0.20811209681945778
4614725.24,2358759.2530000005,0.15109496541413356
4614725.24,2363759.2530000005,0.14538444081653956
4614725.24,2368759.2530000005,0.14071930534487626
4614725.24,2373759.2530000005,0.13691564461602973
4614725.24,2378759.2530000005,0.13381574006229488
4614725.24,2383759.2530000005,0.1312877283548183
4614725.24,2388759.2530000005,0.12922326189341726
4614725.24,2408759.2530000005,0.12407732207170483
4614725.24,2413759.2530000005,0.12330651402980106
4614725.24,2418759.2530000005,0.12267074998786248
4614725.24,2423759.2530000005,0.1221461029542017
4614725.24,2428759.2530000005,0.12171320651760846
4614725.24,2433759.2530000005,0.12135633120699034
4614725.24,2438759.2530000005,0.1210626544099961
4614725.24,2443759.2530000005,0.12082168351840675
4614725.24,2448759.2530000005,0.12062479970506537
4614725.24,2453759.2530000005,0.12046489641409279
4614725.24,2458759.2530000005,0.12033609215903851
4614725.24,2463759.2530000005,0.12023350165678523
4614725.24,2468759.2530000005,0.12015305283235034
4614725.24,2473759.2530000005,0.12009133997686797
4614725.24,2478759.2530000005,0.12004550547998612
4614725.24,2483759.2530000005,0.1200131442180401
4614725.24,2488759.2530000005,0.1199922259662623
4614725.24,2493759.2530000005,0.11998103220099846
4614725.24,2498759.2530000005,0.11997810443229445
4614725.24,2503759.2530000005,0.11998220180937812
4614725.24,2508759.2530000005,0.11999226621092034
4614725.24,2513759.2530000005,0.12000739339879894
4614725.24,2518759.2530000005,0.12002680910167673
4614725.24,2523759.2530000005,0.12004984912087796
4614725.24,2528759.2530000005,0.12007594272951345
4619725.24,2243759.2530000005,0.598603208640971
4619725.24,2248759.2530000005,0.5946954924367021
4619725.24,2253759.2530000005,0.48161619475273143
4619725.24,2258759.2530000005,0.38262725259801345
4619725.24,2263759.2530000005,0.32863180056264074
4619725.24,2268759.2530000005,0.3153346579631856
4619725.24,2273759.2530000005,0.29794364664153555
4619725.24,2278759.2530000005,0.2711863542290064
4619725.24,2283759.2530000005,0.27890319100968364
4619725.24,2288759.2530000005,0.2513964762847842
4619725.24,2293759.2530000005,0.2324952512269204
4619725.24,2298759.2530000005,0.22080549668798372
4619725.24,2303759.2530000005,0.22253082382515685
4619725.24,2308759.2530000005,0.24290596228782377
4619725.24,2313759.2530000005,0.27924012748243315
4619725.24,2318759.2530000005,0.29916740533947717
4619725.24,2323759.2530000005,0.29530279377398994
4619725.24,2328759.2530000005,0.2936542606821166
4619725.24,2333759.2530000005,0.298951935006683
4619725.24,2338759.2530000005,0.3110188980620035
4619725.24,2343759.2530000005,0.31802606461593885
4619725.24,2348759.2530000005,0.2506304150783624
4619725.24,2353759.2530000005,0.154797985290683
4619725.24,2358759.2530000005,0.1474403968980593
4619725.24,2363759.2530000005,0.1416373075725089
4619725.24,2368759.2530000005,0.13705184216569447
4619725.24,2373759.2530000005,0.1334206614110831
4619725.24,2378759.2530000005,0.13053791317212424
4619725.24,2383759.2530000005,0.12824307747469052
4619725.24,2433759.2530000005,0.1200045708555514
4619725.24,2438759.2530000005,0.11980767246476268
4619725.24,2443759.2530000005,0.11965437659942436
4619725.24,2448759.2530000005,0.11953703529142766
4619725.24,2453759.2530000005,0.11944941321794386
4619725.24,2458759.2530000005,0.11938640574090516
4619725.24,2463759.2530000005,0.1193438174488231
4619725.24,2468759.2530000005,0.11931818739627889
4619725.24,2473759.2530000005,0.11930665054528446
4619725.24,2478759.2530000005,0.11930682739906098
4619725.24,2483759.2530000005,0.11931673569157346
4619725.24,2488759.2530000005,0.11933471941111141
4619725.24,2493759.2530000005,0.11935939150904529
4619725.24,2498759.2530000005,0.11938958746144607
4619725.24,2503759.2530000005,0.11942432747530363
4619725.24,2508759.2530000005,0.11946278560998973
4619725.24,2513759.2530000005,0.11950426445373999
4619725.24,2518759.2530000005,0.1208572463708069
4619725.24,2523759.2530000005,0.12227875418817888
4619725.24,2528759.2530000005,0.12249939983188592
4619725.24,2533759.2530000005,0.1227117648232668
4624725.24,2243759.2530000005,0.600277087881858
4624725.24,2248759.2530000005,0.595728473128001
4624725.24,2253759.2530000005,0.5967424805247168
4624725.24,2258759.2530000005,0.5130707135028221
4624725.24,2263759.2530000005,0.4520886693043757
4624725.24,2268759.2530000005,0.40090675316271457
4624725.24,2273759.2530000005,0.3593753133201317
4624725.24,2278759.2530000005,0.304632796590724
4624725.24,2283759.2530000005,0.32833816648550185
4624725.24,2288759.2530000005,0.31369810076542526
4624725.24,2293759.2530000005,0.2898895452013208
4624725.24,2298759.2530000005,0.27833345294251205
4624725.24,2303759.2530000005,0.27524669093048393
4624725.24,2308759.2530000005,0.2843148633587013
4624725.24,2313759.2530000005,0.3019932596544693
4624725.24,2318759.2530000005,0.30998978116226716
4624725.24,2323759.2530000005,0.3072257675495731
4624725.24,2328759.2530000005,0.30931152056924366
4624725.24,2333759.2530000005,0.31952055940544377
4624725.24,2338759.2530000005,0.3261048977662216
4624725.24,2343759.2530000005,0.33222154634446166
4624725.24,2348759.2530000005,0.15918063434871751
4624725.24,2353759.2530000005,0.1496087045678314
4624725.24,2358759.2530000005,0.14235229971968114
4624725.24,2363759.2530000005,0.1368197272408131
4624725.24,2368759.2530000005,0.13258103716168507
4624725.24,2373759.2530000005,0.12931947567968657
4624725.24,2458759.2530000005,0.11842636015980075
4624725.24,2463759.2530000005,0.11844593200410983
4624725.24,2468759.2530000005,0.11847687719540803
4624725.24,2473759.2530000005,0.11851694949291335
4624725.24,2478759.2530000005,0.11856430935482916
4624725.24,2483759.2530000005,0.11861744656532085
4624725.24,2488759.2530000005,0.11867511864067946
4624725.24,2493759.2530000005,0.11873630156864366
4624725.24,2498759.2530000005,0.11880015023599481
4624725.24,2503759.2530000005,0.1188659665037692
4624725.24,2508759.2530000005,0.1202184790667345
4624725.24,2513759.2530000005,0.12165408086372938
4624725.24,2518759.2530000005,0.12191193179319096
4624725.24,2523759.2530000005,0.1221595450248001
4624725.24,2528759.2530000005,0.13585744027412755
4624725.24,2533759.2530000005,0.13635951421889658
4624725.24,2538759.2530000005,0.13683699464435814
4629725.24,2248759.2530000005,0.5974095790498611
4629725.24,2253759.2530000005,0.5908130738290664
4629725.24,2258759.2530000005,0.5160906099417414
4629725.24,2263759.2530000005,0.48323011640398356
4629725.24,2268759.2530000005,0.45198849999661334
4629725.24,2273759.2530000005,0.4825423591506732
4629725.24,2278759.2530000005,0.4823572547277623
4629725.24,2283759.2530000005,0.4789977634352461
4629725.24,2288759.2530000005,0.4042540146366888
4629725.24,2293759.2530000005,0.4015163516575512
4629725.24,2298759.2530000005,0.3496800039236061
4629725.24,2303759.2530000005,0.3358523777345578
4629725.24,2308759.2530000005,0.3233930034844571
4629725.24,2313759.2530000005,0.31519231102756934
4629725.24,2318759.2530000005,0.315135289119334
4629725.24,2323759.2530000005,0.3193447647986748
4629725.24,2328759.2530000005,0.33074407956287366
4629725.24,2333759.2530000005,0.33792331449853846
4629725.24,2338759.2530000005,0.3437685755663452
4629725.24,2343759.2530000005,0.2615797574282602
4629725.24,2348759.2530000005,0.15136186476052976
4629725.24,2353759.2530000005,0.14245022927186987
4629725.24,2358759.2530000005,0.1358820817726509
4629725.24,2363759.2530000005,0.13101917992232293
4629725.24,2368759.2530000005,0.1274032387261114
4629725.24,2373759.2530000005,0.12470460994419505
4629725.24,2463759.2530000005,0.1354288793949871
4629725.24,2468759.2530000005,0.13565176463327266
4629725.24,2473759.2530000005,0.13587543764250873
4629725.24,2478759.2530000005,0.136098482166263
4629725.24,2483759.2530000005,0.13631979900728736
4629725.24,2488759.2530000005,0.13653854130527773
4629725.24,2493759.2530000005,0.13675406337939214
4629725.24,2498759.2530000005,0.11947090582287753
4629725.24,2503759.2530000005,0.12092609793484961
4629725.24,2508759.2530000005,0.12122925035029627
4629725.24,2513759.2530000005,0.1344370142391297
4629725.24,2518759.2530000005,0.13503415488672219
4634725.24,2248759.2530000005,0.6021892052878958
4634725.24,2253759.2530000005,0.5919073052175367
4634725.24,2258759.2530000005,0.5870100749220832
4634725.24,2263759.2530000005,0.5136429188064747
4634725.24,2268759.2530000005,0.4583594907812198
4634725.24,2273759.2530000005,0.48124190006325385
4634725.24,2278759.2530000005,0.47905062876055743
4634725.24,2283759.2530000005,0.4752500770159552
4634725.24,2288759.2530000005,0.4745862098026655
4634725.24,2293759.2530000005,0.485911841820658
4634725.24,2298759.2530000005,0.4840934721986429
4634725.24,2303759.2530000005,0.4746685781114333
4634725.24,2308759.2530000005,0.44935395162487946
4634725.24,2313759.2530000005,0.4212725885239981
4634725.24,2318759.2530000005,0.4262992188768972
4634725.24,2323759.2530000005,0.4343463718036228
4634725.24,2328759.2530000005,0.42087584875476625
4634725.24,2333759.2530000005,0.4002441736023486
4634725.24,2338759.2530000005,0.40679556180534754
4634725.24,2343759.2530000005,0.2231901000125209
4634725.24,2348759.2530000005,0.1852258741225892
4634725.24,2353759.2530000005,0.17476098826284847
4634725.24,2358759.2530000005,0.16701151119359622
4634725.24,2363759.2530000005,0.16138594674535167
4634725.24,2368759.2530000005,0.1573741295356354
4634725.24,2373759.2530000005,0.15457005782797578
4634725.24,2473759.2530000005,0.14955354246586886
4634725.24,2478759.2530000005,0.1499880713610701
4634725.24,2483759.2530000005,0.15040914054610666
4634725.24,2488759.2530000005,0.1524366654374022
4634725.24,2493759.2530000005,0.1351290482831036
4634725.24,2498759.2530000005,0.13565850750450906
4634725.24,2503759.2530000005,0.1361598872391411
4634725.24,2508759.2530000005,0.1340850629067937
4634725.24,2513759.2530000005,0.13472996231040793
4639725.24,2248759.2530000005,0.6048242918875132
4639725.24,2253759.2530000005,0.5944609617676464
4639725.24,2258759.2530000005,0.5804642284841203
4639725.24,2263759.2530000005,0.5175524555668484
4639725.24,2268759.2530000005,0.5095500674377749
4639725.24,2273759.2530000005,0.4564465433483178
4639725.24,2278759.2530000005,0.4743666091407043
4639725.24,2283759.2530000005,0.467881075531043
4639725.24,2288759.2530000005,0.47085487001086807
4639725.24,2293759.2530000005,0.49222673767312314
4639725.24,2298759.2530000005,0.5122468163233236
4639725.24,2303759.2530000005,0.5152980246488422
4639725.24,2308759.2530000005,0.49330926157124355
4639725.24,2313759.2530000005,0.5039832048601491
4639725.24,2318759.2530000005,0.5038579154337763
4639725.24,2323759.2530000005,0.4911534012191326
4639725.24,2328759.2530000005,0.4893426247392952
4639725.24,2333759.2530000005,0.4928085302670397
4639725.24,2338759.2530000005,0.23010538220889892
4639725.24,2343759.2530000005,0.21084953208623797
4639725.24,2348759.2530000005,0.19589473176307057
4639725.24,2353759.2530000005,0.184900434127965
4639725.24,2358759.2530000005,0.1771406883748199
4639725.24,2363759.2530000005,0.17185989752208827
4639725.24,2368759.2530000005,0.16841539601590727
4639725.24,2373759.2530000005,0.16630644801193706
4639725.24,2483759.2530000005,0.157941283525736
4639725.24,2488759.2530000005,0.13459301879158136
4639725.24,2493759.2530000005,0.1351738066322255
4639725.24,2498759.2530000005,0.1357218138489526
4639725.24,2503759.2530000005,0.13372232849428428
4639725.24,2508759.2530000005,0.13441958000930235
4639725.24,2513759.2530000005,0.13507863817257054
4644725.24,2243759.2530000005,0.6135497411809109
4644725.24,2248759.2530000005,0.6102276683611423
4644725.24,2253759.2530000005,0.6009621306303136
4644725.24,2258759.2530000005,0.5802966922279774
4644725.24,2263759.2530000005,0.5573135799853439
4644725.24,2268759.2530000005,0.5132205493703855
4644725.24,2273759.2530000005,0.4689697351198232
4644725.24,2278759.2530000005,0.4687554907766083
4644725.24,2283759.2530000005,0.4545370238209175
4644725.24,2288759.2530000005,0.45728635551735003
4644725.24,2293759.2530000005,0.5034498355691276
4644725.24,2298759.2530000005,0.5576291968686908
4644725.24,2303759.2530000005,0.5466661817099404
4644725.24,2308759.2530000005,0.5703777473158331
4644725.24,2313759.2530000005,0.5590664588635036
4644725.24,2318759.2530000005,0.5384479351754677
4644725.24,2323759.2530000005,0.5247823272138441
4644725.24,2328759.2530000005,0.5172042460969983
4644725.24,2333759.2530000005,0.514094210960906
4644725.24,2338759.2530000005,0.21080525850697043
4644725.24,2343759.2530000005,0.19184827479033245
4644725.24,2348759.2530000005,0.17834276527420087
4644725.24,2353759.2530000005,0.16921372406973248
4644725.24,2358759.2530000005,0.1633482289641631
4644725.24,2363759.2530000005,0.15981731043622133
4644725.24,2368759.2530000005,0.1579183400529202
4644725.24,2373759.2530000005,0.15714455888515824
4644725.24,2488759.2530000005,0.134670194118866
4644725.24,2493759.2530000005,0.13526927040237433
4644725.24,2498759.2530000005,0.1220166890671998
4649725.24,2138759.2530000005,0.49896348980815636
4649725.24,2143759.2530000005,0.4999798706652899
4649725.24,2148759.2530000005,0.50136627983651
4649725.24,2153759.2530000005,0.5089497765715789
4649725.24,2223759.2530000005,0.53295666848262
4649725.24,2228759.2530000005,0.49447589807031356
4649725.24,2233759.2530000005,0.5237491328739321
4649725.24,2238759.2530000005,0.5754699638116052
4649725.24,2243759.2530000005,0.6029207536833704
4649725.24,2248759.2530000005,0.619740238830403
4649725.24,2253759.2530000005,0.6121609517122353
4649725.24,2258759.2530000005,0.5895642653734187
4649725.24,2263759.2530000005,0.5445710852106442
4649725.24,2268759.2530000005,0.5113783025947739
4649725.24,2273759.2530000005,0.5076024834209201
4649725.24,2278759.2530000005,0.44604268019463666
4649725.24,2283759.2530000005,0.4372141416465433
4649725.24,2288759.2530000005,0.4242176992281774
4649725.24,2293759.2530000005,0.4908671725242213
4649725.24,2298759.2530000005,0.7133540054168412
4649725.24,2303759.2530000005,0.6024362069687385
4649725.24,2308759.2530000005,0.5886546135904218
4649725.24,2313759.2530000005,0.5778389918785339
4649725.24,2318759.2530000005,0.5736972094289869
4649725.24,2323759.2530000005,0.5321655772507211
4649725.24,2328759.2530000005,0.4964072911196133
4649725.24,2333759.2530000005,0.214742172592379
4649725.24,2338759.2530000005,0.18848873696504184
4649725.24,2343759.2530000005,0.17075895454592718
4649725.24,2348759.2530000005,0.15949316065895855
4649725.24,2353759.2530000005,0.15279526417924436
4649725.24,2358759.2530000005,0.1491949454933763
4649725.24,2363759.2530000005,0.1476453137695615
4649725.24,2368759.2530000005,0.14743134244676356
4649725.24,2373759.2530000005,0.14807380077574453
4654725.24,2133759.2530000005,0.5314972614058223
4654725.24,2138759.2530000005,0.48173777749621566
4654725.24,2143759.2530000005,0.49308936307657664
4654725.24,2148759.2530000005,0.49931220008326577
4654725.24,2153759.2530000005,0.5567376127969487
4654725.24,2228759.2530000005,0.5176707600084789
4654725.24,2233759.2530000005,0.45853061778091647
4654725.24,2238759.2530000005,0.5269751683040228
4654725.24,2243759.2530000005,0.5838830752600069
4654725.24,2248759.2530000005,0.6180438947623824
4654725.24,2253759.2530000005,0.6346801279144962
4654725.24,2258759.2530000005,0.617628524515914
4654725.24,2263759.2530000005,0.575399833637016
4654725.24,2268759.2530000005,0.5360463487191977
4654725.24,2273759.2530000005,0.5048880245205896
4654725.24,2278759.2530000005,0.4575001640116881
4654725.24,2283759.2530000005,0.40951922730745505
4654725.24,2288759.2530000005,0.4115195520201684
4654725.24,2293759.2530000005,0.4246149777228101
4654725.24,2298759.2530000005,0.5580749421660103
4654725.24,2303759.2530000005,0.5261527052294619
4654725.24,2308759.2530000005,0.531089466922972
4654725.24,2313759.2530000005,0.5316062411487782
4654725.24,2318759.2530000005,0.531953237527948
4654725.24,2323759.2530000005,0.5321618192382764
4654725.24,2328759.2530000005,0.5754626868949475
4654725.24,2333759.2530000005,0.2085337557928041
4654725.24,2338759.2530000005,0.16382148189959708
4654725.24,2343759.2530000005,0.14868654208790447
4654725.24,2348759.2530000005,0.14045107568812815
4654725.24,2353759.2530000005,0.13658700900003948
4654725.24,2358759.2530000005,0.13543275689517276
4654725.24,2363759.2530000005,0.13592851443099416
4654725.24,2368759.2530000005,0.13740531474904383
4659725.24,2118759.2530000005,0.5993341575466605
4659725.24,2128759.2530000005,0.5636060653899834
4659725.24,2133759.2530000005,0.5298243160837339
4659725.24,2138759.2530000005,0.524081914368023
4659725.24,2143759.2530000005,0.49573607895581834
4659725.24,2148759.2530000005,0.4923609278639075
4659725.24,2153759.2530000005,0.4983545159981094
4659725.24,2158759.2530000005,0.5608288786080569
4659725.24,2163759.2530000005,0.5370359174844745
4659725.24,2168759.2530000005,0.5439322403203842
4659725.24,2188759.2530000005,0.5972209400531279
4659725.24,2198759.2530000005,0.6205166662618508
4659725.24,2203759.2530000005,0.6247999066146475
4659725.24,2208759.2530000005,0.6279172998065129
4659725.24,2223759.2530000005,0.4523116558446581
4659725.24,2228759.2530000005,0.4428225054918106
4659725.24,2233759.2530000005,0.4982977500423017
4659725.24,2238759.2530000005,0.4716071604800862
4659725.24,2243759.2530000005,0.5480168957081175
4659725.24,2248759.2530000005,0.5826411252344214
4659725.24,2253759.2530000005,0.6580460342896617
4659725.24,2258759.2530000005,0.6675986198761433
4659725.24,2263759.2530000005,0.6261851724538233
4659725.24,2268759.2530000005,0.5818273106827946
4659725.24,2273759.2530000005,0.5257555504242885
4659725.24,2278759.2530000005,0.5117887462660146
4659725.24,2283759.2530000005,0.4137719254637537
4659725.24,2288759.2530000005,0.43103965147274426
4659725.24,2293759.2530000005,0.6773089187352184
4659725.24,2298759.2530000005,0.6344840408805246
4659725.24,2303759.2530000005,0.5249414652670237
4659725.24,2308759.2530000005,0.5660909681988727
4659725.24,2313759.2530000005,0.5717191159867288
4659725.24,2318759.2530000005,0.5739484214998223
4659725.24,2323759.2530000005,0.5751065739506832
4659725.24,2328759.2530000005,0.2267498423059094
4659725.24,2333759.2530000005,0.17711675796142798
4659725.24,2338759.2530000005,0.148993058234803
4659725.24,2343759.2530000005,0.13472945600453742
4659725.24,2348759.2530000005,0.12257981520931122
4659725.24,2353759.2530000005,0.12162986543019547
4659725.24,2358759.2530000005,0.12284165959476336
4659725.24,2363759.2530000005,0.12198064190271546
4659725.24,2368759.2530000005,0.12491141078907021
4664725.24,2108759.2530000005,0.5983301959370664
4664725.24,2113759.2530000005,0.5984607537407021
4664725.24,2118759.2530000005,0.5991527526117024
4664725.24,2123759.2530000005,0.5678963158014283
4664725.24,2128759.2530000005,0.5647627187012538
4664725.24,2133759.2530000005,0.5604137885987064
4664725.24,2138759.2530000005,0.5108360809124697
4664725.24,2143759.2530000005,0.5210242100499544
4664725.24,2148759.2530000005,0.49534509859050374
4664725.24,2153759.2530000005,0.49594777222449987
4664725.24,2158759.2530000005,0.5150448063631299
4664725.24,2163759.2530000005,0.5453685829853514
4664725.24,2168759.2530000005,0.5663117033441104
4664725.24,2183759.2530000005,0.5893532484424244
4664725.24,2188759.2530000005,0.5968913386002592
4664725.24,2193759.2530000005,0.6092661323307585
4664725.24,2198759.2530000005,0.619206602417457
4664725.24,2203759.2530000005,0.650068753264782
4664725.24,2208759.2530000005,0.6432813535567025
4664725.24,2213759.2530000005,0.4785419146708097
4664725.24,2218759.2530000005,0.4514065602382551
4664725.24,2223759.2530000005,0.4523589471083582
4664725.24,2228759.2530000005,0.4410876523443403
4664725.24,2233759.2530000005,0.4888056615531851
4664725.24,2238759.2530000005,0.4049010951724521
4664725.24,2243759.2530000005,0.42405160222835697
4664725.24,2248759.2530000005,0.5123902319360394
4664725.24,2253759.2530000005,0.6633761232696899
4664725.24,2258759.2530000005,0.73693031502265
4664725.24,2263759.2530000005,0.6680513546606797
4664725.24,2268759.2530000005,0.6425264525125033
4664725.24,2273759.2530000005,0.5617549942984833
4664725.24,2278759.2530000005,0.5379409508720404
4664725.24,2283759.2530000005,0.5264758172663923
4664725.24,2288759.2530000005,0.8380918372974656
4664725.24,2293759.2530000005,0.8733773514758756
4664725.24,2298759.2530000005,0.9462036056095398
4664725.24,2303759.2530000005,0.738899692618141
4664725.24,2308759.2530000005,0.5728512272283731
4664725.24,2313759.2530000005,0.5742962742316547
4664725.24,2318759.2530000005,0.5752974224584456
4664725.24,2323759.2530000005,0.5759348542117572
4664725.24,2328759.2530000005,0.18795321616325442
4664725.24,2333759.2530000005,0.14410020113466357
4664725.24,2338759.2530000005,0.12259537962814693
4664725.24,2343759.2530000005,0.11103510611047956
4664725.24,2348759.2530000005,0.10929925263209825
4664725.24,2353759.2530000005,0.1077506301476481
4664725.24,2358759.2530000005,0.11072698548839516
4664725.24,2363759.2530000005,0.11051820587777489
4664725.24,2368759.2530000005,0.11420995679651585
4669725.24,2098759.2530000005,0.5824164195512095
4669725.24,2103759.2530000005,0.5829495081884661
4669725.24,2108759.2530000005,0.5977579737580542
4669725.24,2113759.2530000005,0.5978015832655914
4669725.24,2118759.2530000005,0.5990439544508566
4669725.24,2123759.2530000005,0.597713855804899
4669725.24,2128759.2530000005,0.5665585757678754
4669725.24,2133759.2530000005,0.5618362780718299
4669725.24,2138759.2530000005,0.5220024524886195
4669725.24,2143759.2530000005,0.5172521953044664
4669725.24,2148759.2530000005,0.5257818190012751
4669725.24,2153759.2530000005,0.4966769112559749
4669725.24,2158759.2530000005,0.5004543939121218
4669725.24,2163759.2530000005,0.5074948825713751
4669725.24,2168759.2530000005,0.482494227963305
4669725.24,2173759.2530000005,0.7927415807227214
4669725.24,2178759.2530000005,0.7158277071024222
4669725.24,2183759.2530000005,0.6232723618800298
4669725.24,2188759.2530000005,0.5423189716016124
4669725.24,2193759.2530000005,0.6222096077884157
4669725.24,2198759.2530000005,0.6327734772941669
4669725.24,2203759.2530000005,0.6295537101284451
4669725.24,2208759.2530000005,0.5636008938086617
4669725.24,2213759.2530000005,0.45001698171847465
4669725.24,2218759.2530000005,0.4509375569598371
4669725.24,2223759.2530000005,0.45233903714040047
4669725.24,2228759.2530000005,0.44591841899076323
4669725.24,2233759.2530000005,0.4454516365179277
4669725.24,2238759.2530000005,0.42908877093569936
4669725.24,2243759.2530000005,0.39740902058485206
4669725.24,2248759.2530000005,0.41726146029276806
4669725.24,2253759.2530000005,0.534452573509541
4669725.24,2258759.2530000005,0.926419964489041
4669725.24,2263759.2530000005,0.6662912366098525
4669725.24,2268759.2530000005,0.6265936639229033
4669725.24,2273759.2530000005,0.585366834682492
4669725.24,2278759.2530000005,0.6125874371029351
4669725.24,2283759.2530000005,0.7976892077087251
4669725.24,2288759.2530000005,0.9247227584898867
4669725.24,2293759.2530000005,0.9333241296739525
4669725.24,2298759.2530000005,0.9064817430778128
4669725.24,2303759.2530000005,0.7063462441983706
4669725.24,2308759.2530000005,0.5925586933795823
4669725.24,2313759.2530000005,0.6028365925511989
4669725.24,2318759.2530000005,0.5111995709140684
4669725.24,2323759.2530000005,0.196537445609551
4669725.24,2328759.2530000005,0.13702578542203425
4669725.24,2333759.2530000005,0.10707499826931335
4669725.24,2338759.2530000005,0.09662975057753001
4669725.24,2343759.2530000005,0.09349155620771302
4669725.24,2348759.2530000005,0.09434359120022685
4669725.24,2353759.2530000005,0.09727957348647072
4669725.24,2358759.2530000005,0.10117316226146397
4669725.24,2363759.2530000005,0.10539633104124677
4669725.24,2368759.2530000005,0.10961837328308623
4674725.24,2098759.2530000005,0.5579630930618812
4674725.24,2103759.2530000005,0.5716603780654493
4674725.24,2108759.2530000005,0.5826145501649388
4674725.24,2113759.2530000005,0.5968919960907271
4674725.24,2118759.2530000005,0.5909123310268963
4674725.24,2123759.2530000005,0.5972325011999896
4674725.24,2128759.2530000005,0.5952285751133037
4674725.24,2133759.2530000005,0.5643818309225852
4674725.24,2138759.2530000005,0.5258729384457966
4674725.24,2143759.2530000005,0.5127291714934652
4674725.24,2148759.2530000005,0.5108829047905723
4674725.24,2153759.2530000005,0.5544527834315157
4674725.24,2158759.2530000005,0.570475352253239
4674725.24,2163759.2530000005,0.579528056299441
4674725.24,2168759.2530000005,0.5560871919451441
4674725.24,2173759.2530000005,0.4820324415310852
4674725.24,2178759.2530000005,0.7115952194405373
4674725.24,2183759.2530000005,0.6974529797437319
4674725.24,2188759.2530000005,0.6496081366460743
4674725.24,2193759.2530000005,0.6240612714701719
4674725.24,2198759.2530000005,0.6213215380043651
4674725.24,2203759.2530000005,0.6066827429169834
4674725.24,2208759.2530000005,0.5522754734287966
4674725.24,2213759.2530000005,0.4383138575555524
4674725.24,2218759.2530000005,0.4499194884777047
4674725.24,2223759.2530000005,0.45207127712754314
4674725.24,2228759.2530000005,0.4472127686709789
4674725.24,2233759.2530000005,0.4474817969407257
4674725.24,2238759.2530000005,0.38732775444379597
4674725.24,2243759.2530000005,0.370296053400912
4674725.24,2248759.2530000005,0.36779287887862305
4674725.24,2253759.2530000005,0.35670808362022377
4674725.24,2258759.2530000005,0.4222723785599623
4674725.24,2263759.2530000005,0.4543570034829239
4674725.24,2268759.2530000005,0.5174397521264188
4674725.24,2273759.2530000005,0.5401889477974616
4674725.24,2278759.2530000005,0.4921650242876919
4674725.24,2283759.2530000005,0.47115203999679256
4674725.24,2288759.2530000005,0.3955707953166275
4674725.24,2293759.2530000005,0.3942967304021021
4674725.24,2298759.2530000005,0.3758685480698117
4674725.24,2303759.2530000005,0.4022734603131696
4674725.24,2308759.2530000005,0.5616119405521698
4674725.24,2313759.2530000005,0.5976510722617211
4674725.24,2318759.2530000005,0.5872541144841814
4674725.24,2323759.2530000005,0.15418958658850113
4674725.24,2328759.2530000005,0.11477817189790072
4674725.24,2333759.2530000005,0.09429519675149699
4674725.24,2338759.2530000005,0.08653745689109783
4674725.24,2343759.2530000005,0.0851319225872148
4674725.24,2348759.2530000005,0.08797393836280602
4674725.24,2353759.2530000005,0.09224049259877397
4674725.24,2358759.2530000005,0.09717169753259705
4674725.24,2363759.2530000005,0.10218231557035813
4674725.24,2368759.2530000005,0.10700347392221027
4679725.24,2088759.2530000005,0.5684512514075472
4679725.24,2093759.2530000005,0.5773556487266968
4679725.24,2098759.2530000005,0.559942447580043
4679725.24,2103759.2530000005,0.5587767013588275
4679725.24,2108759.2530000005,0.5708032889116655
4679725.24,2113759.2530000005,0.5847091478294194
4679725.24,2118759.2530000005,0.5898554251604371
4679725.24,2123759.2530000005,0.5969815391698197
4679725.24,2128759.2530000005,0.5935435619991626
4679725.24,2133759.2530000005,0.6216000266818446
4679725.24,2138759.2530000005,0.5454077738261501
4679725.24,2143759.2530000005,0.5178151132400496
4679725.24,2148759.2530000005,0.48717231486323914
4679725.24,2153759.2530000005,0.4832310829144425
4679725.24,2158759.2530000005,0.569018039246995
4679725.24,2163759.2530000005,0.6627689598699265
4679725.24,2168759.2530000005,0.6650595377651112
4679725.24,2173759.2530000005,0.6749067473847471
4679725.24,2178759.2530000005,0.706623261615928
4679725.24,2183759.2530000005,0.6593023606399063
4679725.24,2188759.2530000005,0.650806020867211
4679725.24,2193759.2530000005,0.6418538712645802
4679725.24,2198759.2530000005,0.5933501769335375
4679725.24,2203759.2530000005,0.5932383843654697
4679725.24,2208759.2530000005,0.5349347345409496
4679725.24,2213759.2530000005,0.44806611022883314
4679725.24,2218759.2530000005,0.43781069698256647
4679725.24,2223759.2530000005,0.45076531372847656
4679725.24,2228759.2530000005,0.4500165360295575
4679725.24,2233759.2530000005,0.44986002853007234
4679725.24,2238759.2530000005,0.41924922260947406
4679725.24,2243759.2530000005,0.3139719606010148
4679725.24,2248759.2530000005,0.3513021870359427
4679725.24,2253759.2530000005,0.3216815583687612
4679725.24,2258759.2530000005,0.1345685872320861
4679725.24,2263759.2530000005,0.2348387127519196
4679725.24,2268759.2530000005,0.3863995826968274
4679725.24,2273759.2530000005,0.4541701399615506
4679725.24,2278759.2530000005,0.4475480942965345
4679725.24,2283759.2530000005,0.5889363127004987
4679725.24,2288759.2530000005,0.5717684540836567
4679725.24,2293759.2530000005,0.5203673393870979
4679725.24,2298759.2530000005,0.5086660514501082
4679725.24,2303759.2530000005,0.7773551608512117
4679725.24,2308759.2530000005,0.6560972493598942
4679725.24,2313759.2530000005,0.5896695957221727
4679725.24,2318759.2530000005,0.574397942255194
4679725.24,2323759.2530000005,0.250733498508918
4679725.24,2328759.2530000005,0.1410273655362752
4679725.24,2333759.2530000005,0.09594580933944105
4679725.24,2338759.2530000005,0.08305304275756122
4679725.24,2343759.2530000005,0.08053286429915549
4679725.24,2348759.2530000005,0.08392674553020117
4679725.24,2353759.2530000005,0.08869921995769331
4679725.24,2358759.2530000005,0.09372524574865593
4679725.24,2363759.2530000005,0.09860819298806518
4679725.24,2368759.2530000005,0.10317891627192101
4684725.24,2083759.2530000005,0.5908992831820733
4684725.24,2088759.2530000005,0.5722877882296182
4684725.24,2093759.2530000005,0.5722548270570915
4684725.24,2098759.2530000005,0.5789721304019262
4684725.24,2103759.2530000005,0.5615323561959499
4684725.24,2108759.2530000005,0.557296636238843
4684725.24,2113759.2530000005,0.5684887855006092
4684725.24,2118759.2530000005,0.5832464274777169
4684725.24,2123759.2530000005,0.5977198386500069
4684725.24,2128759.2530000005,0.5915679732414578
4684725.24,2133759.2530000005,0.6125344162155325
4684725.24,2138759.2530000005,0.5783575580553755
4684725.24,2143759.2530000005,0.5342903092423462
4684725.24,2148759.2530000005,0.48454184027879593
4684725.24,2153759.2530000005,0.42229701643754325
4684725.24,2158759.2530000005,0.494399350478429
4684725.24,2163759.2530000005,0.6350118994392141
4684725.24,2168759.2530000005,0.6752093583639799
4684725.24,2173759.2530000005,0.6763418945183897
4684725.24,2178759.2530000005,0.6924355346134566
4684725.24,2183759.2530000005,0.6578344007799409
4684725.24,2188759.2530000005,0.6322831563026619
4684725.24,2193759.2530000005,0.59631356772805
4684725.24,2198759.2530000005,0.5850889240917315
4684725.24,2203759.2530000005,0.5972988051388873
4684725.24,2208759.2530000005,0.5618054088629132
4684725.24,2213759.2530000005,0.5072826473002569
4684725.24,2218759.2530000005,0.42433450513137355
4684725.24,2223759.2530000005,0.443791924647581
4684725.24,2228759.2530000005,0.45972061867427444
4684725.24,2233759.2530000005,0.45461206198672965
4684725.24,2238759.2530000005,0.44758513379449927
4684725.24,2243759.2530000005,0.3432965042492125
4684725.24,2248759.2530000005,0.3287915674772569
4684725.24,2253759.2530000005,0.29288218220486983
4684725.24,2258759.2530000005,0.22075438874959386
4684725.24,2263759.2530000005,0.24152133925371339
4684725.24,2268759.2530000005,0.3132086378504964
4684725.24,2273759.2530000005,0.403320463981174
4684725.24,2278759.2530000005,0.3350704040221817
4684725.24,2283759.2530000005,0.6056872914109203
4684725.24,2288759.2530000005,0.6060722311227952
4684725.24,2293759.2530000005,0.6263125510236967
4684725.24,2298759.2530000005,0.7712950642967152
4684725.24,2303759.2530000005,0.7885754630007037
4684725.24,2308759.2530000005,0.5178613698998195
4684725.24,2313759.2530000005,0.503769048694634
4684725.24,2318759.2530000005,0.5288732453971188
4684725.24,2323759.2530000005,0.2577858164888544
4684725.24,2328759.2530000005,0.14429987763256621
4684725.24,2333759.2530000005,0.09641051445087165
4684725.24,2338759.2530000005,0.08204223125930027
4684725.24,2343759.2530000005,0.08059369983085289
4684725.24,2348759.2530000005,0.08386010353175602
4684725.24,2353759.2530000005,0.08892125837279564
4684725.24,2358759.2530000005,0.09411715036091926
4684725.24,2363759.2530000005,0.1008715783340446
4684725.24,2368759.2530000005,0.10645097624964613
4689725.24,2083759.2530000005,0.6236006051226543
4689725.24,2088759.2530000005,0.5934849498389618
4689725.24,2093759.2530000005,0.5798796425219404
4689725.24,2098759.2530000005,0.5802703897752575
4689725.24,2103759.2530000005,0.5760123901915755
4689725.24,2108759.2530000005,0.5660855076293788
4689725.24,2113759.2530000005,0.5666142600140497
4689725.24,2118759.2530000005,0.6100462957471195
4689725.24,2123759.2530000005,0.5772605577170241
4689725.24,2128759.2530000005,0.5923516551299152
4689725.24,2133759.2530000005,0.5922298085979146
4689725.24,2138759.2530000005,0.5947908961704429
4689725.24,2143759.2530000005,0.5876128984528537
4689725.24,2148759.2530000005,0.5177876180303889
4689725.24,2153759.2530000005,0.4550332803098626
4689725.24,2158759.2530000005,0.47137839878603705
4689725.24,2163759.2530000005,0.5390815370437462
4689725.24,2168759.2530000005,0.6749082413417676
4689725.24,2173759.2530000005,0.6840508592469001
4689725.24,2178759.2530000005,0.6776335808765857
4689725.24,2183759.2530000005,0.6163211961620119
4689725.24,2188759.2530000005,0.5782578574289029
4689725.24,2193759.2530000005,0.5618560014438067
4689725.24,2198759.2530000005,0.577564121468565
4689725.24,2203759.2530000005,0.6005995071589263
4689725.24,2208759.2530000005,0.6104505303513729
4689725.24,2213759.2530000005,0.5505796843625956
4689725.24,2218759.2530000005,0.43563874226553356
4689725.24,2223759.2530000005,0.40340792879058723
4689725.24,2228759.2530000005,0.4894413193216051
4689725.24,2233759.2530000005,0.42345500585759677
4689725.24,2238759.2530000005,0.44102199605099307
4689725.24,2243759.2530000005,0.41024240010692087
4689725.24,2248759.2530000005,0.28711039378847053
4689725.24,2253759.2530000005,0.29761001792299735
4689725.24,2258759.2530000005,0.27514369318446447
4689725.24,2263759.2530000005,0.2765052236596027
4689725.24,2268759.2530000005,0.29578384994884643
4689725.24,2273759.2530000005,0.27103759916962966
4689725.24,2278759.2530000005,0.28690970329264326
4689725.24,2283759.2530000005,0.3323005920151497
4689725.24,2288759.2530000005,0.5679724379510618
4689725.24,2293759.2530000005,0.6174828972454092
4689725.24,2298759.2530000005,0.5440516278521884
4689725.24,2303759.2530000005,0.45986453448087417
4689725.24,2308759.2530000005,0.3370592171073981
4689725.24,2313759.2530000005,0.43553066358144515
4689725.24,2318759.2530000005,0.5022528025291523
4689725.24,2323759.2530000005,0.27081110778287476
4689725.24,2328759.2530000005,0.16336436643502783
4689725.24,2333759.2530000005,0.11073671081359604
4689725.24,2338759.2530000005,0.09247417383978083
4689725.24,2343759.2530000005,0.08992314919700989
4689725.24,2348759.2530000005,0.0950545117731685
4689725.24,2353759.2530000005,0.09270976401730009
4689725.24,2358759.2530000005,0.09818635522035782
4689725.24,2363759.2530000005,0.10378422284785256
4689725.24,2368759.2530000005,0.1092019311913227
4689725.24,2373759.2530000005,0.1142856715796324
4689725.24,2378759.2530000005,0.11896896512166867
4694725.24,2083759.2530000005,0.6669969033919023
4694725.24,2088759.2530000005,0.6222874717738448
4694725.24,2093759.2530000005,0.6166874517570193
4694725.24,2098759.2530000005,0.5979664334406923
4694725.24,2103759.2530000005,0.5925093445373358
4694725.24,2108759.2530000005,0.5653015940343263
4694725.24,2113759.2530000005,0.5457107714726346
4694725.24,2118759.2530000005,0.5658055561223175
4694725.24,2123759.2530000005,0.6297147815765738
4694725.24,2128759.2530000005,0.6341543885567471
4694725.24,2133759.2530000005,0.6046688361630858
4694725.24,2138759.2530000005,0.5809354883210853
4694725.24,2143759.2530000005,0.5916755941439886
4694725.24,2148759.2530000005,0.546262789388949
4694725.24,2153759.2530000005,0.41139939300846323
4694725.24,2158759.2530000005,0.4561842916239747
4694725.24,2163759.2530000005,0.4949466016044806
4694725.24,2168759.2530000005,0.5547783996589286
4694725.24,2173759.2530000005,0.5888984933850527
4694725.24,2178759.2530000005,0.5818319276495411
4694725.24,2183759.2530000005,0.5678524430578648
4694725.24,2188759.2530000005,0.563810479665749
4694725.24,2193759.2530000005,0.5333043750854186
4694725.24,2198759.2530000005,0.5884760596256243
4694725.24,2203759.2530000005,0.6121542682236362
4694725.24,2208759.2530000005,0.6192431594407326
4694725.24,2213759.2530000005,0.6077132068183306
4694725.24,2218759.2530000005,0.538026815497793
4694725.24,2223759.2530000005,0.392469510280912
4694725.24,2228759.2530000005,0.4161539174411155
4694725.24,2233759.2530000005,0.42286251492825955
4694725.24,2238759.2530000005,0.43878801219576063
4694725.24,2243759.2530000005,0.4424220083034206
4694725.24,2248759.2530000005,0.2967201482415754
4694725.24,2253759.2530000005,0.2684014451056716
4694725.24,2258759.2530000005,0.26574132693948554
4694725.24,2263759.2530000005,0.27702430538005424
4694725.24,2268759.2530000005,0.3022075710238001
4694725.24,2273759.2530000005,0.2951832961925738
4694725.24,2278759.2530000005,0.3068932487304775
4694725.24,2283759.2530000005,0.3057880719180667
4694725.24,2288759.2530000005,0.30479139225982704
4694725.24,2293759.2530000005,0.38405107387147897
4694725.24,2298759.2530000005,0.32136483254170334
4694725.24,2303759.2530000005,0.3749897393681736
4694725.24,2308759.2530000005,0.389648208045345
4694725.24,2313759.2530000005,0.4160161199144858
4694725.24,2318759.2530000005,0.4766553445342903
4694725.24,2323759.2530000005,0.19293417941724422
4694725.24,2328759.2530000005,0.13998019333018066
4694725.24,2333759.2530000005,0.11050269295023873
4694725.24,2338759.2530000005,0.09758053649370604
4694725.24,2343759.2530000005,0.0945540722907156
4694725.24,2348759.2530000005,0.09570492664521926
4694725.24,2353759.2530000005,0.09923517047657245
4694725.24,2358759.2530000005,0.1038323303504361
4694725.24,2363759.2530000005,0.1087713161720786
4694725.24,2368759.2530000005,0.1136596976978156
4694725.24,2373759.2530000005,0.11829586935958886
4694725.24,2378759.2530000005,0.12258893944487963
4694725.24,2383759.2530000005,0.12651095991879277
4694725.24,2388759.2530000005,0.13006808334107517
4694725.24,2393759.2530000005,0.1332834495314966
4699725.24,2083759.2530000005,0.69226683258006
4699725.24,2088759.2530000005,0.6609700761780802
4699725.24,2093759.2530000005,0.621727935502587
4699725.24,2098759.2530000005,0.6218155914259587
4699725.24,2103759.2530000005,0.6174950825606925
4699725.24,2108759.2530000005,0.5525733050283019
4699725.24,2113759.2530000005,0.4979952924084477
4699725.24,2118759.2530000005,0.5057425232313034
4699725.24,2123759.2530000005,0.58407604371514
4699725.24,2128759.2530000005,0.6165462777826737
4699725.24,2133759.2530000005,0.7515976900742188
4699725.24,2138759.2530000005,0.6903264975123952
4699725.24,2143759.2530000005,0.5757204051903193
4699725.24,2148759.2530000005,0.573137667236987
4699725.24,2153759.2530000005,0.4858174269574797
4699725.24,2158759.2530000005,0.46253090227889704
4699725.24,2163759.2530000005,0.489934576395023
4699725.24,2168759.2530000005,0.5748595599441568
4699725.24,2173759.2530000005,0.5883707879990631
4699725.24,2178759.2530000005,0.5924392252233162
4699725.24,2183759.2530000005,0.5723298769224395
4699725.24,2188759.2530000005,0.5655029675256675
4699725.24,2193759.2530000005,0.610510467330308
4699725.24,2198759.2530000005,0.6030586665432315
4699725.24,2203759.2530000005,0.6146429492061017
4699725.24,2208759.2530000005,0.6193527775204706
4699725.24,2213759.2530000005,0.6143912169329714
4699725.24,2218759.2530000005,0.5748678034133574
4699725.24,2223759.2530000005,0.45882038089108623
4699725.24,2228759.2530000005,0.40645619575107506
4699725.24,2233759.2530000005,0.42635450684958986
4699725.24,2238759.2530000005,0.4297178514398889
4699725.24,2243759.2530000005,0.43198101754680923
4699725.24,2248759.2530000005,0.440074253698019
4699725.24,2253759.2530000005,0.35219099853796804
4699725.24,2258759.2530000005,0.3639088361058968
4699725.24,2263759.2530000005,0.3631098195862526
4699725.24,2268759.2530000005,0.3734939176681525
4699725.24,2273759.2530000005,0.40043028519231966
4699725.24,2278759.2530000005,0.3287073229845072
4699725.24,2283759.2530000005,0.30145973414636756
4699725.24,2288759.2530000005,0.29827972389104523
4699725.24,2293759.2530000005,0.29369617700886347
4699725.24,2298759.2530000005,0.30011581072237475
4699725.24,2303759.2530000005,0.3093612101007167
4699725.24,2308759.2530000005,0.3193886669835248
4699725.24,2313759.2530000005,0.3242590882087224
4699725.24,2318759.2530000005,0.4404576568152752
4699725.24,2323759.2530000005,0.19940700869324335
4699725.24,2328759.2530000005,0.15531565322336685
4699725.24,2333759.2530000005,0.12663448334520389
4699725.24,2338759.2530000005,0.1139814405248022
4699725.24,2343759.2530000005,0.10805241703066615
4699725.24,2348759.2530000005,0.10707386453714053
4699725.24,2353759.2530000005,0.10887373837227578
4699725.24,2358759.2530000005,0.11209467419766293
4699725.24,2363759.2530000005,0.11592290137706712
4699725.24,2368759.2530000005,0.11989424750509046
4699725.24,2373759.2530000005,0.12375983366587417
4699725.24,2378759.2530000005,0.12739821004164115
4699725.24,2383759.2530000005,0.1307604386500439
4699725.24,2388759.2530000005,0.133837037803919
4699725.24,2393759.2530000005,0.13663872903394872
4704725.24,2078759.2530000005,0.7843398308371591
4704725.24,2083759.2530000005,0.7738047067548843
4704725.24,2088759.2530000005,0.7225399108625681
4704725.24,2093759.2530000005,0.6564335393235756
4704725.24,2098759.2530000005,0.6214455982548305
4704725.24,2103759.2530000005,0.61198880652561
4704725.24,2108759.2530000005,0.5313104715648778
4704725.24,2113759.2530000005,0.4692360225330655
4704725.24,2118759.2530000005,0.4456097681117614
4704725.24,2123759.2530000005,0.5090116943235516
4704725.24,2128759.2530000005,0.6068232280171333
4704725.24,2133759.2530000005,0.6228349928643166
4704725.24,2138759.2530000005,0.7428491090388284
4704725.24,2143759.2530000005,0.6772188032762854
4704725.24,2148759.2530000005,0.5662930385307411
4704725.24,2153759.2530000005,0.506304874051735
4704725.24,2158759.2530000005,0.502168645740881
4704725.24,2163759.2530000005,0.5284014792462858
4704725.24,2168759.2530000005,0.5845326201639545
4704725.24,2173759.2530000005,0.5948141223387123
4704725.24,2178759.2530000005,0.6122203710826447
4704725.24,2183759.2530000005,0.608372603834777
4704725.24,2188759.2530000005,0.5905976270308059
4704725.24,2193759.2530000005,0.5953399999018831
4704725.24,2198759.2530000005,0.5980777688245023
4704725.24,2203759.2530000005,0.6150847326235948
4704725.24,2208759.2530000005,0.6174719443419007
4704725.24,2213759.2530000005,0.5924700901969936
4704725.24,2218759.2530000005,0.5650472255529543
4704725.24,2223759.2530000005,0.5181789135169318
4704725.24,2228759.2530000005,0.4088111080615111
4704725.24,2233759.2530000005,0.42749531699010707
4704725.24,2238759.2530000005,0.5168245095812202
4704725.24,2243759.2530000005,0.5400636661807748
4704725.24,2248759.2530000005,0.5389171732770693
4704725.24,2253759.2530000005,0.5362252068783422
4704725.24,2258759.2530000005,0.5140360329097773
4704725.24,2263759.2530000005,0.4795336222153856
4704725.24,2268759.2530000005,0.4702952876694382
4704725.24,2273759.2530000005,0.4224114578724348
4704725.24,2278759.2530000005,0.373307165950283
4704725.24,2283759.2530000005,0.3111706539472627
4704725.24,2288759.2530000005,0.2984202593930477
4704725.24,2293759.2530000005,0.2923130900186274
4704725.24,2298759.2530000005,0.2975099718931596
4704725.24,2303759.2530000005,0.301164685409536
4704725.24,2308759.2530000005,0.31064134178072106
4704725.24,2313759.2530000005,0.3163053654163239
4704725.24,2318759.2530000005,0.3192937879771589
4704725.24,2323759.2530000005,0.2587849644747706
4704725.24,2328759.2530000005,0.1672198665264153
4704725.24,2333759.2530000005,0.1479210428537972
4704725.24,2338759.2530000005,0.13324340578158045
4704725.24,2343759.2530000005,0.12531325358257933
4704725.24,2348759.2530000005,0.12203387985791928
4704725.24,2353759.2530000005,0.12168510084374823
4704725.24,2358759.2530000005,0.12303471971736749
4704725.24,2363759.2530000005,0.1252754156005944
4704725.24,2368759.2530000005,0.12791339240223598
4704725.24,2373759.2530000005,0.13066319254663775
4704725.24,2378759.2530000005,0.13336856354028417
4704725.24,2383759.2530000005,0.13594980799939885
4704725.24,2388759.2530000005,0.14468228390193333
4704725.24,2393759.2530000005,0.142211488851491
4709725.24,2078759.2530000005,0.7936189325048619
4709725.24,2083759.2530000005,0.7880820612659337
4709725.24,2088759.2530000005,0.7790104603244045
4709725.24,2093759.2530000005,0.7657542901837334
4709725.24,2098759.2530000005,0.6991030326334415
4709725.24,2103759.2530000005,0.6128052833488161
4709725.24,2108759.2530000005,0.5372626682226113
4709725.24,2113759.2530000005,0.45222431680329556
4709725.24,2118759.2530000005,0.43489500821525556
4709725.24,2123759.2530000005,0.48465139232980353
4709725.24,2128759.2530000005,0.5294468112102596
4709725.24,2133759.2530000005,0.6037948206773629
4709725.24,2138759.2530000005,0.7149579533003563
4709725.24,2143759.2530000005,0.6667220260635496
4709725.24,2148759.2530000005,0.5603467459273068
4709725.24,2153759.2530000005,0.6069537626838595
4709725.24,2158759.2530000005,0.6016345996688529
4709725.24,2163759.2530000005,0.5788107710651236
4709725.24,2168759.2530000005,0.648557822580048
4709725.24,2173759.2530000005,0.6521208615468829
4709725.24,2178759.2530000005,0.6413861218134279
4709725.24,2183759.2530000005,0.6350512395140121
4709725.24,2188759.2530000005,0.6204231712241787
4709725.24,2193759.2530000005,0.5981306282016146
4709725.24,2198759.2530000005,0.5857299685211652
4709725.24,2203759.2530000005,0.6104817719506873
4709725.24,2208759.2530000005,0.611970899940365
4709725.24,2213759.2530000005,0.5958605837378202
4709725.24,2218759.2530000005,0.5512150770337372
4709725.24,2223759.2530000005,0.5006652868172579
4709725.24,2228759.2530000005,0.4126588765044215
4709725.24,2233759.2530000005,0.4916690624457783
4709725.24,2238759.2530000005,0.5307445037376808
4709725.24,2243759.2530000005,0.5440843270707708
4709725.24,2248759.2530000005,0.5408392087159616
4709725.24,2253759.2530000005,0.5349718399057328
4709725.24,2258759.2530000005,0.5086904413077076
4709725.24,2263759.2530000005,0.5000526239143577
4709725.24,2268759.2530000005,0.4835549465643346
4709725.24,2273759.2530000005,0.4555865955951002
4709725.24,2278759.2530000005,0.39416030635489535
4709725.24,2283759.2530000005,0.3172268910906907
4709725.24,2288759.2530000005,0.30313289403538707
4709725.24,2293759.2530000005,0.3001623964302056
4709725.24,2298759.2530000005,0.2980707059594552
4709725.24,2303759.2530000005,0.3001656289275323
4709725.24,2308759.2530000005,0.3025003953304564
4709725.24,2313759.2530000005,0.30442187749168087
4709725.24,2318759.2530000005,0.3152362445043677
4709725.24,2323759.2530000005,0.3305171729988362
4709725.24,2328759.2530000005,0.18769047474011627
4709725.24,2333759.2530000005,0.1692532207813498
4709725.24,2338759.2530000005,0.15534582688622992
4709725.24,2343759.2530000005,0.14579376283357096
4709725.24,2348759.2530000005,0.1410203760891965
4709725.24,2353759.2530000005,0.13790383095018982
4709725.24,2358759.2530000005,0.13673370257868092
4709725.24,2363759.2530000005,0.1368138833423558
4709725.24,2368759.2530000005,0.14308471050944016
4709725.24,2373759.2530000005,0.14510095457246974
4709725.24,2378759.2530000005,0.1473121818202148
4709725.24,2383759.2530000005,0.14957981205085183
4709725.24,2388759.2530000005,0.1458776000653429
4709725.24,2393759.2530000005,0.13837597089223877
4714725.24,2078759.2530000005,0.8026474496498807
4714725.24,2083759.2530000005,0.8010740947594902
4714725.24,2088759.2530000005,0.7988025248606881
4714725.24,2093759.2530000005,0.7950998981093401
4714725.24,2098759.2530000005,0.7897392675172339
4714725.24,2103759.2530000005,0.7231770265077784
4714725.24,2108759.2530000005,0.6347234189275077
4714725.24,2113759.2530000005,0.5266741379302368
4714725.24,2118759.2530000005,0.4275293649036626
4714725.24,2123759.2530000005,0.4554953577757382
4714725.24,2128759.2530000005,0.5281582226787024
4714725.24,2133759.2530000005,0.5905496871587538
4714725.24,2138759.2530000005,0.7022196452380773
4714725.24,2143759.2530000005,0.7495929821750549
4714725.24,2148759.2530000005,0.6980178749403102
4714725.24,2153759.2530000005,0.8144089424071991
4714725.24,2158759.2530000005,0.6881423509221937
4714725.24,2163759.2530000005,0.6353907949319322
4714725.24,2168759.2530000005,0.6953764221714146
4714725.24,2173759.2530000005,0.6917872132537566
4714725.24,2178759.2530000005,0.6600786752541321
4714725.24,2183759.2530000005,0.6583233899974911
4714725.24,2188759.2530000005,0.6240600393412337
4714725.24,2193759.2530000005,0.5828978204169759
4714725.24,2198759.2530000005,0.5818931775943983
4714725.24,2203759.2530000005,0.586237025375801
4714725.24,2208759.2530000005,0.5910534454980297
4714725.24,2213759.2530000005,0.5966112176634918
4714725.24,2218759.2530000005,0.48367205500825644
4714725.24,2223759.2530000005,0.33943453635256526
4714725.24,2228759.2530000005,0.32968458104169995
4714725.24,2233759.2530000005,0.34572487772149507
4714725.24,2238759.2530000005,0.530919994587567
4714725.24,2243759.2530000005,0.54710118600904
4714725.24,2248759.2530000005,0.5421032732650025
4714725.24,2253759.2530000005,0.5293788434964265
4714725.24,2258759.2530000005,0.5041326369608103
4714725.24,2263759.2530000005,0.49571630871133543
4714725.24,2268759.2530000005,0.4919546856712241
4714725.24,2273759.2530000005,0.4762924862801139
4714725.24,2278759.2530000005,0.4284864377460427
4714725.24,2283759.2530000005,0.3604143118769916
4714725.24,2288759.2530000005,0.32483906310025684
4714725.24,2293759.2530000005,0.3196843943931443
4714725.24,2298759.2530000005,0.32146321848738946
4714725.24,2303759.2530000005,0.3153813806538905
4714725.24,2308759.2530000005,0.30190107144793676
4714725.24,2313759.2530000005,0.3033555820721784
4714725.24,2318759.2530000005,0.31765633646776953
4714725.24,2323759.2530000005,0.33532818622604393
4714725.24,2328759.2530000005,0.23731505496836913
4714725.24,2333759.2530000005,0.1995811044224734
4714725.24,2338759.2530000005,0.18607524310178272
4714725.24,2343759.2530000005,0.1737784619596687
4714725.24,2348759.2530000005,0.1638919655635187
4714725.24,2353759.2530000005,0.16476554929334133
4714725.24,2358759.2530000005,0.1606090991966942
4714725.24,2363759.2530000005,0.15834274275771218
4714725.24,2368759.2530000005,0.15740805908899125
4714725.24,2373759.2530000005,0.1631108879155014
4714725.24,2378759.2530000005,0.17320064829904808
4714725.24,2383759.2530000005,0.1683280917142758
4714725.24,2388759.2530000005,0.14647417998547355
4714725.24,2393759.2530000005,0.1376802744546801
4714725.24,2398759.2530000005,0.13928660706947
4719725.24,2078759.2530000005,0.8299242926303787
4719725.24,2083759.2530000005,0.829755149576044
4719725.24,2088759.2530000005,0.8285325914984994
4719725.24,2093759.2530000005,0.8255532643683449
4719725.24,2098759.2530000005,0.8156115546715806
4719725.24,2103759.2530000005,0.776816065995506
4719725.24,2108759.2530000005,0.7475461050836882
4719725.24,2113759.2530000005,0.677038579867585
4719725.24,2118759.2530000005,0.596859838372059
4719725.24,2123759.2530000005,0.5247171846769253
4719725.24,2128759.2530000005,0.5327841060055967
4719725.24,2133759.2530000005,0.6398187819059376
4719725.24,2138759.2530000005,0.6791193623150048
4719725.24,2143759.2530000005,0.7075596154171117
4719725.24,2148759.2530000005,0.6997792671442556
4719725.24,2153759.2530000005,0.7083861913041163
4719725.24,2158759.2530000005,0.6474742456567744
4719725.24,2163759.2530000005,0.7377692988255711
4719725.24,2168759.2530000005,0.750165822356292
4719725.24,2173759.2530000005,0.6883346869523277
4719725.24,2178759.2530000005,0.6846708073501774
4719725.24,2183759.2530000005,0.6394066440110548
4719725.24,2188759.2530000005,0.5885231500241277
4719725.24,2193759.2530000005,0.5723139891763561
4719725.24,2198759.2530000005,0.5703381605021867
4719725.24,2203759.2530000005,0.570271495967358
4719725.24,2208759.2530000005,0.5741026460215078
4719725.24,2213759.2530000005,0.5852661032089641
4719725.24,2218759.2530000005,0.42587691323484017
4719725.24,2223759.2530000005,0.31259302784724186
4719725.24,2228759.2530000005,0.304642602367969
4719725.24,2233759.2530000005,0.29870346609595183
4719725.24,2238759.2530000005,0.43336159426686127
4719725.24,2243759.2530000005,0.6221652987102025
4719725.24,2248759.2530000005,0.5355716792744157
4719725.24,2253759.2530000005,0.5075906760028701
4719725.24,2258759.2530000005,0.5032182101937869
4719725.24,2263759.2530000005,0.49389606217858184
4719725.24,2268759.2530000005,0.48822828354410236
4719725.24,2273759.2530000005,0.4916804166273601
4719725.24,2278759.2530000005,0.48390289935008973
4719725.24,2283759.2530000005,0.46198543544132703
4719725.24,2288759.2530000005,0.4242669060109087
4719725.24,2293759.2530000005,0.39702755565672604
4719725.24,2298759.2530000005,0.38891342225887965
4719725.24,2303759.2530000005,0.35931271545638555
4719725.24,2308759.2530000005,0.35581950956456304
4719725.24,2313759.2530000005,0.34223024942822766
4719725.24,2318759.2530000005,0.3484626788906587
4719725.24,2323759.2530000005,0.3335660571833345
4719725.24,2328759.2530000005,0.39109999999252304
4719725.24,2333759.2530000005,0.23761670547136057
4719725.24,2338759.2530000005,0.24927928853245812
4719725.24,2343759.2530000005,0.23088421625813987
4719725.24,2348759.2530000005,0.22509584419590234
4719725.24,2353759.2530000005,0.21225549072274866
4719725.24,2358759.2530000005,0.20346023828175128
4719725.24,2363759.2530000005,0.19769175506146255
4719725.24,2368759.2530000005,0.19416162523535718
4719725.24,2373759.2530000005,0.19220840068980463
4719725.24,2378759.2530000005,0.18309058271961276
4719725.24,2383759.2530000005,0.1754175847238027
4719725.24,2388759.2530000005,0.1566956874658194
4719725.24,2393759.2530000005,0.14505421724815873
4719725.24,2398759.2530000005,0.13332331348347073
4719725.24,2403759.2530000005,0.13414779023594625
4724725.24,2078759.2530000005,0.8464378740967063
4724725.24,2083759.2530000005,0.8464415463280502
4724725.24,2088759.2530000005,0.8464167591775946
4724725.24,2093759.2530000005,0.8467835309937346
4724725.24,2098759.2530000005,0.8300003589657663
4724725.24,2103759.2530000005,0.8125777193035844
4724725.24,2108759.2530000005,0.8009568104283807
4724725.24,2113759.2530000005,0.7300942643681244
4724725.24,2118759.2530000005,0.7292973269209072
4724725.24,2123759.2530000005,0.6952749871427975
4724725.24,2128759.2530000005,0.5891579582195214
4724725.24,2133759.2530000005,0.614579526722899
4724725.24,2138759.2530000005,0.6646343758983748
4724725.24,2143759.2530000005,0.6712477074295279
4724725.24,2148759.2530000005,0.6641389369856221
4724725.24,2153759.2530000005,0.6151353398032093
4724725.24,2158759.2530000005,0.5455563509865419
4724725.24,2163759.2530000005,0.6626279025640324
4724725.24,2168759.2530000005,0.6209446873557122
4724725.24,2173759.2530000005,0.6506304086966657
4724725.24,2178759.2530000005,0.645289901463425
4724725.24,2183759.2530000005,0.6040903173171119
4724725.24,2188759.2530000005,0.5779128487953311
4724725.24,2193759.2530000005,0.5743972194240351
4724725.24,2198759.2530000005,0.5685023957853682
4724725.24,2203759.2530000005,0.5763731803613394
4724725.24,2208759.2530000005,0.5751453130754911
4724725.24,2213759.2530000005,0.5789364663794041
4724725.24,2218759.2530000005,0.39265182136336946
4724725.24,2223759.2530000005,0.3010827716787422
4724725.24,2228759.2530000005,0.2810144161099341
4724725.24,2233759.2530000005,0.2310635670831044
4724725.24,2238759.2530000005,0.041250982049676935
4724725.24,2243759.2530000005,0.5019573921465246
4724725.24,2248759.2530000005,0.5355835227837773
4724725.24,2253759.2530000005,0.5244068292289634
4724725.24,2258759.2530000005,0.5021129691682926
4724725.24,2263759.2530000005,0.4603307188865522
4724725.24,2268759.2530000005,0.4537008056883016
4724725.24,2273759.2530000005,0.46429034001215347
4724725.24,2278759.2530000005,0.512649064397126
4724725.24,2283759.2530000005,0.5129872591853913
4724725.24,2288759.2530000005,0.5170927716314025
4724725.24,2293759.2530000005,0.5059275789067593
4724725.24,2298759.2530000005,0.48470410238791944
4724725.24,2303759.2530000005,0.46535862868183864
4724725.24,2308759.2530000005,0.44899940927948556
4724725.24,2313759.2530000005,0.4485701049765489
4724725.24,2318759.2530000005,0.4643134677872885
4724725.24,2323759.2530000005,0.49062245318380604
4724725.24,2328759.2530000005,0.47812378597592403
4724725.24,2333759.2530000005,0.4723514480438924
4724725.24,2338759.2530000005,0.47547959099367826
4724725.24,2343759.2530000005,0.29873155837869075
4724725.24,2348759.2530000005,0.2738929495747132
4724725.24,2353759.2530000005,0.2539336582700563
4724725.24,2358759.2530000005,0.238863529211868
4724725.24,2363759.2530000005,0.22792664596776618
4724725.24,2368759.2530000005,0.2201555352007803
4724725.24,2373759.2530000005,0.21471314432885188
4724725.24,2378759.2530000005,0.19197398724673229
4724725.24,2383759.2530000005,0.1678487232564481
4724725.24,2388759.2530000005,0.1677656513703466
4724725.24,2393759.2530000005,0.15283573827487484
4724725.24,2398759.2530000005,0.13859590006601538
4724725.24,2403759.2530000005,0.13896600471718737
4724725.24,2408759.2530000005,0.16586551697586818
4729725.24,2078759.2530000005,0.8467087227019315
4729725.24,2083759.2530000005,0.8467055421955986
4729725.24,2088759.2530000005,0.8467010574672199
4729725.24,2093759.2530000005,0.8466950057596254
4729725.24,2098759.2530000005,0.8466963893372166
4729725.24,2103759.2530000005,0.8473864752006325
4729725.24,2108759.2530000005,0.8478109774717806
4729725.24,2113759.2530000005,0.7938764683876479
4729725.24,2118759.2530000005,0.7860790841838537
4729725.24,2123759.2530000005,0.7283545536426128
4729725.24,2128759.2530000005,0.5875790004487775
4729725.24,2133759.2530000005,0.4827264729431032
4729725.24,2138759.2530000005,0.5961735708904168
4729725.24,2143759.2530000005,0.6387484799329725
4729725.24,2148759.2530000005,0.62146747031771
4729725.24,2153759.2530000005,0.6234237318359207
4729725.24,2158759.2530000005,0.5843818475473604
4729725.24,2163759.2530000005,0.5970359841882639
4729725.24,2168759.2530000005,0.5758493374738997
4729725.24,2173759.2530000005,0.6000243068054918
4729725.24,2178759.2530000005,0.5969644977245159
4729725.24,2183759.2530000005,0.58305321170779
4729725.24,2188759.2530000005,0.5646141927565815
4729725.24,2193759.2530000005,0.5828115786594511
4729725.24,2198759.2530000005,0.5597541987726307
4729725.24,2203759.2530000005,0.5671514633671232
4729725.24,2208759.2530000005,0.5767909280746237
4729725.24,2213759.2530000005,0.5815880440626918
4729725.24,2218759.2530000005,0.4302384435428267
4729725.24,2223759.2530000005,0.2973078303814284
4729725.24,2228759.2530000005,0.27854843235543664
4729725.24,2233759.2530000005,0.24726792183540708
4729725.24,2238759.2530000005,0.23629655241852282
4729725.24,2243759.2530000005,0.3171947598212083
4729725.24,2248759.2530000005,0.5123387048971311
4729725.24,2253759.2530000005,0.5165286523015749
4729725.24,2258759.2530000005,0.44603122521588934
4729725.24,2263759.2530000005,0.4399286751862609
4729725.24,2268759.2530000005,0.44390348333672136
4729725.24,2273759.2530000005,0.44892932853339523
4729725.24,2278759.2530000005,0.5098270282252423
4729725.24,2283759.2530000005,0.5442551447717673
4729725.24,2288759.2530000005,0.5630558817036138
4729725.24,2293759.2530000005,0.568796850638445
4729725.24,2298759.2530000005,0.5512318719556171
4729725.24,2303759.2530000005,0.5284289874663659
4729725.24,2308759.2530000005,0.541984572972617
4729725.24,2313759.2530000005,0.5286260120701
4729725.24,2318759.2530000005,0.5036600334328986
4729725.24,2323759.2530000005,0.481879908777392
4729725.24,2328759.2530000005,0.4586419909197697
4729725.24,2333759.2530000005,0.4516549033190421
4729725.24,2338759.2530000005,0.4617650332663221
4729725.24,2343759.2530000005,0.4761218773624421
4729725.24,2348759.2530000005,0.4860687838426387
4729725.24,2353759.2530000005,0.4928820573971693
4729725.24,2358759.2530000005,0.4327154845093759
4729725.24,2363759.2530000005,0.25823813327229994
4729725.24,2368759.2530000005,0.2466236130536219
4729725.24,2373759.2530000005,0.22622745590592233
4729725.24,2378759.2530000005,0.20000864879696773
4729725.24,2383759.2530000005,0.1807328119476525
4729725.24,2388759.2530000005,0.1793468240329467
4729725.24,2393759.2530000005,0.24450680436869332
4729725.24,2398759.2530000005,0.2889770558968425
4729725.24,2403759.2530000005,0.28536775948295057
4729725.24,2408759.2530000005,0.2744880095845795
4729725.24,2413759.2530000005,0.2722756116298884
4729725.24,2418759.2530000005,0.2705030635021693
4729725.24,2423759.2530000005,0.2657075259905487
4734725.24,2083759.2530000005,0.8467356642250485
4734725.24,2088759.2530000005,0.8467177879462343
4734725.24,2093759.2530000005,0.8467875608609868
4734725.24,2098759.2530000005,0.8481692898110974
4734725.24,2103759.2530000005,0.8479948061799526
4734725.24,2108759.2530000005,0.8433108001651907
4734725.24,2113759.2530000005,0.7900722058799855
4734725.24,2118759.2530000005,0.7885040830294489
4734725.24,2123759.2530000005,0.7506403163280436
4734725.24,2128759.2530000005,0.5823235780790671
4734725.24,2133759.2530000005,0.4743232611173571
4734725.24,2138759.2530000005,0.5308233477927411
4734725.24,2143759.2530000005,0.5597543084767898
4734725.24,2148759.2530000005,0.5608489366872415
4734725.24,2153759.2530000005,0.5806540315329444
4734725.24,2158759.2530000005,0.5847997260078783
4734725.24,2163759.2530000005,0.5891994436584792
4734725.24,2168759.2530000005,0.5966572889465145
4734725.24,2173759.2530000005,0.6026046745988943
4734725.24,2178759.2530000005,0.5770547509531336
4734725.24,2183759.2530000005,0.582461500753262
4734725.24,2188759.2530000005,0.5835774634685469
4734725.24,2193759.2530000005,0.5882883800155032
4734725.24,2198759.2530000005,0.5786330541161594
4734725.24,2203759.2530000005,0.579874705011527
4734725.24,2208759.2530000005,0.5879561378338938
4734725.24,2213759.2530000005,0.5878555530818772
4734725.24,2218759.2530000005,0.4502476687775623
4734725.24,2223759.2530000005,0.31721490127486063
4734725.24,2228759.2530000005,0.28963379072931544
4734725.24,2233759.2530000005,0.2801120394889797
4734725.24,2238759.2530000005,0.2885923023627151
4734725.24,2243759.2530000005,0.31616721409551285
4734725.24,2248759.2530000005,0.3786397744196293
4734725.24,2253759.2530000005,0.4807128312773503
4734725.24,2258759.2530000005,0.44220223516287743
4734725.24,2263759.2530000005,0.38404714582330896
4734725.24,2268759.2530000005,0.39303979330027655
4734725.24,2273759.2530000005,0.459734021814962
4734725.24,2278759.2530000005,0.5226413211965886
4734725.24,2283759.2530000005,0.5481801571835906
4734725.24,2288759.2530000005,0.546044043675287
4734725.24,2293759.2530000005,0.571404809770346
4734725.24,2298759.2530000005,0.5668633968424911
4734725.24,2303759.2530000005,0.5583002635390532
4734725.24,2308759.2530000005,0.5513850368044638
4734725.24,2313759.2530000005,0.5217383899586387
4734725.24,2318759.2530000005,0.5077598499242135
4734725.24,2323759.2530000005,0.4770386920428541
4734725.24,2328759.2530000005,0.43512938835542114
4734725.24,2333759.2530000005,0.42806326141105755
4734725.24,2338759.2530000005,0.45160432825130015
4734725.24,2343759.2530000005,0.47241197981583793
4734725.24,2348759.2530000005,0.48552192484418244
4734725.24,2353759.2530000005,0.49440525691345905
4734725.24,2358759.2530000005,0.500285993537331
4734725.24,2363759.2530000005,0.5042487453288679
4734725.24,2368759.2530000005,0.4719842928228237
4734725.24,2373759.2530000005,0.4167199676253608
4734725.24,2378759.2530000005,0.36592284617689863
4734725.24,2383759.2530000005,0.3553305120268595
4734725.24,2388759.2530000005,0.29643892383215414
4734725.24,2393759.2530000005,0.28988826026202313
4734725.24,2398759.2530000005,0.2855311931881418
4734725.24,2403759.2530000005,0.2819151928034303
4734725.24,2408759.2530000005,0.27134520117394956
4734725.24,2413759.2530000005,0.26604755816192477
4734725.24,2418759.2530000005,0.26483700332479027
4734725.24,2423759.2530000005,0.2639190250975621
4739725.24,2093759.2530000005,0.8483592786495008
4739725.24,2098759.2530000005,0.8483583251081535
4739725.24,2108759.2530000005,0.8221166214722444
4739725.24,2113759.2530000005,0.7999601836190452
4739725.24,2118759.2530000005,0.7825395829613733
4739725.24,2123759.2530000005,0.7385306140293215
4739725.24,2128759.2530000005,0.6356069495298824
4739725.24,2133759.2530000005,0.5388727899929311
4739725.24,2138759.2530000005,0.49187826232640736
4739725.24,2143759.2530000005,0.4770201840649289
4739725.24,2148759.2530000005,0.5056495850885354
4739725.24,2153759.2530000005,0.5633389202092425
4739725.24,2158759.2530000005,0.5766395229923175
4739725.24,2163759.2530000005,0.58778762430348
4739725.24,2168759.2530000005,0.5888426513119136
4739725.24,2173759.2530000005,0.5855231189289274
4739725.24,2178759.2530000005,0.585705712574025
4739725.24,2183759.2530000005,0.6308158030918909
4739725.24,2188759.2530000005,0.6254454579738071
4739725.24,2193759.2530000005,0.6307176908220984
4739725.24,2198759.2530000005,0.6364132718828984
4739725.24,2203759.2530000005,0.6160562168126628
4739725.24,2208759.2530000005,0.6140258992634501
4739725.24,2213759.2530000005,0.6125176120244219
4739725.24,2218759.2530000005,0.4864181130485226
4739725.24,2223759.2530000005,0.36646064767872805
4739725.24,2228759.2530000005,0.30119406905504986
4739725.24,2233759.2530000005,0.30213713037087225
4739725.24,2238759.2530000005,0.30805731726238444
4739725.24,2243759.2530000005,0.33330869359538784
4739725.24,2248759.2530000005,0.4025348351859023
4739725.24,2253759.2530000005,0.457991043058569
4739725.24,2258759.2530000005,0.46313707309195284
4739725.24,2263759.2530000005,0.2785608079276214
4739725.24,2268759.2530000005,0.28952755873926794
4739725.24,2273759.2530000005,0.4707440396746394
4739725.24,2278759.2530000005,0.5481662292033049
4739725.24,2283759.2530000005,0.5546129405316368
4739725.24,2288759.2530000005,0.5423158704656672
4739725.24,2293759.2530000005,0.5572834367598776
4739725.24,2298759.2530000005,0.5554657675851177
4739725.24,2303759.2530000005,0.554007344449559
4739725.24,2308759.2530000005,0.5399430846285722
4739725.24,2313759.2530000005,0.5400969988605202
4739725.24,2318759.2530000005,0.5183989023648563
4739725.24,2323759.2530000005,0.4905258141382034
4739725.24,2328759.2530000005,0.44331503652643195
4739725.24,2333759.2530000005,0.43350743618148485
4739725.24,2338759.2530000005,0.4578770911654456
4739725.24,2343759.2530000005,0.4780296537918407
4739725.24,2348759.2530000005,0.490759620164667
4739725.24,2353759.2530000005,0.4985134492243715
4739725.24,2358759.2530000005,0.5034011129766885
4739725.24,2363759.2530000005,0.4883130454658902
4739725.24,2368759.2530000005,0.4259455352451198
4739725.24,2373759.2530000005,0.4076321683224356
4739725.24,2378759.2530000005,0.3565776135083693
4739725.24,2383759.2530000005,0.3247350310960686
4739725.24,2388759.2530000005,0.29248910019641766
4739725.24,2393759.2530000005,0.286014491789179
4739725.24,2398759.2530000005,0.2777220409297775
4739725.24,2403759.2530000005,0.2674174787708241
4739725.24,2408759.2530000005,0.26543600437254705
4739725.24,2413759.2530000005,0.26389510123915927
4739725.24,2418759.2530000005,0.2627400044660893
4739725.24,2423759.2530000005,0.26191303961871615
4744725.24,2128759.2530000005,0.5245097902972242
4744725.24,2133759.2530000005,0.4051264380901103
4744725.24,2138759.2530000005,0.43070058002409284
4744725.24,2143759.2530000005,0.4615285616468109
4744725.24,2148759.2530000005,0.48077177794926246
4744725.24,2153759.2530000005,0.5581768702293926
4744725.24,2158759.2530000005,0.578720537067841
4744725.24,2163759.2530000005,0.5882017281251286
4744725.24,2168759.2530000005,0.5947218897398896
4744725.24,2173759.2530000005,0.6351837309252691
4744725.24,2178759.2530000005,0.6784034861504682
4744725.24,2183759.2530000005,0.7105443711898735
4744725.24,2188759.2530000005,0.6953427560876009
4744725.24,2193759.2530000005,0.715205988765379
4744725.24,2198759.2530000005,0.679084317111507
4744725.24,2203759.2530000005,0.6412593199978578
4744725.24,2208759.2530000005,0.6329109271725096
4744725.24,2213759.2530000005,0.6244852047307082
4744725.24,2218759.2530000005,0.6256085607165351
4744725.24,2223759.2530000005,0.47545266399772895
4744725.24,2228759.2530000005,0.41429747330887084
4744725.24,2233759.2530000005,0.3726066832996957
4744725.24,2238759.2530000005,0.43782339872820397
4744725.24,2243759.2530000005,0.4806775587331305
4744725.24,2248759.2530000005,0.5362721293407098
4744725.24,2253759.2530000005,0.6007494441566917
4744725.24,2258759.2530000005,0.5826000778379935
4744725.24,2263759.2530000005,0.5199006365748644
4744725.24,2268759.2530000005,0.5240296781659594
4744725.24,2273759.2530000005,0.5558352656535
4744725.24,2278759.2530000005,0.6360893078906735
4744725.24,2283759.2530000005,0.5823235947022497
4744725.24,2288759.2530000005,0.5712166261112406
4744725.24,2293759.2530000005,0.5606076715045013
4744725.24,2298759.2530000005,0.5481833986063881
4744725.24,2303759.2530000005,0.5332580893624974
4744725.24,2308759.2530000005,0.5394962673042425
4744725.24,2313759.2530000005,0.5397579474541367
4744725.24,2318759.2530000005,0.5403101713392271
4744725.24,2323759.2530000005,0.5148087912321352
4744725.24,2328759.2530000005,0.49084490822351384
4744725.24,2333759.2530000005,0.47728041947405403
4744725.24,2338759.2530000005,0.48518988990951867
4744725.24,2343759.2530000005,0.4926354001940797
4744725.24,2348759.2530000005,0.4996969346827472
4744725.24,2353759.2530000005,0.5050904025598324
4744725.24,2358759.2530000005,0.4913252366212284
4744725.24,2363759.2530000005,0.4272806526603457
4744725.24,2368759.2530000005,0.4076347667384917
4744725.24,2373759.2530000005,0.3655431427167454
4744725.24,2378759.2530000005,0.35409489835930846
4744725.24,2383759.2530000005,0.32118204247716087
4744725.24,2388759.2530000005,0.28331280784222884
4744725.24,2393759.2530000005,0.2787345793645336
4744725.24,2398759.2530000005,0.26750212194977313
4744725.24,2403759.2530000005,0.2649041227986009
4744725.24,2408759.2530000005,0.2628976472223605
4744725.24,2413759.2530000005,0.2614103742485256
4744725.24,2418759.2530000005,0.26036279470929713
4744725.24,2423759.2530000005,0.2596767596862857
4744725.24,2428759.2530000005,0.25680439119069765
4744725.24,2433759.2530000005,0.2567148139056147
4749725.24,2128759.2530000005,0.37948456312858836
4749725.24,2133759.2530000005,0.3889047281440059
4749725.24,2138759.2530000005,0.39554232795441746
4749725.24,2143759.2530000005,0.4095870241953874
4749725.24,2148759.2530000005,0.5135911173799139
4749725.24,2153759.2530000005,0.554693731156624
4749725.24,2158759.2530000005,0.6139071708184669
4749725.24,2163759.2530000005,0.6251184450696522
4749725.24,2168759.2530000005,0.647125162151295
4749725.24,2173759.2530000005,0.6696224173040368
4749725.24,2178759.2530000005,0.7346039562933662
4749725.24,2183759.2530000005,0.7342785168133439
4749725.24,2188759.2530000005,0.7128696615540882
4749725.24,2193759.2530000005,0.7771869453719308
4749725.24,2198759.2530000005,0.7155195860237348
4749725.24,2203759.2530000005,0.6716460899467442
4749725.24,2208759.2530000005,0.6556885017816879
4749725.24,2213759.2530000005,0.6451985981495372
4749725.24,2218759.2530000005,0.6574237681370861
4749725.24,2223759.2530000005,0.6691249067631313
4749725.24,2228759.2530000005,0.599858783211135
4749725.24,2233759.2530000005,0.5747467498156896
4749725.24,2238759.2530000005,0.590660727517428
4749725.24,2243759.2530000005,0.6450313355492578
4749725.24,2248759.2530000005,0.6365225277728579
4749725.24,2253759.2530000005,0.6411069927064458
4749725.24,2258759.2530000005,0.6613022197085165
4749725.24,2263759.2530000005,0.6155396790177616
4749725.24,2268759.2530000005,0.5708847457242334
4749725.24,2273759.2530000005,0.5872198145835089
4749725.24,2278759.2530000005,0.6210262733487208
4749725.24,2283759.2530000005,0.6134401829806152
4749725.24,2288759.2530000005,0.5838289678496043
4749725.24,2293759.2530000005,0.5642599273417204
4749725.24,2298759.2530000005,0.5445083229294232
4749725.24,2303759.2530000005,0.5312497476423141
4749725.24,2308759.2530000005,0.5336870040021876
4749725.24,2313759.2530000005,0.5389673970732707
4749725.24,2318759.2530000005,0.5405648299089297
4749725.24,2323759.2530000005,0.540469793234118
4749725.24,2328759.2530000005,0.519012672271279
4749725.24,2333759.2530000005,0.5129621864329023
4749725.24,2338759.2530000005,0.5070494377049466
4749725.24,2343759.2530000005,0.5075511234773814
4749725.24,2348759.2530000005,0.5098766124710888
4749725.24,2353759.2530000005,0.508505981703015
4749725.24,2358759.2530000005,0.44614306083940586
4749725.24,2363759.2530000005,0.40771688738406875
4749725.24,2368759.2530000005,0.39322027991808683
4749725.24,2373759.2530000005,0.3557679211677046
4749725.24,2378759.2530000005,0.3512521667810543
4749725.24,2383759.2530000005,0.2882413910238372
4749725.24,2388759.2530000005,0.2806697729998388
4749725.24,2393759.2530000005,0.26805420024190757
4749725.24,2398759.2530000005,0.26456638478525607
4749725.24,2403759.2530000005,0.2618868413163794
4749725.24,2408759.2530000005,0.25992104694800894
4749725.24,2413759.2530000005,0.25855832294762404
4749725.24,2418759.2530000005,0.2576872040842963
4749725.24,2423759.2530000005,0.25488253154052
4749725.24,2428759.2530000005,0.2547849867334806
4749725.24,2433759.2530000005,0.25488580754097556
4749725.24,2438759.2530000005,0.19649967989601336
4754725.24,2128759.2530000005,0.3832660343073502
4754725.24,2133759.2530000005,0.39025833145176064
4754725.24,2138759.2530000005,0.38164449143407075
4754725.24,2143759.2530000005,0.3909769733140752
4754725.24,2148759.2530000005,0.4404068683665073
4754725.24,2153759.2530000005,0.5705012764374723
4754725.24,2158759.2530000005,0.6576230447759841
4754725.24,2163759.2530000005,0.6994297539112132
4754725.24,2168759.2530000005,0.7092076424624403
4754725.24,2173759.2530000005,0.7415406283441692
4754725.24,2178759.2530000005,0.7513928640732078
4754725.24,2183759.2530000005,0.7538579162440963
4754725.24,2188759.2530000005,0.7443047350400773
4754725.24,2193759.2530000005,0.7448767835936178
4754725.24,2198759.2530000005,0.6598386137085852
4754725.24,2203759.2530000005,0.6363696341089836
4754725.24,2208759.2530000005,0.6569530123604826
4754725.24,2213759.2530000005,0.6549718243196084
4754725.24,2218759.2530000005,0.6669816632785004
4754725.24,2223759.2530000005,0.6758852439125115
4754725.24,2228759.2530000005,0.6780269793206928
4754725.24,2233759.2530000005,0.6874230668157638
4754725.24,2238759.2530000005,0.6955062676243482
4754725.24,2243759.2530000005,0.6940869475902983
4754725.24,2248759.2530000005,0.6773410464559985
4754725.24,2253759.2530000005,0.6650818955766621
4754725.24,2258759.2530000005,0.6468972781255616
4754725.24,2263759.2530000005,0.6236912769713497
4754725.24,2268759.2530000005,0.5995018355706299
4754725.24,2273759.2530000005,0.6293595052175637
4754725.24,2278759.2530000005,0.6234908951122141
4754725.24,2283759.2530000005,0.6160101153112221
4754725.24,2288759.2530000005,0.6000287272107464
4754725.24,2293759.2530000005,0.5698936890498226
4754725.24,2298759.2530000005,0.5526380074941998
4754725.24,2303759.2530000005,0.5246835983528092
4754725.24,2308759.2530000005,0.5224829278764802
4754725.24,2313759.2530000005,0.5422106616370929
4754725.24,2318759.2530000005,0.5416793167145059
4754725.24,2323759.2530000005,0.5414246115635118
4754725.24,2328759.2530000005,0.5375629328572256
4754725.24,2333759.2530000005,0.5342130590897947
4754725.24,2338759.2530000005,0.5203254791687769
4754725.24,2343759.2530000005,0.5187266523983095
4754725.24,2348759.2530000005,0.5144470407468352
4754725.24,2353759.2530000005,0.4818010164479615
4754725.24,2358759.2530000005,0.40811787416193485
4754725.24,2363759.2530000005,0.4057547846115407
4754725.24,2368759.2530000005,0.3880159931126713
4754725.24,2373759.2530000005,0.35031124932499413
4754725.24,2378759.2530000005,0.3359363912369401
4754725.24,2383759.2530000005,0.28523635855704005
4754725.24,2388759.2530000005,0.26943598711401945
4754725.24,2393759.2530000005,0.2646349902124368
4754725.24,2398759.2530000005,0.2609573559585723
4754725.24,2403759.2530000005,0.25828229164133865
4754725.24,2408759.2530000005,0.25645453355994263
4754725.24,2413759.2530000005,0.25304378323304444
4754725.24,2418759.2530000005,0.252572633398437
4754725.24,2423759.2530000005,0.2524622227689406
4754725.24,2428759.2530000005,0.252614564816102
4754725.24,2433759.2530000005,0.19732335960465863
4754725.24,2438759.2530000005,0.19553132214843383
4754725.24,2443759.2530000005,0.19386175774764278
4754725.24,2448759.2530000005,0.19232632313680986
4759725.24,2133759.2530000005,0.3795882676813957
4759725.24,2138759.2530000005,0.37795958222789333
4759725.24,2143759.2530000005,0.37588020300623115
4759725.24,2148759.2530000005,0.4288012177439524
4759725.24,2153759.2530000005,0.6456288922817627
4759725.24,2158759.2530000005,0.6990480478412421
4759725.24,2163759.2530000005,0.7305610532122663
4759725.24,2168759.2530000005,0.7352486629214807
4759725.24,2173759.2530000005,0.7497348443560362
4759725.24,2178759.2530000005,0.7607936565733268
4759725.24,2183759.2530000005,0.7762521214770484
4759725.24,2188759.2530000005,0.8593266885812587
4759725.24,2193759.2530000005,0.7277188959537175
4759725.24,2198759.2530000005,0.6642786916792037
4759725.24,2203759.2530000005,0.662067164623702
4759725.24,2208759.2530000005,0.6555405273407484
4759725.24,2213759.2530000005,0.6467040014428553
4759725.24,2218759.2530000005,0.6632089232229633
4759725.24,2223759.2530000005,0.6730672703386448
4759725.24,2228759.2530000005,0.6785677313662491
4759725.24,2233759.2530000005,0.6891148187406128
4759725.24,2238759.2530000005,0.7063967630344112
4759725.24,2243759.2530000005,0.7094463788876666
4759725.24,2248759.2530000005,0.6911571975235373
4759725.24,2253759.2530000005,0.6635603292639148
4759725.24,2258759.2530000005,0.6347650296661945
4759725.24,2263759.2530000005,0.637536321669027
4759725.24,2268759.2530000005,0.6297144316006361
4759725.24,2273759.2530000005,0.6272139863890169
4759725.24,2278759.2530000005,0.6213801491991434
4759725.24,2283759.2530000005,0.6186717706036928
4759725.24,2288759.2530000005,0.6086994514432646
4759725.24,2293759.2530000005,0.5808977599364157
4759725.24,2298759.2530000005,0.5426680235999031
4759725.24,2303759.2530000005,0.5252782717367841
4759725.24,2308759.2530000005,0.5161842162996779
4759725.24,2313759.2530000005,0.5460468024935434
4759725.24,2318759.2530000005,0.5474289468872431
4759725.24,2323759.2530000005,0.5366734276429866
4759725.24,2328759.2530000005,0.534154575040931
4759725.24,2333759.2530000005,0.5338250333004675
4759725.24,2338759.2530000005,0.5351700811212219
4759725.24,2343759.2530000005,0.527879580541271
4759725.24,2348759.2530000005,0.5173217380003383
4759725.24,2353759.2530000005,0.43702711509589615
4759725.24,2358759.2530000005,0.4028909378657173
4759725.24,2363759.2530000005,0.38789780902809035
4759725.24,2368759.2530000005,0.387401797485046
4759725.24,2373759.2530000005,0.33970412599886457
4759725.24,2378759.2530000005,0.33349823177766164
4759725.24,2383759.2530000005,0.2722817204186575
4759725.24,2388759.2530000005,0.2654991231332729
4759725.24,2393759.2530000005,0.26030466480998243
4759725.24,2398759.2530000005,0.25655023587276193
4759725.24,2403759.2530000005,0.25401433070483914
4759725.24,2408759.2530000005,0.2504061339032805
4759725.24,2413759.2530000005,0.2497642747503002
4759725.24,2418759.2530000005,0.24962860750760402
4759725.24,2423759.2530000005,0.24985205777180877
4759725.24,2428759.2530000005,0.19830835859481458
4759725.24,2433759.2530000005,0.1962837624314271
4759725.24,2438759.2530000005,0.19438140582667607
4759725.24,2443759.2530000005,0.19262306180201452
4764725.24,2128759.2530000005,0.3690174041584168
4764725.24,2133759.2530000005,0.37470517374516943
4764725.24,2138759.2530000005,0.3735115334599412
4764725.24,2143759.2530000005,0.3739704134405711
4764725.24,2148759.2530000005,0.44697102182839193
4764725.24,2153759.2530000005,0.6739970382277158
4764725.24,2158759.2530000005,0.6997556704317336
4764725.24,2163759.2530000005,0.7262415767912227
4764725.24,2168759.2530000005,0.7378251583781906
4764725.24,2173759.2530000005,0.7494022055093207
4764725.24,2178759.2530000005,0.7550174466360707
4764725.24,2183759.2530000005,0.7553909146143712
4764725.24,2188759.2530000005,0.7122719046097392
4764725.24,2193759.2530000005,0.6654228209085166
4764725.24,2198759.2530000005,0.6285569495035545
4764725.24,2203759.2530000005,0.6600304813621235
4764725.24,2208759.2530000005,0.6518961833107411
4764725.24,2213759.2530000005,0.6564738207045631
4764725.24,2218759.2530000005,0.6670416844290257
4764725.24,2223759.2530000005,0.6747216660987968
4764725.24,2228759.2530000005,0.6794224782017834
4764725.24,2233759.2530000005,0.6850983236858315
4764725.24,2238759.2530000005,0.7099481749606736
4764725.24,2243759.2530000005,0.7122766019232418
4764725.24,2248759.2530000005,0.7053756820285452
4764725.24,2253759.2530000005,0.6435194459643604
4764725.24,2258759.2530000005,0.6195731309904318
4764725.24,2263759.2530000005,0.6466262269418482
4764725.24,2268759.2530000005,0.6147733422887638
4764725.24,2273759.2530000005,0.6261750968243741
4764725.24,2278759.2530000005,0.6307004729582093
4764725.24,2283759.2530000005,0.6204449689730691
4764725.24,2288759.2530000005,0.6156100764172062
4764725.24,2293759.2530000005,0.5959071824512499
4764725.24,2298759.2530000005,0.5464770009441878
4764725.24,2303759.2530000005,0.5459449312509158
4764725.24,2308759.2530000005,0.558182497621404
4764725.24,2313759.2530000005,0.5664733095435049
4764725.24,2318759.2530000005,0.5508360208542848
4764725.24,2323759.2530000005,0.5310725995022372
4764725.24,2328759.2530000005,0.5327426388386318
4764725.24,2333759.2530000005,0.5336137246694949
4764725.24,2338759.2530000005,0.5286854845684523
4764725.24,2343759.2530000005,0.5178138894494763
4764725.24,2348759.2530000005,0.47812476543611937
4764725.24,2353759.2530000005,0.417725244813891
4764725.24,2358759.2530000005,0.38786952234857636
4764725.24,2363759.2530000005,0.38700013382052084
4764725.24,2368759.2530000005,0.35491569753018587
4764725.24,2373759.2530000005,0.3377978325150726
4764725.24,2378759.2530000005,0.30354162438889964
4764725.24,2383759.2530000005,0.26786965105992094
4764725.24,2388759.2530000005,0.2603079520440524
4764725.24,2393759.2530000005,0.2548755452102616
4764725.24,2398759.2530000005,0.24917146906651477
4764725.24,2403759.2530000005,0.24724578404903286
4764725.24,2408759.2530000005,0.24631730940224403
4764725.24,2413759.2530000005,0.24612439476484135
4764725.24,2418759.2530000005,0.24644209284032928
4764725.24,2423759.2530000005,0.19947399456099718
4764725.24,2428759.2530000005,0.19720148587400613
4764725.24,2433759.2530000005,0.19503461307841446
4764725.24,2438759.2530000005,0.19301232172844038
4764725.24,2443759.2530000005,0.1911629626085462
4769725.24,2138759.2530000005,0.38292529173375817
4769725.24,2143759.2530000005,0.45615236221650796
4769725.24,2148759.2530000005,0.5782895489253427
4769725.24,2153759.2530000005,0.6574650238561539
4769725.24,2158759.2530000005,0.6779984676114558
4769725.24,2163759.2530000005,0.7038469742512123
4769725.24,2168759.2530000005,0.737577219255509
4769725.24,2173759.2530000005,0.7566389452240677
4769725.24,2178759.2530000005,0.7922790485526513
4769725.24,2183759.2530000005,0.7565827625689994
4769725.24,2188759.2530000005,0.7031001849714587
4769725.24,2193759.2530000005,0.6773476250924862
4769725.24,2198759.2530000005,0.6584793703089009
4769725.24,2203759.2530000005,0.6648418011983767
4769725.24,2208759.2530000005,0.6491352754110309
4769725.24,2213759.2530000005,0.658826016801931
4769725.24,2218759.2530000005,0.6679270716503254
4769725.24,2223759.2530000005,0.6749550622135241
4769725.24,2228759.2530000005,0.6953759369754642
4769725.24,2233759.2530000005,0.6746085494896985
4769725.24,2238759.2530000005,0.6720779315783664
4769725.24,2243759.2530000005,0.6799274012996792
4769725.24,2248759.2530000005,0.6655631435692483
4769725.24,2253759.2530000005,0.6245342603859335
4769725.24,2258759.2530000005,0.6257630036023196
4769725.24,2263759.2530000005,0.6056562206247988
4769725.24,2268759.2530000005,0.6026496773948047
4769725.24,2273759.2530000005,0.6177699328040831
4769725.24,2278759.2530000005,0.6273641567214704
4769725.24,2283759.2530000005,0.6250634834650458
4769725.24,2288759.2530000005,0.6176564217807264
4769725.24,2293759.2530000005,0.6039174900788399
4769725.24,2298759.2530000005,0.5542737098549049
4769725.24,2303759.2530000005,0.5585341949842303
4769725.24,2308759.2530000005,0.5610601491405671
4769725.24,2313759.2530000005,0.5544063364942986
4769725.24,2318759.2530000005,0.5444429455306882
4769725.24,2323759.2530000005,0.5307733939146919
4769725.24,2328759.2530000005,0.5334367854564713
4769725.24,2333759.2530000005,0.5311192441069839
4769725.24,2338759.2530000005,0.5232524640686721
4769725.24,2343759.2530000005,0.5120386220826951
4769725.24,2348759.2530000005,0.43888969852490756
4769725.24,2353759.2530000005,0.4004266342156731
4769725.24,2358759.2530000005,0.3864490284965747
4769725.24,2363759.2530000005,0.3857744057347353
4769725.24,2368759.2530000005,0.34537083748252856
4769725.24,2373759.2530000005,0.33444680546215
4769725.24,2378759.2530000005,0.29750783698299893
4769725.24,2383759.2530000005,0.26166920175731767
4769725.24,2388759.2530000005,0.25356512647574914
4769725.24,2393759.2530000005,0.24641577938018658
4769725.24,2398759.2530000005,0.24350997728371054
4769725.24,2403759.2530000005,0.2420744811538817
4769725.24,2408759.2530000005,0.24174012407331155
4769725.24,2413759.2530000005,0.2421683227838383
4769725.24,2418759.2530000005,0.20081668610328016
4769725.24,2423759.2530000005,0.19830855621562982
4769725.24,2428759.2530000005,0.19585606789166565
4769725.24,2433759.2530000005,0.19352642631175307
4769725.24,2438759.2530000005,0.1913743935773459
4769725.24,2443759.2530000005,0.18943528490087128
4769725.24,2448759.2530000005,0.18772503797705134
4774725.24,2143759.2530000005,0.5146375792041027
4774725.24,2148759.2530000005,0.6154108583290498
4774725.24,2153759.2530000005,0.6382558899753089
4774725.24,2158759.2530000005,0.6482143600680942
4774725.24,2163759.2530000005,0.6876234066503202
4774725.24,2168759.2530000005,0.7312244666895663
4774725.24,2173759.2530000005,0.7555048551759366
4774725.24,2178759.2530000005,0.7974485105009225
4774725.24,2183759.2530000005,0.767090339370611
4774725.24,2188759.2530000005,0.7060301200894641
4774725.24,2193759.2530000005,0.6914706167073156
4774725.24,2198759.2530000005,0.6833123328017707
4774725.24,2203759.2530000005,0.6594922369580377
4774725.24,2208759.2530000005,0.6598908386033
4774725.24,2213759.2530000005,0.6574173182491028
4774725.24,2218759.2530000005,0.6567521565761404
4774725.24,2223759.2530000005,0.6508723506671258
4774725.24,2228759.2530000005,0.6721577538485016
4774725.24,2233759.2530000005,0.6407192829928952
4774725.24,2238759.2530000005,0.6434926013518945
4774725.24,2243759.2530000005,0.6417706262551446
4774725.24,2248759.2530000005,0.6381368785456077
4774725.24,2253759.2530000005,0.6109702832465229
4774725.24,2258759.2530000005,0.5949384580217253
4774725.24,2263759.2530000005,0.5737920786393975
4774725.24,2268759.2530000005,0.5944208205516421
4774725.24,2273759.2530000005,0.6070405154196296
4774725.24,2278759.2530000005,0.6205736472563863
4774725.24,2283759.2530000005,0.6204974754818098
4774725.24,2288759.2530000005,0.6185296436052258
4774725.24,2293759.2530000005,0.6021637577323518
4774725.24,2298759.2530000005,0.562434156094157
4774725.24,2303759.2530000005,0.554270024665218
4774725.24,2308759.2530000005,0.5523557019645644
4774725.24,2313759.2530000005,0.5473047372335217
4774725.24,2318759.2530000005,0.5287452333364551
4774725.24,2323759.2530000005,0.5233112994230104
4774725.24,2328759.2530000005,0.5327267713626858
4774725.24,2333759.2530000005,0.5207448690105578
4774725.24,2338759.2530000005,0.5113746153744222
4774725.24,2343759.2530000005,0.49948509120405915
4774725.24,2348759.2530000005,0.4051760288833373
4774725.24,2353759.2530000005,0.385816626233976
4774725.24,2358759.2530000005,0.38432999454250977
4774725.24,2363759.2530000005,0.37143982841402395
4774725.24,2368759.2530000005,0.343836074640912
4774725.24,2373759.2530000005,0.3242687858595451
4774725.24,2378759.2530000005,0.2657900837193948
4774725.24,2383759.2530000005,0.2509224377500879
4774725.24,2388759.2530000005,0.24364696498333868
4774725.24,2393759.2530000005,0.23925674384253684
4774725.24,2398759.2530000005,0.236932287148553
4774725.24,2403759.2530000005,0.23623494791809546
4774725.24,2408759.2530000005,0.2367369586544003
4774725.24,2413759.2530000005,0.20226568646142054
4774725.24,2418759.2530000005,0.19960148000888306
4774725.24,2423759.2530000005,0.1968786354872151
4774725.24,2428759.2530000005,0.194207008925104
4774725.24,2433759.2530000005,0.19168985941690722
4774725.24,2438759.2530000005,0.18940123782056345
4774725.24,2443759.2530000005,0.187381416588417
4779725.24,2143759.2530000005,0.5958713486722704
4779725.24,2148759.2530000005,0.6240435599847778
4779725.24,2153759.2530000005,0.6278970679226407
4779725.24,2158759.2530000005,0.6553998771558321
4779725.24,2163759.2530000005,0.6862786557340188
4779725.24,2168759.2530000005,0.7114346136312774
4779725.24,2173759.2530000005,0.7456093752287075
4779725.24,2178759.2530000005,0.7570683232526028
4779725.24,2183759.2530000005,0.7536463029311312
4779725.24,2188759.2530000005,0.7132521750418732
4779725.24,2193759.2530000005,0.6943631917743635
4779725.24,2198759.2530000005,0.6950677748985402
4779725.24,2203759.2530000005,0.6622100364936617
4779725.24,2208759.2530000005,0.6595420447335844
4779725.24,2213759.2530000005,0.6492317461240878
4779725.24,2218759.2530000005,0.6511997167376515
4779725.24,2223759.2530000005,0.6488859841780451
4779725.24,2228759.2530000005,0.6455650568183423
4779725.24,2233759.2530000005,0.6005632187852789
4779725.24,2238759.2530000005,0.5659649069009973
4779725.24,2243759.2530000005,0.6219108345355523
4779725.24,2248759.2530000005,0.6128263255695846
4779725.24,2253759.2530000005,0.6041148259126474
4779725.24,2258759.2530000005,0.5969714794538773
4779725.24,2263759.2530000005,0.5904561287350186
4779725.24,2268759.2530000005,0.5925054075049291
4779725.24,2273759.2530000005,0.6061466743883558
4779725.24,2278759.2530000005,0.6152705321964967
4779725.24,2283759.2530000005,0.6160913880466646
4779725.24,2288759.2530000005,0.6038316779292787
4779725.24,2293759.2530000005,0.5770002231747396
4779725.24,2298759.2530000005,0.5610253693695502
4779725.24,2303759.2530000005,0.558375561618259
4779725.24,2308759.2530000005,0.5488874307188014
4779725.24,2313759.2530000005,0.5405991864709448
4779725.24,2318759.2530000005,0.5203329951740902
4779725.24,2323759.2530000005,0.5191150548804686
4779725.24,2328759.2530000005,0.5223582836416042
4779725.24,2333759.2530000005,0.5163581259313857
4779725.24,2338759.2530000005,0.49691955810925265
4779725.24,2343759.2530000005,0.45533018745082093
4779725.24,2348759.2530000005,0.387433505850163
4779725.24,2353759.2530000005,0.3814558755096519
4779725.24,2358759.2530000005,0.37413806313530934
4779725.24,2363759.2530000005,0.370525220322166
4779725.24,2368759.2530000005,0.33574354209709883
4779725.24,2373759.2530000005,0.3143545614684972
4779725.24,2378759.2530000005,0.2526357161530509
4779725.24,2383759.2530000005,0.24064005162022487
4779725.24,2388759.2530000005,0.23449782469857985
4779725.24,2393759.2530000005,0.23105459592572072
4779725.24,2398759.2530000005,0.22948526893531748
4779725.24,2403759.2530000005,0.22978538724834413
4779725.24,2408759.2530000005,0.21719125164180542
4779725.24,2413759.2530000005,0.20098223923218614
4779725.24,2418759.2530000005,0.1981060242115822
4779725.24,2423759.2530000005,0.1951000648982237
4779725.24,2428759.2530000005,0.19215574123473425
4779725.24,2433759.2530000005,0.18942627023222863
4779725.24,2438759.2530000005,0.18700442214891325
4779725.24,2443759.2530000005,0.18492828261281466
4779725.24,2448759.2530000005,0.18319683109482268
4784725.24,2148759.2530000005,0.6223520929597112
4784725.24,2153759.2530000005,0.6726635533285223
4784725.24,2158759.2530000005,0.7027494472016826
4784725.24,2163759.2530000005,0.6960151229911962
4784725.24,2168759.2530000005,0.7093616037676871
4784725.24,2173759.2530000005,0.7437537973499785
4784725.24,2178759.2530000005,0.7492888995257788
4784725.24,2183759.2530000005,0.7485539053921115
4784725.24,2188759.2530000005,0.7301305483449216
4784725.24,2193759.2530000005,0.7021806285743448
4784725.24,2198759.2530000005,0.6932624568677893
4784725.24,2203759.2530000005,0.6632658322128616
4784725.24,2208759.2530000005,0.6604624308828472
4784725.24,2213759.2530000005,0.6461669470089594
4784725.24,2218759.2530000005,0.648733561366702
4784725.24,2223759.2530000005,0.6479184241510317
4784725.24,2228759.2530000005,0.6393652121097836
4784725.24,2233759.2530000005,0.6178062724804702
4784725.24,2238759.2530000005,0.6087070629163874
4784725.24,2243759.2530000005,0.6199050357943825
4784725.24,2248759.2530000005,0.606448664367745
4784725.24,2253759.2530000005,0.5958006770900531
4784725.24,2258759.2530000005,0.5953632064034037
4784725.24,2263759.2530000005,0.5965847944506938
4784725.24,2268759.2530000005,0.6046540992233301
4784725.24,2273759.2530000005,0.6092421323079086
4784725.24,2278759.2530000005,0.6113804798379497
4784725.24,2283759.2530000005,0.6081269185270968
4784725.24,2288759.2530000005,0.5934720649911892
4784725.24,2293759.2530000005,0.5809978795252828
4784725.24,2298759.2530000005,0.5661387460895403
4784725.24,2303759.2530000005,0.5600350308312941
4784725.24,2308759.2530000005,0.5468260505925099
4784725.24,2313759.2530000005,0.535529452146566
4784725.24,2318759.2530000005,0.5195489133920691
4784725.24,2323759.2530000005,0.5206423197322705
4784725.24,2328759.2530000005,0.5212224099927394
4784725.24,2333759.2530000005,0.5035170091667784
4784725.24,2338759.2530000005,0.4665287635118006
4784725.24,2343759.2530000005,0.41746605412081284
4784725.24,2348759.2530000005,0.38129260564838796
4784725.24,2353759.2530000005,0.37658544868236093
4784725.24,2358759.2530000005,0.37411019440703114
4784725.24,2363759.2530000005,0.36371287539012287
4784725.24,2368759.2530000005,0.3284654241226047
4784725.24,2373759.2530000005,0.29773941903076223
4784725.24,2378759.2530000005,0.23743001608823758
4784725.24,2383759.2530000005,0.22670727457004777
4784725.24,2388759.2530000005,0.22470698015720544
4784725.24,2393759.2530000005,0.22233088830302422
4784725.24,2398759.2530000005,0.22120335721802062
4784725.24,2403759.2530000005,0.2229225289180998
4784725.24,2408759.2530000005,0.20205507348299584
4784725.24,2413759.2530000005,0.1994198974362676
4784725.24,2418759.2530000005,0.19622910706503682
4784725.24,2423759.2530000005,0.19283145332034388
4784725.24,2428759.2530000005,0.18955021938486138
4784725.24,2433759.2530000005,0.1865961840752039
4784725.24,2438759.2530000005,0.18406901572396267
4784725.24,2443759.2530000005,0.1819884821520982
4784725.24,2448759.2530000005,0.18032729989490517
4789725.24,2148759.2530000005,0.6487497522677568
4789725.24,2153759.2530000005,0.6702132746214985
4789725.24,2158759.2530000005,0.6835653384512015
4789725.24,2163759.2530000005,0.6889976030328047
4789725.24,2168759.2530000005,0.7085836905828067
4789725.24,2173759.2530000005,0.7252628953928824
4789725.24,2178759.2530000005,0.7385026420349432
4789725.24,2183759.2530000005,0.7414371249983226
4789725.24,2188759.2530000005,0.7308037651678481
4789725.24,2193759.2530000005,0.7065168734806772
4789725.24,2198759.2530000005,0.6988495708580952
4789725.24,2203759.2530000005,0.6637138147911084
4789725.24,2208759.2530000005,0.6612033078558738
4789725.24,2213759.2530000005,0.6437723760648066
4789725.24,2218759.2530000005,0.6461981390795926
4789725.24,2223759.2530000005,0.6459806299348023
4789725.24,2228759.2530000005,0.6408754525943312
4789725.24,2233759.2530000005,0.6320024135078204
4789725.24,2238759.2530000005,0.6283900435295943
4789725.24,2243759.2530000005,0.6151341452315233
4789725.24,2248759.2530000005,0.5954450103563357
4789725.24,2253759.2530000005,0.5954244615447223
4789725.24,2258759.2530000005,0.5981437713234276
4789725.24,2263759.2530000005,0.6032034233360163
4789725.24,2268759.2530000005,0.6094233994386304
4789725.24,2273759.2530000005,0.6171986544147341
4789725.24,2278759.2530000005,0.6274909646004803
4789725.24,2283759.2530000005,0.6077131453430273
4789725.24,2288759.2530000005,0.5901655677572673
4789725.24,2293759.2530000005,0.5912889166909887
4789725.24,2298759.2530000005,0.5648391645296813
4789725.24,2303759.2530000005,0.5583168101315021
4789725.24,2308759.2530000005,0.5508239461311503
4789725.24,2313759.2530000005,0.5165109699436794
4789725.24,2318759.2530000005,0.49918483670917807
4789725.24,2323759.2530000005,0.5214772740644253
4789725.24,2328759.2530000005,0.5102982102542669
4789725.24,2333759.2530000005,0.48924927999588436
4789725.24,2338759.2530000005,0.45250173112137854
4789725.24,2343759.2530000005,0.39751390581907897
4789725.24,2348759.2530000005,0.38641355791121734
4789725.24,2353759.2530000005,0.3778439669827713
4789725.24,2358759.2530000005,0.3672838419202501
4789725.24,2363759.2530000005,0.34960314129901254
4789725.24,2368759.2530000005,0.31731283579015523
4789725.24,2373759.2530000005,0.2644657742171973
4789725.24,2378759.2530000005,0.21224556305059383
4789725.24,2383759.2530000005,0.20637909633018173
4789725.24,2388759.2530000005,0.21709363251124444
4789725.24,2393759.2530000005,0.21246815753403336
4789725.24,2398759.2530000005,0.210962588712688
4789725.24,2403759.2530000005,0.2014250687360893
4789725.24,2408759.2530000005,0.20026719373552765
4789725.24,2413759.2530000005,0.19749678287142622
4789725.24,2418759.2530000005,0.19377325850695454
4789725.24,2423759.2530000005,0.18982907693756068
4789725.24,2428759.2530000005,0.18615867040289363
4789725.24,2433759.2530000005,0.18300940339410193
4789725.24,2438759.2530000005,0.18045391328152233
4789725.24,2443759.2530000005,0.17846549431730835
4789725.24,2448759.2530000005,0.1769724657395692
4789725.24,2453759.2530000005,0.17589045858154861
4794725.24,2148759.2530000005,0.6593514291680084
4794725.24,2153759.2530000005,0.6697299748315261
4794725.24,2158759.2530000005,0.6787221694720436
4794725.24,2163759.2530000005,0.6856625081934121
4794725.24,2168759.2530000005,0.7071368721733742
4794725.24,2173759.2530000005,0.7169249608843696
4794725.24,2178759.2530000005,0.7314198459171342
4794725.24,2183759.2530000005,0.7410828241557461
4794725.24,2188759.2530000005,0.7252368835508031
4794725.24,2193759.2530000005,0.7085085448754868
4794725.24,2198759.2530000005,0.7022989214520083
4794725.24,2203759.2530000005,0.6738842540928517
4794725.24,2208759.2530000005,0.6617855073945028
4794725.24,2213759.2530000005,0.6419724250065005
4794725.24,2218759.2530000005,0.6405173582945766
4794725.24,2223759.2530000005,0.6457810439640231
4794725.24,2228759.2530000005,0.6438974514438481
4794725.24,2233759.2530000005,0.6397019660476245
4794725.24,2238759.2530000005,0.637983130106358
4794725.24,2243759.2530000005,0.6184616653132325
4794725.24,2248759.2530000005,0.5951635053970462
4794725.24,2253759.2530000005,0.596177901604553
4794725.24,2258759.2530000005,0.6011374624170673
4794725.24,2263759.2530000005,0.605717143387692
4794725.24,2268759.2530000005,0.5884454449975217
4794725.24,2273759.2530000005,0.6029462770321558
4794725.24,2278759.2530000005,0.6119642535789896
4794725.24,2283759.2530000005,0.6005459394773591
4794725.24,2288759.2530000005,0.5843284801157285
4794725.24,2293759.2530000005,0.5692736290167132
4794725.24,2298759.2530000005,0.5224574685072836
4794725.24,2303759.2530000005,0.5385916464966747
4794725.24,2308759.2530000005,0.5140953148125964
4794725.24,2313759.2530000005,0.4670605731652801
4794725.24,2318759.2530000005,0.42179210351976376
4794725.24,2323759.2530000005,0.40987980971948385
4794725.24,2328759.2530000005,0.423533245817544
4794725.24,2333759.2530000005,0.44274902448525677
4794725.24,2338759.2530000005,0.4252545571547868
4794725.24,2343759.2530000005,0.39777542045339764
4794725.24,2348759.2530000005,0.37982685442512787
4794725.24,2353759.2530000005,0.37525827148431284
4794725.24,2358759.2530000005,0.34745183167059124
4794725.24,2363759.2530000005,0.3103329377641287
4794725.24,2368759.2530000005,0.30780830604835435
4794725.24,2373759.2530000005,0.24863445978232757
4794725.24,2378759.2530000005,0.19269245857039724
4794725.24,2383759.2530000005,0.18962289277235406
4794725.24,2388759.2530000005,0.22429162055083088
4794725.24,2393759.2530000005,0.19464265523130625
4794725.24,2398759.2530000005,0.19364946138028113
4794725.24,2403759.2530000005,0.19865253340321518
4794725.24,2408759.2530000005,0.1984178889808546
4794725.24,2413759.2530000005,0.1949838555048621
4794725.24,2418759.2530000005,0.19033020344880505
4794725.24,2423759.2530000005,0.18568217494798922
4794725.24,2428759.2530000005,0.1816472284736215
4794725.24,2433759.2530000005,0.1784270428159682
4794725.24,2438759.2530000005,0.17600413434918197
4794725.24,2443759.2530000005,0.17426806352512933
4794725.24,2448759.2530000005,0.17308525117071816
4794725.24,2453759.2530000005,0.17233100494179582
4794725.24,2458759.2530000005,0.17190074393486932
4794725.24,2463759.2530000005,0.17171140250457698
4799725.24,2148759.2530000005,0.6647158563927777
4799725.24,2153759.2530000005,0.6710300602761385
4799725.24,2158759.2530000005,0.6774475472812913
4799725.24,2163759.2530000005,0.6833754662421221
4799725.24,2168759.2530000005,0.6890958299211589
4799725.24,2173759.2530000005,0.7128213822277573
4799725.24,2178759.2530000005,0.7184382034167749
4799725.24,2183759.2530000005,0.7382243369371119
4799725.24,2188759.2530000005,0.7257145711068564
4799725.24,2193759.2530000005,0.7075517641631875
4799725.24,2198759.2530000005,0.6962784134316853
4799725.24,2203759.2530000005,0.6708434475486917
4799725.24,2208759.2530000005,0.6473622259159395
4799725.24,2213759.2530000005,0.6407698383391882
4799725.24,2218759.2530000005,0.6393621332528932
4799725.24,2223759.2530000005,0.6464114630727039
4799725.24,2228759.2530000005,0.6466062384942642
4799725.24,2233759.2530000005,0.644344631130743
4799725.24,2238759.2530000005,0.5612303870277254
4799725.24,2243759.2530000005,0.3757661911371168
4799725.24,2248759.2530000005,0.22475797120751237
4799725.24,2253759.2530000005,0.13883732417064912
4799725.24,2258759.2530000005,0.26850832764356725
4799725.24,2263759.2530000005,0.2949214415929428
4799725.24,2268759.2530000005,0.44122576478235787
4799725.24,2273759.2530000005,0.5116119531522496
4799725.24,2278759.2530000005,0.5752319576259578
4799725.24,2283759.2530000005,0.5930686831817968
4799725.24,2288759.2530000005,0.5791826512385891
4799725.24,2293759.2530000005,0.5614561495040742
4799725.24,2298759.2530000005,0.5388723682359299
4799725.24,2303759.2530000005,0.5221670279639182
4799725.24,2308759.2530000005,0.481858976567624
4799725.24,2313759.2530000005,0.40865376415234306
4799725.24,2318759.2530000005,0.3591551322250673
4799725.24,2323759.2530000005,0.36556821308032
4799725.24,2328759.2530000005,0.395635823799395
4799725.24,2333759.2530000005,0.42064675151245995
4799725.24,2338759.2530000005,0.42132866569289396
4799725.24,2343759.2530000005,0.41702033292036794
4799725.24,2348759.2530000005,0.38517429614715226
4799725.24,2353759.2530000005,0.3581246354188335
4799725.24,2358759.2530000005,0.3435680132275696
4799725.24,2363759.2530000005,0.31554319270987363
4799725.24,2368759.2530000005,0.3086666660110187
4799725.24,2373759.2530000005,0.25856248334458587
4799725.24,2378759.2530000005,0.22345408688554053
4799725.24,2383759.2530000005,0.23505310370152357
4799725.24,2388759.2530000005,0.3169856265604709
4799725.24,2393759.2530000005,0.17858437559222437
4799725.24,2398759.2530000005,0.1913949301000284
4799725.24,2403759.2530000005,0.1983394462146513
4799725.24,2408759.2530000005,0.19647039860827611
4799725.24,2413759.2530000005,0.19112974901399413
4799725.24,2418759.2530000005,0.18510339858528108
4799725.24,2423759.2530000005,0.17976382249593534
4799725.24,2428759.2530000005,0.1755925964014943
4799725.24,2433759.2530000005,0.1725948939043504
4799725.24,2438759.2530000005,0.17058486519452437
4799725.24,2443759.2530000005,0.16933766767129185
4799725.24,2448759.2530000005,0.16865230064139397
4799725.24,2453759.2530000005,0.1683689239301342
4799725.24,2458759.2530000005,0.1683674099352274
4804725.24,2143759.2530000005,0.6645920473683969
4804725.24,2148759.2530000005,0.6680112635983119
4804725.24,2153759.2530000005,0.6724169162938953
4804725.24,2158759.2530000005,0.6771682606669936
4804725.24,2163759.2530000005,0.6818435953644171
4804725.24,2168759.2530000005,0.686253380509268
4804725.24,2173759.2530000005,0.7105489758320549
4804725.24,2178759.2530000005,0.7149220966449391
4804725.24,2183759.2530000005,0.7242117275598556
4804725.24,2188759.2530000005,0.7294996051082764
4804725.24,2193759.2530000005,0.7074911219793912
4804725.24,2198759.2530000005,0.6970355681640575
4804725.24,2203759.2530000005,0.6920569065366168
4804725.24,2208759.2530000005,0.6527616038887092
4804725.24,2213759.2530000005,0.6446539919924609
4804725.24,2218759.2530000005,0.6388089578001448
4804725.24,2223759.2530000005,0.5972672786573149
4804725.24,2228759.2530000005,0.5327949802461159
4804725.24,2233759.2530000005,0.4420905734960248
4804725.24,2238759.2530000005,0.2905148316715961
4804725.24,2243759.2530000005,0.20909310686271834
4804725.24,2248759.2530000005,0.13797039347344153
4804725.24,2253759.2530000005,0.1381055594606294
4804725.24,2258759.2530000005,0.13865376782200653
4804725.24,2263759.2530000005,0.13988061422484285
4804725.24,2268759.2530000005,0.2362808357115971
4804725.24,2273759.2530000005,0.23906000080199277
4804725.24,2278759.2530000005,0.3625450570094183
4804725.24,2283759.2530000005,0.4974445736412908
4804725.24,2288759.2530000005,0.5786095722078685
4804725.24,2293759.2530000005,0.5544685489157868
4804725.24,2298759.2530000005,0.5281637336228241
4804725.24,2303759.2530000005,0.503699826740212
4804725.24,2308759.2530000005,0.43512241903268073
4804725.24,2313759.2530000005,0.36582607141130274
4804725.24,2318759.2530000005,0.3420854771375899
4804725.24,2323759.2530000005,0.32847457463511803
4804725.24,2328759.2530000005,0.3821455656313455
4804725.24,2333759.2530000005,0.42293187853264647
4804725.24,2338759.2530000005,0.42463663000314944
4804725.24,2343759.2530000005,0.41479225509343015
4804725.24,2348759.2530000005,0.4185810528150667
4804725.24,2353759.2530000005,0.37367294077547203
4804725.24,2358759.2530000005,0.34732753344012185
4804725.24,2363759.2530000005,0.3270198714085097
4804725.24,2368759.2530000005,0.31437586332344825
4804725.24,2373759.2530000005,0.2673837443897602
4804725.24,2378759.2530000005,0.24944949554296644
4804725.24,2383759.2530000005,0.2573162630444654
4804725.24,2388759.2530000005,0.28001087486901444
4804725.24,2393759.2530000005,0.23442305680631234
4804725.24,2398759.2530000005,0.20609118175613417
4804725.24,2403759.2530000005,0.19972864382249927
4804725.24,2408759.2530000005,0.19240037469233326
4804725.24,2413759.2530000005,0.18415781717340765
4804725.24,2418759.2530000005,0.17683605808303998
4804725.24,2423759.2530000005,0.17130544338109702
4804725.24,2428759.2530000005,0.16758535101794964
4804725.24,2433759.2530000005,0.16533129881768643
4804725.24,2438759.2530000005,0.16414405439471558
4804725.24,2443759.2530000005,0.16368911136825004
4804725.24,2448759.2530000005,0.16371882346641498
4804725.24,2453759.2530000005,0.16406009398669036
4809725.24,2148759.2530000005,0.6702420816070566
4809725.24,2153759.2530000005,0.6735503820444477
4809725.24,2158759.2530000005,0.6771731421437484
4809725.24,2163759.2530000005,0.6808206018223013
4809725.24,2168759.2530000005,0.6842625046469774
4809725.24,2173759.2530000005,0.7091947454901609
4809725.24,2178759.2530000005,0.7126666733375018
4809725.24,2183759.2530000005,0.7221770836346076
4809725.24,2188759.2530000005,0.7282111604771812
4809725.24,2193759.2530000005,0.7071680783096368
4809725.24,2198759.2530000005,0.7093876849398035
4809725.24,2203759.2530000005,0.6932127703681953
4809725.24,2208759.2530000005,0.6663756078825668
4809725.24,2213759.2530000005,0.6498436140246439
4809725.24,2218759.2530000005,0.5724874630708154
4809725.24,2223759.2530000005,0.4505463612210194
4809725.24,2228759.2530000005,0.4228828770794686
4809725.24,2233759.2530000005,0.27378392307230787
4809725.24,2238759.2530000005,0.1986181005780968
4809725.24,2243759.2530000005,0.13749488684474614
4809725.24,2248759.2530000005,0.1371949270945042
4809725.24,2253759.2530000005,0.13696510376428142
4809725.24,2258759.2530000005,0.1371676396192701
4809725.24,2263759.2530000005,0.13880285000184758
4809725.24,2268759.2530000005,0.23480368627903636
4809725.24,2273759.2530000005,0.24076095085233426
4809725.24,2278759.2530000005,0.24369653972403713
4809725.24,2283759.2530000005,0.24386441544659612
4809725.24,2288759.2530000005,0.4020091335200858
4809725.24,2293759.2530000005,0.4920851513773332
4809725.24,2298759.2530000005,0.4872696056514586
4809725.24,2303759.2530000005,0.4626915489781181
4809725.24,2308759.2530000005,0.4169093153543225
4809725.24,2313759.2530000005,0.3608108890429896
4809725.24,2318759.2530000005,0.33910995074682027
4809725.24,2323759.2530000005,0.3148200772906783
4809725.24,2328759.2530000005,0.37826741069106573
4809725.24,2333759.2530000005,0.407652344059117
4809725.24,2338759.2530000005,0.4054634686022888
4809725.24,2343759.2530000005,0.4164444771801919
4809725.24,2348759.2530000005,0.42030442870087176
4809725.24,2353759.2530000005,0.40761051451735214
4809725.24,2358759.2530000005,0.3767164019188711
4809725.24,2363759.2530000005,0.343641561743433
4809725.24,2368759.2530000005,0.3077139268170663
4809725.24,2373759.2530000005,0.27092082787005023
4809725.24,2378759.2530000005,0.25827177736624934
4809725.24,2383759.2530000005,0.2357636947870773
4809725.24,2388759.2530000005,0.23779136175159704
4809725.24,2393759.2530000005,0.22465641573024098
4809725.24,2398759.2530000005,0.20737192813816394
4809725.24,2403759.2530000005,0.1939010643363937
4809725.24,2408759.2530000005,0.18181519177702207
4809725.24,2413759.2530000005,0.17157741675672764
4809725.24,2418759.2530000005,0.1642282630012944
4809725.24,2423759.2530000005,0.1597464359246305
4809725.24,2428759.2530000005,0.1574701405206531
4809725.24,2433759.2530000005,0.15667383418480804
4809725.24,2438759.2530000005,0.1567954806630055
4809725.24,2443759.2530000005,0.15745513732099087
4809725.24,2448759.2530000005,0.15841148938539176
4809725.24,2453759.2530000005,0.159515980040997
4814725.24,2163759.2530000005,0.6801258075021666
4814725.24,2168759.2530000005,0.6828557531968488
4814725.24,2173759.2530000005,0.6852687354609335
4814725.24,2178759.2530000005,0.7111611420382715
4814725.24,2183759.2530000005,0.7136222215282987
4814725.24,2188759.2530000005,0.7223284532710877
4814725.24,2193759.2530000005,0.7183657575194419
4814725.24,2198759.2530000005,0.7093399986312101
4814725.24,2203759.2530000005,0.6799240557613246
4814725.24,2208759.2530000005,0.6666460315705892
4814725.24,2213759.2530000005,0.6505080926915611
4814725.24,2218759.2530000005,0.4328219775406174
4814725.24,2223759.2530000005,0.34220964318666985
4814725.24,2228759.2530000005,0.25587084931753157
4814725.24,2233759.2530000005,0.15999292704314091
4814725.24,2238759.2530000005,0.13744753694651368
4814725.24,2243759.2530000005,0.1369982354826187
4814725.24,2248759.2530000005,0.13637311655752904
4814725.24,2253759.2530000005,0.13547916050361786
4814725.24,2258759.2530000005,0.13429821617979254
4814725.24,2263759.2530000005,0.13441575873743578
4814725.24,2268759.2530000005,0.17132786939248515
4814725.24,2273759.2530000005,0.24806377650599115
4814725.24,2278759.2530000005,0.24900209870522952
4814725.24,2283759.2530000005,0.24598247371084236
4814725.24,2288759.2530000005,0.24405540328387576
4814725.24,2293759.2530000005,0.40177371979115606
4814725.24,2298759.2530000005,0.46677531531844324
4814725.24,2303759.2530000005,0.4452347071277119
4814725.24,2308759.2530000005,0.41340748868182375
4814725.24,2313759.2530000005,0.3643389797573753
4814725.24,2318759.2530000005,0.3522809280198155
4814725.24,2323759.2530000005,0.3580244913498123
4814725.24,2328759.2530000005,0.3867287473262058
4814725.24,2333759.2530000005,0.39689200422167353
4814725.24,2338759.2530000005,0.42337446326292677
4814725.24,2343759.2530000005,0.43131374236987663
4814725.24,2348759.2530000005,0.4238412679961828
4814725.24,2353759.2530000005,0.4138891457311497
4814725.24,2358759.2530000005,0.39131573923501295
4814725.24,2363759.2530000005,0.379961379330532
4814725.24,2368759.2530000005,0.3405900138893231
4814725.24,2373759.2530000005,0.2793341498476679
4814725.24,2378759.2530000005,0.2648170787290401
4814725.24,2383759.2530000005,0.2216589036260311
4814725.24,2388759.2530000005,0.2160972221030578
4814725.24,2393759.2530000005,0.20556954010128803
4814725.24,2398759.2530000005,0.19086562072226754
4814725.24,2403759.2530000005,0.1752172488062437
4814725.24,2408759.2530000005,0.16155191757215503
4814725.24,2413759.2530000005,0.15208580435399752
4814725.24,2418759.2530000005,0.14707195968490175
4814725.24,2423759.2530000005,0.14536846169395934
4814725.24,2428759.2530000005,0.14567028279736163
4814725.24,2433759.2530000005,0.14703348869932817
4814725.24,2438759.2530000005,0.14888706464142681
4814725.24,2443759.2530000005,0.1509140330837087
4814725.24,2448759.2530000005,0.1529476708659532
4819725.24,2208759.2530000005,0.6668801533240777
4819725.24,2213759.2530000005,0.5002826748958811
4819725.24,2218759.2530000005,0.33041622576141333
4819725.24,2223759.2530000005,0.24935921119349716
4819725.24,2228759.2530000005,0.13792996431388677
4819725.24,2233759.2530000005,0.13763149682436293
4819725.24,2238759.2530000005,0.13723069877383615
4819725.24,2243759.2530000005,0.1366640078057404
4819725.24,2248759.2530000005,0.13580141606888954
4819725.24,2253759.2530000005,0.13432882764098608
4819725.24,2258759.2530000005,0.13124361653552927
4819725.24,2263759.2530000005,0.12075507763887354
4819725.24,2268759.2530000005,0.1272714229877287
4819725.24,2273759.2530000005,0.27933739788264655
4819725.24,2278759.2530000005,0.253273566720802
4819725.24,2283759.2530000005,0.24722891804938935
4819725.24,2288759.2530000005,0.24454432971373444
4819725.24,2293759.2530000005,0.24302784427821741
4819725.24,2298759.2530000005,0.38282554857262535
4819725.24,2303759.2530000005,0.4371611519697303
4819725.24,2308759.2530000005,0.4039303510387911
4819725.24,2313759.2530000005,0.36511415469717234
4819725.24,2318759.2530000005,0.3671782720723423
4819725.24,2323759.2530000005,0.3754079118723128
4819725.24,2328759.2530000005,0.39886163904263877
4819725.24,2333759.2530000005,0.4138230162973775
4819725.24,2338759.2530000005,0.4195642348771514
4819725.24,2343759.2530000005,0.4229346356595252
4819725.24,2348759.2530000005,0.4202243518980031
4819725.24,2353759.2530000005,0.4227236445721246
4819725.24,2358759.2530000005,0.4112452724304168
4819725.24,2363759.2530000005,0.3911984157334277
4819725.24,2368759.2530000005,0.3501408461564116
4819725.24,2373759.2530000005,0.2859585538222302
4819725.24,2378759.2530000005,0.2148614343307999
4819725.24,2383759.2530000005,0.2056735807354261
4819725.24,2388759.2530000005,0.19501859548374645
4819725.24,2393759.2530000005,0.1808536863777874
4819725.24,2398759.2530000005,0.16348234197154374
4819725.24,2403759.2530000005,0.14633819809896553
4819725.24,2408759.2530000005,0.13392496435941773
4819725.24,2413759.2530000005,0.12810287334049944
4819725.24,2418759.2530000005,0.12749277092919245
4819725.24,2423759.2530000005,0.12980803544360556
4819725.24,2428759.2530000005,0.13336445727906932
4819725.24,2433759.2530000005,0.13723771078979743
4819725.24,2438759.2530000005,0.14099777053098492
4819725.24,2443759.2530000005,0.1444741781905779
4824725.24,2223759.2530000005,0.1381211537160149
4824725.24,2228759.2530000005,0.13788320604693605
4824725.24,2243759.2530000005,0.13659351561892105
4824725.24,2248759.2530000005,0.13574305590369767
4824725.24,2253759.2530000005,0.13437690626984047
4824725.24,2258759.2530000005,0.13198649089088127
4824725.24,2263759.2530000005,0.12844724456336895
4824725.24,2268759.2530000005,0.14615517844208406
4824725.24,2273759.2530000005,0.23426344452696438
4824725.24,2278759.2530000005,0.24903763654652888
4824725.24,2283759.2530000005,0.24601203493829105
4824725.24,2288759.2530000005,0.2440425522035397
4824725.24,2293759.2530000005,0.24277306745958746
4824725.24,2298759.2530000005,0.31757798202346643
4824725.24,2303759.2530000005,0.392930502225318
4824725.24,2308759.2530000005,0.38362184001134897
4824725.24,2313759.2530000005,0.372751467906025
4824725.24,2318759.2530000005,0.37611620247386685
4824725.24,2323759.2530000005,0.3889501935603546
4824725.24,2328759.2530000005,0.40263395710858957
4824725.24,2333759.2530000005,0.41651039066259365
4824725.24,2338759.2530000005,0.41687829839759233
4824725.24,2343759.2530000005,0.41866414350803716
4824725.24,2348759.2530000005,0.4183917165495424
4824725.24,2353759.2530000005,0.41744480844650056
4824725.24,2358759.2530000005,0.41289867651541523
4824725.24,2363759.2530000005,0.39648926588127326
4824725.24,2368759.2530000005,0.38736574277128627
4824725.24,2373759.2530000005,0.2908676626644153
4824725.24,2378759.2530000005,0.2007063377325702
4824725.24,2388759.2530000005,0.17305787545477364
4824725.24,2393759.2530000005,0.15447074089260687
4824725.24,2398759.2530000005,0.13413607752856166
4824725.24,2403759.2530000005,0.11688288951841466
4824725.24,2408759.2530000005,0.10732782112358594
4824725.24,2413759.2530000005,0.10586644764476855
4824725.24,2418759.2530000005,0.10965326283065692
4824725.24,2423759.2530000005,0.11571160275784897
4824725.24,2428759.2530000005,0.12222187312751034
4824725.24,2433759.2530000005,0.12835340822418217
4824725.24,2438759.2530000005,0.13382509518144556
4829725.24,2253759.2530000005,0.1353234000441518
4829725.24,2258759.2530000005,0.13448705537671957
4829725.24,2263759.2530000005,0.14453372546971624
4829725.24,2268759.2530000005,0.1636667248618686
4829725.24,2273759.2530000005,0.22428285143788848
4829725.24,2278759.2530000005,0.22807235638244844
4829725.24,2283759.2530000005,0.22829938896082128
4829725.24,2288759.2530000005,0.24288647962921334
4829725.24,2293759.2530000005,0.2421423621105521
4829725.24,2298759.2530000005,0.24152857059005683
4829725.24,2303759.2530000005,0.33199739131066125
4829725.24,2308759.2530000005,0.3871020905514189
4829725.24,2313759.2530000005,0.38383618297780714
4829725.24,2318759.2530000005,0.38751726832651384
4829725.24,2323759.2530000005,0.38908496846078783
4829725.24,2328759.2530000005,0.4012706439957085
4829725.24,2333759.2530000005,0.4141431450290714
4829725.24,2338759.2530000005,0.4156968745940707
4829725.24,2343759.2530000005,0.4167376040337929
4829725.24,2348759.2530000005,0.4169540309031469
4829725.24,2353759.2530000005,0.4166518905592364
4829725.24,2358759.2530000005,0.41619518535770933
4829725.24,2363759.2530000005,0.41113516634501457
4829725.24,2368759.2530000005,0.39459614750864486
4829725.24,2373759.2530000005,0.25462683858934004
4829725.24,2408759.2530000005,0.0898397009392016
4829725.24,2413759.2530000005,0.09106406367190135
4829725.24,2418759.2530000005,0.09725950039751788
4829725.24,2423759.2530000005,0.10542552010756327
4829725.24,2428759.2530000005,0.11372757054627626
4829725.24,2433759.2530000005,0.12133433077234061
4834725.24,2258759.2530000005,0.146545632179118
4834725.24,2263759.2530000005,0.14760628321763364
4834725.24,2268759.2530000005,0.16502142209906728
4834725.24,2273759.2530000005,0.22212528340771215
4834725.24,2278759.2530000005,0.22473585028763074
4834725.24,2283759.2530000005,0.22580492226352336
4834725.24,2288759.2530000005,0.22594629973295033
4834725.24,2293759.2530000005,0.22571011758184037
4834725.24,2298759.2530000005,0.2410277417567648
4834725.24,2303759.2530000005,0.2869606004762234
4834725.24,2308759.2530000005,0.3855883579281485
4834725.24,2313759.2530000005,0.3876778081603752
4834725.24,2318759.2530000005,0.39083981670600776
4834725.24,2323759.2530000005,0.3983630352983255
4834725.24,2328759.2530000005,0.4165743108643352
4834725.24,2333759.2530000005,0.41415082713391554
4834725.24,2338759.2530000005,0.4150552519018559
4834725.24,2343759.2530000005,0.4157207304104135
4834725.24,2348759.2530000005,0.4160012171581675
4834725.24,2353759.2530000005,0.41596247386922647
4834725.24,2358759.2530000005,0.4157531724734288
4834725.24,2363759.2530000005,0.41172527260382974
4834725.24,2368759.2530000005,0.3968282168587295
4834725.24,2408759.2530000005,0.08308846223204093
4839725.24,2258759.2530000005,0.14806868955136487
4839725.24,2263759.2530000005,0.14896689356096504
4839725.24,2268759.2530000005,0.16560291108079278
4839725.24,2273759.2530000005,0.22144094027040498
4839725.24,2278759.2530000005,0.22315919570224999
4839725.24,2283759.2530000005,0.22420399775116115
4839725.24,2288759.2530000005,0.22466071887284014
4839725.24,2293759.2530000005,0.22475479802713666
4839725.24,2298759.2530000005,0.22466440779963318
4839725.24,2303759.2530000005,0.28547096183681314
4839725.24,2308759.2530000005,0.38824734354191975
4839725.24,2313759.2530000005,0.3901993931846781
4839725.24,2318759.2530000005,0.38886573996996016
4839725.24,2323759.2530000005,0.3993370204647942
4839725.24,2328759.2530000005,0.4168370283194633
4839725.24,2333759.2530000005,0.4140698980329905
4839725.24,2338759.2530000005,0.4146557348693773
4839725.24,2343759.2530000005,0.4151131172018574
4839725.24,2348759.2530000005,0.4153674443719097
4839725.24,2353759.2530000005,0.4154273775826614
4839725.24,2358759.2530000005,0.4153524390642445
4839725.24,2363759.2530000005,0.415206285031413
4839725.24,2368759.2530000005,0.3075783274669261
4844725.24,2268759.2530000005,0.16591839106706197
4844725.24,2278759.2530000005,0.22235418686630717
4844725.24,2283759.2530000005,0.22321522188005508
4844725.24,2288759.2530000005,0.22372982783419448
4844725.24,2293759.2530000005,0.22397346171506055
4844725.24,2298759.2530000005,0.22403994961447837
4844725.24,2303759.2530000005,0.28438560419448755
4844725.24,2308759.2530000005,0.3868321556108941
4844725.24,2313759.2530000005,0.3878794492196776
4844725.24,2318759.2530000005,0.3900425231051836
4844725.24,2323759.2530000005,0.39986000954292056
4844725.24,2328759.2530000005,0.41697139812965867
4844725.24,2333759.2530000005,0.41397552719166303
4844725.24,2338759.2530000005,0.4143838787227714
4844725.24,2343759.2530000005,0.41471585330849653
4844725.24,2348759.2530000005,0.4149302080977578
4844725.24,2358759.2530000005,0.4150161930576824
4844725.24,2363759.2530000005,0.41494508977353833
4844725.24,2368759.2530000005,0.2959789423301475
4844725.24,2373759.2530000005,0.25838467366145623
4844725.24,2378759.2530000005,0.18496897206350654
4849725.24,2293759.2530000005,0.22336688228116655
4849725.24,2298759.2530000005,0.2235155115067844
4849725.24,2303759.2530000005,0.2235647949393658
4849725.24,2308759.2530000005,0.37333937377586646
4849725.24,2313759.2530000005,0.3889860831122895
4849725.24,2318759.2530000005,0.39077616585839886
4849725.24,2323759.2530000005,0.40014303959300335
4849725.24,2328759.2530000005,0.41704301686354356
4849725.24,2333759.2530000005,0.413887081827343
4849725.24,2338759.2530000005,0.4141871891662817
4849725.24,2378759.2530000005,0.1855181080483362
4849725.24,2383759.2530000005,0.1525038777095515
4854725.24,2293759.2530000005,0.22290546654938648
4854725.24,2298759.2530000005,0.22308956942022565
4854725.24,2303759.2530000005,0.22318866543150914
4854725.24,2308759.2530000005,0.3740370462054011
4854725.24,2313759.2530000005,0.3897480613976001
4854725.24,2318759.2530000005,0.3991528924411222
4854725.24,2323759.2530000005,0.4002926604897321
4854725.24,2328759.2530000005,0.413567263465801
4859725.24,2298759.2530000005,0.2227489556507649
4859725.24,2303759.2530000005,0.2228733783409272
4859725.24,2308759.2530000005,0.3449281167654038
4859725.24,2313759.2530000005,0.3902807573189286
4859725.24,2318759.2530000005,0.3994256157809182
4859725.24,2323759.2530000005,0.4003655249069024
4859725.24,2328759.2530000005,0.4135496941725743
4864725.24,2303759.2530000005,0.22261229312710862
4864725.24,2308759.2530000005,0.27313605296626464
4864725.24,2313759.2530000005,0.39171899235939317
4864725.24,2318759.2530000005,0.39960653113159117
4864725.24,2323759.2530000005,0.4003931220652016
4864725.24,2328759.2530000005,0.41352719601191473
4864725.24,2333759.2530000005,0.4136819458591495
4869725.24,2303759.2530000005,0.2223971777243882
4869725.24,2308759.2530000005,0.26034533992759745
4869725.24,2313759.2530000005,0.3920002426597096
4869725.24,2318759.2530000005,0.39972673091755173
4869725.24,2323759.2530000005,0.40039362231578446
4869725.24,2328759.2530000005,0.41350305891823647
4869725.24,2333759.2530000005,0.4136306995010103
4874725.24,2308759.2530000005,0.25998266562949884
4874725.24,2313759.2530000005,0.392203251068174
4874725.24,2318759.2530000005,0.3998059154296006
4874725.24,2323759.2530000005,0.40037784083292366
4874725.24,2328759.2530000005,0.41347893848833717
4874725.24,2333759.2530000005,0.413585912158804
4874725.24,2338759.2530000005,0.41368713540186813
4879725.24,2313759.2530000005,0.3986031524736041
4879725.24,2318759.2530000005,0.3998569006603985
4879725.24,2323759.2530000005,0.40035237852444766
4879725.24,2328759.2530000005,0.4134556529579517
4879725.24,2333759.2530000005,0.4135465363270008
4879725.24,2338759.2530000005,0.41363262752326646
4879725.24,2343759.2530000005,0.4137108456727714
4884725.24,2318759.2530000005,0.3998882193850382
4884725.24,2323759.2530000005,0.40032134376192713
4884725.24,2328759.2530000005,0.4134335809852896
4884725.24,2333759.2530000005,0.4135117073745503
4884725.24,2338759.2530000005,0.4135858115724675
4884725.24,2343759.2530000005,0.4136536022396381
4884725.24,2348759.2530000005,0.41371316778611383
4889725.24,2323759.2530000005,0.4002873300833904
4889725.24,2328759.2530000005,0.41341286751946454
4889725.24,2333759.2530000005,0.41348071821706467
4889725.24,2338759.2530000005,0.4135451680138699
4889725.24,2343759.2530000005,0.41360447833617825
4889725.24,2348759.2530000005,0.3573891484754366
4889725.24,2353759.2530000005,0.296596614442656
4894725.24,2328759.2530000005,0.41339353344732654
4894725.24,2333759.2530000005,0.41345299122974183
4894725.24,2338759.2530000005,0.41350955252370836
4894725.24,2343759.2530000005,0.4135618748650828
4894725.24,2348759.2530000005,0.3022632611990122
4894725.24,2353759.2530000005,0.29389083857156256
4894725.24,2358759.2530000005,0.28468838978369165
4899725.24,2333759.2530000005,0.4134280531648606
4899725.24,2338759.2530000005,0.41347808699400657
